1,1,0.00,8.28,351.31,1061.34,0.9419,-1,-1,-1
1,2,403.76,277.12,108.38,319.52,0.8871,-1,-1,-1
1,3,545.23,271.15,96.08,316.78,0.8846,-1,-1,-1
1,4,874.73,152.86,241.08,625.69,0.8442,-1,-1,-1
2,1,-3.40,6.69,353.32,1067.92,0.9475,-1,-1,-1
2,2,399.10,272.24,109.29,322.10,0.8921,-1,-1,-1
2,3,541.81,266.93,97.59,321.72,0.8821,-1,-1,-1
2,4,867.40,149.40,241.96,628.31,0.8476,-1,-1,-1
3,1,-5.57,5.58,352.78,1067.46,0.9500,-1,-1,-1
3,2,391.92,271.64,109.80,323.60,0.9089,-1,-1,-1
3,3,535.97,264.21,99.80,329.20,0.8743,-1,-1,-1
3,4,859.91,151.77,241.24,627.54,0.8588,-1,-1,-1
4,1,-11.31,3.96,351.92,1068.02,0.9462,-1,-1,-1
4,2,383.39,267.58,111.79,329.36,0.9157,-1,-1,-1
4,3,530.50,264.42,100.27,331.24,0.8795,-1,-1,-1
4,4,858.59,153.10,240.73,628.47,0.8707,-1,-1,-1
5,1,-17.61,3.39,348.90,1064.55,0.9410,-1,-1,-1
5,2,375.66,262.96,113.23,334.00,0.9178,-1,-1,-1
5,3,525.02,262.62,101.04,334.38,0.8844,-1,-1,-1
5,4,860.10,152.46,241.09,633.87,0.8383,-1,-1,-1
6,1,-24.18,17.88,342.80,1054.87,0.9103,-1,-1,-1
6,2,370.41,260.46,113.91,336.28,0.9154,-1,-1,-1
6,3,520.15,261.98,101.56,336.14,0.8873,-1,-1,-1
6,4,864.14,151.57,236.44,627.09,0.8324,-1,-1,-1
6,6,1046.35,294.26,81.17,347.87,0.5892,-1,-1,-1
7,1,-24.57,61.54,324.99,1009.50,0.9236,-1,-1,-1
7,2,362.98,259.39,114.76,338.73,0.9087,-1,-1,-1
7,3,514.79,259.05,103.52,343.44,0.8790,-1,-1,-1
7,4,870.28,151.46,231.77,622.11,0.8482,-1,-1,-1
7,6,1043.49,296.19,81.26,347.96,0.6515,-1,-1,-1
8,1,-26.29,82.64,313.81,986.32,0.9122,-1,-1,-1
8,2,354.60,258.69,116.55,343.20,0.9015,-1,-1,-1
8,3,509.48,261.06,104.28,346.82,0.9012,-1,-1,-1
8,4,870.98,150.83,230.22,625.93,0.8147,-1,-1,-1
8,6,1041.02,298.59,81.12,346.51,0.7149,-1,-1,-1
8,7,860.39,264.89,78.10,293.59,0.6073,-1,-1,-1
9,1,-36.45,96.79,303.31,972.58,0.8746,-1,-1,-1
9,2,349.08,259.35,117.40,345.00,0.8941,-1,-1,-1
9,3,505.46,261.16,104.67,348.16,0.9065,-1,-1,-1
9,4,869.27,152.77,227.05,625.02,0.7965,-1,-1,-1
9,6,1038.22,302.22,81.52,347.81,0.7265,-1,-1,-1
9,7,859.52,266.17,77.60,291.95,0.6024,-1,-1,-1
10,1,-41.98,103.51,293.44,963.44,0.7700,-1,-1,-1
10,2,344.88,258.88,118.21,347.35,0.8853,-1,-1,-1
10,3,500.78,263.15,105.10,349.17,0.8799,-1,-1,-1
10,4,865.70,155.75,223.88,623.29,0.8527,-1,-1,-1
10,6,1036.06,298.26,83.21,355.50,0.6750,-1,-1,-1
10,7,858.10,262.32,79.82,301.17,0.6646,-1,-1,-1
10,8,721.75,325.20,37.85,129.58,0.6096,-1,-1,-1
11,1,-50.58,110.53,282.41,956.92,0.7948,-1,-1,-1
11,2,338.79,261.01,119.06,348.90,0.8730,-1,-1,-1
11,3,494.57,261.91,106.79,353.92,0.8844,-1,-1,-1
11,4,862.74,155.90,222.98,628.74,0.8549,-1,-1,-1
11,6,1033.66,293.39,84.62,363.96,0.7497,-1,-1,-1
11,7,856.91,273.68,77.50,293.95,0.6288,-1,-1,-1
11,8,720.39,327.30,37.16,127.13,0.6067,-1,-1,-1
11,9,779.84,317.21,43.54,135.62,0.6538,-1,-1,-1
12,1,-29.93,116.40,221.88,763.86,0.8106,-1,-1,-1
12,2,330.05,263.39,120.76,352.03,0.8961,-1,-1,-1
12,3,490.33,258.85,108.55,358.99,0.8730,-1,-1,-1
12,4,856.29,156.59,221.90,632.96,0.8769,-1,-1,-1
12,6,1030.66,292.18,84.86,368.14,0.7575,-1,-1,-1
12,7,855.24,255.88,81.53,312.51,0.4356,-1,-1,-1
12,8,719.16,328.51,38.05,129.93,0.6693,-1,-1,-1
12,9,779.54,317.57,44.03,136.64,0.6479,-1,-1,-1
13,1,-18.91,137.23,179.64,628.39,0.7814,-1,-1,-1
13,2,323.43,264.01,123.27,356.74,0.9048,-1,-1,-1
13,3,484.86,256.03,110.14,362.72,0.8837,-1,-1,-1
13,4,850.80,155.99,221.16,636.78,0.8677,-1,-1,-1
13,6,1030.31,295.54,82.74,360.64,0.7552,-1,-1,-1
13,7,856.46,263.00,78.14,302.71,0.3603,-1,-1,-1
13,8,717.75,329.31,38.64,131.88,0.6127,-1,-1,-1
13,9,778.29,319.56,44.08,136.00,0.6412,-1,-1,-1
14,1,-22.10,173.85,160.98,578.30,0.6631,-1,-1,-1
14,2,318.15,265.46,125.32,360.19,0.9131,-1,-1,-1
14,3,480.68,254.94,111.41,365.42,0.8926,-1,-1,-1
14,4,844.91,154.54,220.92,640.68,0.8293,-1,-1,-1
14,6,1028.19,291.57,83.16,365.09,0.7521,-1,-1,-1
14,8,716.94,329.39,39.01,132.67,0.6398,-1,-1,-1
14,9,776.70,322.22,42.88,131.75,0.6651,-1,-1,-1
15,2,316.52,267.97,126.09,361.55,0.9123,-1,-1,-1
15,3,477.78,255.10,112.35,366.53,0.8941,-1,-1,-1
15,4,838.08,153.48,220.26,641.89,0.8430,-1,-1,-1
15,6,1026.08,285.44,84.09,371.25,0.7528,-1,-1,-1
15,8,716.70,330.69,38.95,131.53,0.6103,-1,-1,-1
15,9,776.01,321.63,42.82,130.93,0.6515,-1,-1,-1
16,2,312.43,269.44,127.82,364.32,0.9181,-1,-1,-1
16,3,476.00,255.55,113.79,368.87,0.8964,-1,-1,-1
16,4,834.96,153.55,220.43,644.52,0.8483,-1,-1,-1
16,6,1024.55,277.47,85.70,380.09,0.6040,-1,-1,-1
16,8,716.73,331.18,39.00,130.77,0.6271,-1,-1,-1
16,9,775.25,322.26,43.04,130.47,0.6558,-1,-1,-1
17,2,310.16,274.47,129.01,366.22,0.9001,-1,-1,-1
17,3,474.20,256.35,115.22,371.04,0.9016,-1,-1,-1
17,4,833.75,154.64,221.04,647.72,0.8710,-1,-1,-1
17,6,1023.46,274.71,86.03,380.59,0.6875,-1,-1,-1
17,8,716.51,331.86,39.89,132.81,0.6995,-1,-1,-1
17,9,774.73,324.42,43.61,130.51,0.6582,-1,-1,-1
18,2,309.72,278.63,129.65,367.00,0.8955,-1,-1,-1
18,3,472.67,258.20,117.22,374.30,0.8963,-1,-1,-1
18,4,832.86,157.80,221.63,651.90,0.8930,-1,-1,-1
18,6,1021.53,267.33,87.40,385.83,0.6977,-1,-1,-1
18,8,716.54,333.97,40.44,133.53,0.4771,-1,-1,-1
19,2,302.62,281.66,133.12,372.92,0.9018,-1,-1,-1
19,3,471.22,260.87,119.72,378.53,0.8815,-1,-1,-1
19,4,832.98,160.92,220.60,654.71,0.8891,-1,-1,-1
19,6,1017.57,256.23,90.39,397.26,0.7833,-1,-1,-1
19,8,717.15,337.71,41.45,136.46,0.5435,-1,-1,-1
19,9,775.78,333.74,43.53,128.77,0.5814,-1,-1,-1
20,2,300.58,287.43,135.37,375.99,0.9020,-1,-1,-1
20,3,471.56,269.82,120.94,379.51,0.8833,-1,-1,-1
20,4,834.72,166.05,218.53,655.78,0.8812,-1,-1,-1
20,6,1014.55,250.93,93.16,407.27,0.7966,-1,-1,-1
20,8,717.81,342.52,41.86,138.01,0.6341,-1,-1,-1
20,9,776.42,337.16,43.92,128.22,0.6716,-1,-1,-1
21,2,303.52,287.69,138.31,383.09,0.9164,-1,-1,-1
21,3,473.86,273.61,124.24,386.88,0.8783,-1,-1,-1
21,4,843.22,168.52,215.90,657.45,0.8599,-1,-1,-1
21,6,1018.60,248.54,95.70,413.31,0.8499,-1,-1,-1
21,9,778.77,345.45,43.30,122.13,0.3031,-1,-1,-1
22,2,316.50,288.03,140.04,386.82,0.8898,-1,-1,-1
22,3,488.12,276.13,126.20,392.24,0.8878,-1,-1,-1
22,4,860.03,168.43,214.27,660.52,0.8817,-1,-1,-1
22,6,1029.80,248.87,97.84,418.25,0.8607,-1,-1,-1
23,2,327.74,290.84,140.94,388.01,0.8905,-1,-1,-1
23,3,501.54,280.09,127.06,393.80,0.8937,-1,-1,-1
23,4,869.62,171.01,212.43,661.17,0.8970,-1,-1,-1
23,6,1041.50,252.39,98.99,416.61,0.8769,-1,-1,-1
23,8,708.53,364.15,38.98,128.82,0.5422,-1,-1,-1
24,2,338.28,293.87,142.56,391.19,0.9044,-1,-1,-1
24,3,512.63,284.33,128.04,395.59,0.8930,-1,-1,-1
24,4,875.36,173.73,211.80,660.57,0.8995,-1,-1,-1
24,6,1051.88,255.62,100.84,415.91,0.8679,-1,-1,-1
24,8,715.62,369.33,38.14,125.94,0.5880,-1,-1,-1
25,2,350.23,295.10,142.71,391.09,0.9079,-1,-1,-1
25,3,521.23,285.28,131.12,404.35,0.8992,-1,-1,-1
25,4,876.54,174.56,211.34,657.93,0.8938,-1,-1,-1
25,6,1062.62,258.91,103.02,416.34,0.8748,-1,-1,-1
25,8,726.80,370.06,38.16,125.91,0.5244,-1,-1,-1
25,9,775.83,351.75,48.85,138.95,0.5230,-1,-1,-1
26,2,362.39,296.21,145.07,396.27,0.9094,-1,-1,-1
26,3,534.06,292.49,131.98,407.02,0.8862,-1,-1,-1
26,4,881.99,175.29,211.24,654.45,0.9018,-1,-1,-1
26,6,1075.02,261.27,106.57,419.39,0.8763,-1,-1,-1
27,2,376.21,298.96,145.68,398.52,0.8970,-1,-1,-1
27,3,547.74,293.20,134.13,413.52,0.8925,-1,-1,-1
27,4,887.01,177.57,213.29,655.64,0.8935,-1,-1,-1
27,6,1090.10,265.21,109.32,417.86,0.8774,-1,-1,-1
28,2,383.80,304.11,146.97,402.14,0.9021,-1,-1,-1
28,3,557.71,297.25,134.82,416.07,0.8959,-1,-1,-1
28,4,891.82,183.80,215.83,658.27,0.9047,-1,-1,-1
28,6,1098.62,271.73,112.13,417.73,0.8972,-1,-1,-1
29,2,388.90,308.67,147.71,406.01,0.9075,-1,-1,-1
29,3,563.39,298.67,135.67,418.84,0.8898,-1,-1,-1
29,4,889.94,189.47,217.09,660.00,0.9041,-1,-1,-1
29,6,1103.94,277.33,115.93,422.06,0.8950,-1,-1,-1
30,2,394.03,311.94,149.47,412.20,0.9132,-1,-1,-1
30,3,568.87,299.37,136.12,419.16,0.8976,-1,-1,-1
30,4,891.65,194.39,218.21,661.45,0.8960,-1,-1,-1
30,6,1111.37,280.14,121.12,429.36,0.8867,-1,-1,-1
30,14,827.74,371.65,43.72,139.99,0.6615,-1,-1,-1
31,2,397.46,317.64,151.03,417.96,0.9191,-1,-1,-1
31,3,573.28,301.62,136.51,420.26,0.8783,-1,-1,-1
31,4,892.88,199.79,220.07,664.82,0.9098,-1,-1,-1
31,6,1116.67,283.95,125.14,433.17,0.8957,-1,-1,-1
31,14,835.44,380.84,42.14,134.83,0.3308,-1,-1,-1
31,9,787.87,391.12,43.85,126.02,0.5473,-1,-1,-1
32,2,399.79,323.12,151.50,420.77,0.9269,-1,-1,-1
32,3,576.61,304.59,138.40,427.72,0.8931,-1,-1,-1
32,4,895.08,206.77,222.22,668.27,0.9035,-1,-1,-1
32,6,1118.55,288.79,128.07,433.29,0.8951,-1,-1,-1
32,14,839.09,383.71,44.15,141.41,0.5315,-1,-1,-1
32,9,793.52,399.59,43.73,125.89,0.3581,-1,-1,-1
33,2,402.53,328.86,151.80,422.15,0.9243,-1,-1,-1
33,3,580.76,307.16,139.64,431.76,0.8975,-1,-1,-1
33,4,898.50,211.78,223.76,669.92,0.9045,-1,-1,-1
33,6,1122.59,296.00,130.98,431.56,0.8852,-1,-1,-1
33,14,845.15,388.73,44.57,142.85,0.5753,-1,-1,-1
34,2,400.40,332.89,153.77,428.72,0.9146,-1,-1,-1
34,3,584.08,308.89,140.46,435.85,0.9027,-1,-1,-1
34,4,902.82,218.90,226.09,673.00,0.9032,-1,-1,-1
34,6,1124.86,301.23,132.95,427.61,0.8747,-1,-1,-1
34,14,849.15,393.65,45.44,145.46,0.6965,-1,-1,-1
35,2,398.64,336.72,155.40,433.38,0.8876,-1,-1,-1
35,3,587.29,312.20,140.86,439.33,0.9021,-1,-1,-1
35,4,906.54,226.26,227.99,677.28,0.8105,-1,-1,-1
35,6,1127.05,305.61,134.77,423.43,0.8866,-1,-1,-1
35,14,851.90,397.31,45.99,146.90,0.6291,-1,-1,-1
36,2,393.78,339.62,156.82,439.03,0.9092,-1,-1,-1
36,3,591.11,317.54,141.58,441.82,0.9001,-1,-1,-1
36,4,908.92,231.85,229.22,679.32,0.9057,-1,-1,-1
36,6,1128.25,310.99,136.59,420.64,0.9037,-1,-1,-1
37,2,388.09,341.84,158.09,445.70,0.9174,-1,-1,-1
37,3,591.40,322.09,141.96,445.52,0.8803,-1,-1,-1
37,4,909.40,239.79,229.86,679.84,0.9093,-1,-1,-1
37,6,1130.35,315.08,139.77,423.12,0.9115,-1,-1,-1
37,14,862.05,413.61,42.54,135.95,0.5215,-1,-1,-1
38,2,382.64,345.40,158.71,449.07,0.9121,-1,-1,-1
38,3,591.24,328.28,143.03,450.86,0.8890,-1,-1,-1
38,4,913.31,246.29,229.55,679.41,0.9002,-1,-1,-1
38,6,1131.29,320.04,141.77,422.58,0.9051,-1,-1,-1
38,14,865.76,419.55,41.96,134.01,0.5863,-1,-1,-1
39,2,377.68,349.59,159.95,453.47,0.9174,-1,-1,-1
39,3,589.38,333.24,145.48,460.92,0.9002,-1,-1,-1
39,4,918.93,253.04,228.79,680.06,0.8999,-1,-1,-1
39,6,1133.07,326.40,144.47,426.84,0.8975,-1,-1,-1
40,2,373.30,355.13,160.86,456.50,0.9074,-1,-1,-1
40,3,587.19,341.01,147.09,467.09,0.8745,-1,-1,-1
40,4,922.61,256.63,228.85,684.95,0.8959,-1,-1,-1
40,6,1135.40,333.08,146.50,429.77,0.8915,-1,-1,-1
41,2,364.09,356.78,162.57,459.21,0.9112,-1,-1,-1
41,3,584.03,343.44,148.28,472.46,0.8799,-1,-1,-1
41,4,923.49,260.01,226.82,683.31,0.9024,-1,-1,-1
41,6,1137.69,338.34,147.22,430.15,0.8923,-1,-1,-1
42,2,353.28,358.38,165.23,464.41,0.9252,-1,-1,-1
42,3,578.62,347.69,150.34,480.54,0.8157,-1,-1,-1
42,4,926.39,266.04,222.93,676.13,0.9082,-1,-1,-1
42,6,1138.06,346.22,147.07,428.99,0.8924,-1,-1,-1
43,2,340.84,362.89,168.25,470.07,0.9172,-1,-1,-1
43,3,571.79,352.58,150.72,485.07,0.8707,-1,-1,-1
43,4,927.92,273.36,217.70,665.09,0.9142,-1,-1,-1
43,6,1135.95,353.33,147.55,429.35,0.9044,-1,-1,-1
44,2,327.15,366.60,171.71,476.23,0.9168,-1,-1,-1
44,3,565.02,355.26,152.21,492.97,0.8831,-1,-1,-1
44,4,927.32,279.57,214.68,660.28,0.8279,-1,-1,-1
44,6,1133.57,361.21,146.76,425.09,0.9042,-1,-1,-1
45,2,313.62,371.67,176.54,486.24,0.9039,-1,-1,-1
45,3,557.35,359.22,153.19,500.92,0.8998,-1,-1,-1
45,4,925.01,284.38,213.71,663.01,0.9308,-1,-1,-1
45,6,1129.21,367.74,147.26,425.39,0.8992,-1,-1,-1
46,2,298.76,377.97,181.62,497.77,0.9040,-1,-1,-1
46,3,550.42,361.67,154.45,509.35,0.9037,-1,-1,-1
46,4,921.18,292.21,213.34,667.38,0.9293,-1,-1,-1
46,6,1124.87,375.65,148.79,429.68,0.9110,-1,-1,-1
47,2,282.59,383.17,189.21,515.81,0.8983,-1,-1,-1
47,3,542.80,367.97,155.26,515.38,0.9087,-1,-1,-1
47,4,916.75,301.43,212.51,670.97,0.9194,-1,-1,-1
47,6,1119.20,381.96,149.85,433.92,0.8935,-1,-1,-1
48,2,266.86,391.64,194.23,525.77,0.9171,-1,-1,-1
48,3,534.51,373.54,155.99,519.59,0.8984,-1,-1,-1
48,4,911.10,309.09,213.13,679.34,0.9145,-1,-1,-1
48,6,1111.77,388.58,149.74,436.86,0.8229,-1,-1,-1
49,2,250.55,399.19,197.53,530.79,0.8671,-1,-1,-1
49,3,525.43,377.28,158.52,529.76,0.9078,-1,-1,-1
49,4,903.88,318.23,212.41,683.08,0.9044,-1,-1,-1
49,6,1106.76,395.65,149.03,435.14,0.8970,-1,-1,-1
49,9,829.73,476.19,50.45,146.82,0.5101,-1,-1,-1
50,2,236.21,405.52,199.93,530.78,0.7112,-1,-1,-1
50,3,517.92,381.36,160.18,537.31,0.8942,-1,-1,-1
50,4,898.24,326.89,210.91,684.05,0.9027,-1,-1,-1
50,6,1100.27,401.24,149.01,437.16,0.8906,-1,-1,-1
50,9,825.72,480.40,50.91,149.47,0.6724,-1,-1,-1
51,2,222.95,411.96,199.56,522.46,0.8934,-1,-1,-1
51,3,509.25,385.70,160.76,540.21,0.9003,-1,-1,-1
51,4,892.13,334.82,209.41,685.48,0.8973,-1,-1,-1
51,6,1095.28,405.63,149.14,438.64,0.8949,-1,-1,-1
51,9,822.05,483.07,51.76,151.96,0.6589,-1,-1,-1
52,2,205.23,416.51,210.72,548.87,0.8684,-1,-1,-1
52,3,501.48,389.59,161.38,541.74,0.9107,-1,-1,-1
52,4,886.73,342.05,207.47,685.17,0.9083,-1,-1,-1
52,6,1091.30,407.34,150.02,442.24,0.9014,-1,-1,-1
53,2,189.90,418.66,217.14,564.97,0.8882,-1,-1,-1
53,3,494.53,397.75,162.09,542.65,0.8794,-1,-1,-1
53,4,882.35,348.10,205.32,683.11,0.9136,-1,-1,-1
53,6,1086.54,409.79,151.14,444.04,0.9078,-1,-1,-1
53,9,814.80,492.64,50.79,147.59,0.5070,-1,-1,-1
54,2,177.60,420.26,221.32,575.00,0.9062,-1,-1,-1
54,3,486.54,401.26,165.06,550.26,0.8071,-1,-1,-1
54,4,878.33,351.61,203.58,680.67,0.9188,-1,-1,-1
54,6,1082.22,411.18,152.19,444.43,0.9201,-1,-1,-1
55,2,166.55,420.50,224.32,582.71,0.9199,-1,-1,-1
55,3,479.19,404.14,168.51,557.97,0.8222,-1,-1,-1
55,4,872.11,352.13,202.85,679.64,0.9173,-1,-1,-1
55,6,1079.02,411.67,153.70,445.79,0.9228,-1,-1,-1
56,2,155.99,419.29,227.62,592.60,0.9105,-1,-1,-1
56,3,473.85,404.03,173.93,573.11,0.8742,-1,-1,-1
56,4,867.04,351.45,202.72,681.57,0.9114,-1,-1,-1
56,6,1078.59,411.55,154.35,444.45,0.9220,-1,-1,-1
57,2,144.02,418.63,231.14,603.66,0.9171,-1,-1,-1
57,3,468.98,404.02,179.82,588.67,0.8897,-1,-1,-1
57,4,861.07,350.41,203.11,684.36,0.9050,-1,-1,-1
57,6,1078.66,412.03,155.43,443.88,0.9233,-1,-1,-1
58,2,133.77,417.02,234.38,613.77,0.9104,-1,-1,-1
58,3,463.16,402.19,185.78,605.35,0.8987,-1,-1,-1
58,4,857.59,349.50,201.50,678.33,0.8993,-1,-1,-1
58,6,1076.56,412.19,157.29,445.67,0.9322,-1,-1,-1
59,2,125.02,417.14,236.43,619.32,0.9204,-1,-1,-1
59,3,457.50,399.64,189.92,617.96,0.9338,-1,-1,-1
59,4,850.75,347.11,200.02,670.16,0.9070,-1,-1,-1
59,6,1075.11,412.35,158.58,445.64,0.9321,-1,-1,-1
60,2,114.94,416.69,238.65,624.70,0.9319,-1,-1,-1
60,3,452.19,398.58,192.09,625.57,0.9298,-1,-1,-1
60,4,843.87,347.04,199.75,665.67,0.9146,-1,-1,-1
60,6,1073.45,413.11,160.28,445.91,0.9316,-1,-1,-1
61,2,105.15,416.38,241.84,632.90,0.9308,-1,-1,-1
61,3,445.20,399.26,195.42,637.24,0.9049,-1,-1,-1
61,4,834.83,347.29,201.99,666.44,0.9095,-1,-1,-1
61,6,1071.62,414.52,162.30,446.66,0.9303,-1,-1,-1
62,2,95.79,414.57,247.99,650.83,0.9307,-1,-1,-1
62,3,442.38,398.64,197.46,645.26,0.8928,-1,-1,-1
62,4,830.57,346.79,204.44,667.03,0.8990,-1,-1,-1
62,6,1072.14,414.16,164.08,446.52,0.9288,-1,-1,-1
63,2,88.91,410.42,251.74,665.31,0.9250,-1,-1,-1
63,3,440.38,395.05,199.71,652.90,0.9063,-1,-1,-1
63,4,827.32,343.66,207.74,672.27,0.8976,-1,-1,-1
63,6,1074.40,413.54,166.29,446.78,0.9265,-1,-1,-1
64,2,82.86,406.60,252.80,672.79,0.9242,-1,-1,-1
64,3,443.04,389.34,201.91,661.42,0.9246,-1,-1,-1
64,4,825.35,341.99,210.06,676.34,0.9017,-1,-1,-1
64,6,1076.10,413.36,168.48,447.03,0.9274,-1,-1,-1
64,18,1022.58,431.59,66.36,310.62,0.6674,-1,-1,-1
65,2,75.45,405.41,252.59,675.45,0.9217,-1,-1,-1
65,3,443.44,382.20,204.73,670.96,0.8998,-1,-1,-1
65,4,822.96,340.20,212.79,680.21,0.9060,-1,-1,-1
65,6,1078.12,410.90,170.96,449.05,0.9071,-1,-1,-1
65,18,1023.74,433.31,66.61,311.29,0.7690,-1,-1,-1
66,2,69.27,403.39,252.37,676.81,0.9263,-1,-1,-1
66,3,443.34,374.64,207.78,679.92,0.9011,-1,-1,-1
66,4,822.83,338.33,214.86,683.75,0.9053,-1,-1,-1
66,6,1084.53,407.85,173.61,451.59,0.9073,-1,-1,-1
66,18,1026.73,431.73,67.06,312.28,0.7988,-1,-1,-1
66,19,743.27,507.90,59.51,142.97,0.5104,-1,-1,-1
67,2,60.40,400.34,252.40,678.51,0.9259,-1,-1,-1
67,3,443.63,368.19,210.44,686.88,0.9072,-1,-1,-1
67,4,822.83,337.76,216.50,685.43,0.9085,-1,-1,-1
67,6,1089.64,405.37,175.49,452.22,0.9084,-1,-1,-1
67,18,1029.56,428.45,67.22,311.22,0.8016,-1,-1,-1
68,2,49.43,395.83,253.38,681.02,0.9186,-1,-1,-1
68,3,443.60,359.18,213.60,694.27,0.9053,-1,-1,-1
68,4,824.50,336.62,217.80,686.42,0.9061,-1,-1,-1
68,6,1093.51,402.06,176.08,451.93,0.9017,-1,-1,-1
68,18,1032.03,423.49,67.87,311.82,0.8075,-1,-1,-1
69,2,38.89,386.93,256.13,686.02,0.9302,-1,-1,-1
69,3,443.81,350.92,216.92,702.10,0.9103,-1,-1,-1
69,4,829.15,332.43,218.58,687.83,0.9040,-1,-1,-1
69,6,1096.62,397.72,177.34,453.83,0.9088,-1,-1,-1
69,18,1035.18,419.94,68.24,311.31,0.8063,-1,-1,-1
69,19,750.06,492.68,60.96,146.90,0.5085,-1,-1,-1
70,2,24.57,378.09,261.02,695.43,0.9293,-1,-1,-1
70,3,442.24,343.76,220.43,709.25,0.9229,-1,-1,-1
70,4,831.64,329.31,218.61,685.60,0.9133,-1,-1,-1
70,6,1099.81,393.57,178.65,455.60,0.9023,-1,-1,-1
70,18,1037.64,416.51,68.84,311.56,0.8088,-1,-1,-1
70,19,751.67,487.18,62.40,150.67,0.5117,-1,-1,-1
71,2,7.94,369.82,264.56,703.94,0.9308,-1,-1,-1
71,3,438.09,336.87,225.13,720.69,0.9243,-1,-1,-1
71,4,834.47,326.42,218.54,683.65,0.9071,-1,-1,-1
71,6,1102.51,388.62,178.59,454.09,0.9000,-1,-1,-1
71,18,1039.02,413.05,69.61,312.21,0.8294,-1,-1,-1
71,19,752.64,483.76,62.90,152.04,0.6243,-1,-1,-1
72,2,-3.88,361.69,266.66,712.21,0.9387,-1,-1,-1
72,3,431.82,327.89,232.16,741.24,0.9308,-1,-1,-1
72,4,835.60,321.17,219.17,683.35,0.9104,-1,-1,-1
72,6,1104.67,385.04,178.27,452.27,0.9058,-1,-1,-1
72,18,1039.76,410.66,70.21,312.50,0.8262,-1,-1,-1
72,19,753.90,482.79,62.64,151.54,0.5962,-1,-1,-1
72,20,1544.91,445.31,62.43,62.86,0.5426,-1,-1,-1
73,2,-12.69,351.78,267.94,722.50,0.9262,-1,-1,-1
73,3,425.21,316.96,238.01,758.50,0.9243,-1,-1,-1
73,4,836.73,315.10,219.01,681.11,0.9083,-1,-1,-1
73,6,1106.47,381.91,176.67,446.97,0.9070,-1,-1,-1
73,18,1040.39,409.01,70.80,313.08,0.6356,-1,-1,-1
73,19,752.04,477.33,62.99,153.20,0.4162,-1,-1,-1
73,20,1544.40,443.09,61.29,61.67,0.5758,-1,-1,-1
74,2,-21.36,344.14,266.87,731.95,0.9151,-1,-1,-1
74,3,417.98,310.86,240.78,765.08,0.9158,-1,-1,-1
74,4,837.23,309.47,216.94,671.96,0.9026,-1,-1,-1
74,6,1107.04,378.68,175.18,443.44,0.9020,-1,-1,-1
74,18,1040.20,408.87,70.98,310.86,0.7917,-1,-1,-1
74,19,750.31,474.64,62.91,153.24,0.5649,-1,-1,-1
74,20,1545.71,441.50,60.37,60.58,0.5531,-1,-1,-1
75,2,-28.67,332.87,264.88,743.39,0.9275,-1,-1,-1
75,3,408.35,303.46,243.83,772.40,0.9220,-1,-1,-1
75,4,840.37,304.15,214.97,662.29,0.8964,-1,-1,-1
75,6,1107.16,376.13,174.37,441.26,0.9041,-1,-1,-1
75,18,1040.26,418.60,68.77,298.43,0.7899,-1,-1,-1
75,19,749.52,475.23,60.99,149.81,0.5966,-1,-1,-1
75,20,1546.83,439.26,60.01,59.95,0.5268,-1,-1,-1
76,2,-33.98,323.41,260.61,751.43,0.9217,-1,-1,-1
76,3,398.76,296.27,246.08,776.21,0.9225,-1,-1,-1
76,4,843.45,299.74,214.36,658.38,0.8900,-1,-1,-1
76,6,1106.51,374.00,173.67,441.05,0.9003,-1,-1,-1
76,18,1041.48,430.93,66.18,283.15,0.8549,-1,-1,-1
76,19,750.25,475.99,58.80,144.56,0.5394,-1,-1,-1
76,20,1547.42,438.98,59.27,58.67,0.5058,-1,-1,-1
77,2,-39.03,317.13,254.78,758.37,0.8395,-1,-1,-1
77,3,389.70,292.80,247.61,777.03,0.9246,-1,-1,-1
77,4,844.55,296.85,214.68,660.75,0.8991,-1,-1,-1
77,6,1106.06,372.29,173.85,443.23,0.9046,-1,-1,-1
77,18,1040.76,434.69,66.12,278.67,0.7523,-1,-1,-1
77,19,748.89,472.46,60.44,147.00,0.5203,-1,-1,-1
77,20,1547.60,438.72,59.64,58.28,0.4203,-1,-1,-1
78,2,-43.42,311.42,246.76,761.93,0.8878,-1,-1,-1
78,3,377.40,288.69,251.14,783.18,0.9263,-1,-1,-1
78,4,845.06,295.60,214.02,663.20,0.8890,-1,-1,-1
78,6,1105.53,370.95,173.66,444.39,0.9038,-1,-1,-1
78,18,1035.90,424.08,69.61,291.04,0.8160,-1,-1,-1
78,19,745.72,466.93,63.56,153.97,0.5874,-1,-1,-1
78,20,1546.10,437.38,61.69,60.08,0.4731,-1,-1,-1
79,2,-46.51,309.18,237.30,762.80,0.8515,-1,-1,-1
79,3,361.88,284.05,254.40,788.94,0.9325,-1,-1,-1
79,4,845.82,293.34,213.88,667.54,0.8802,-1,-1,-1
79,6,1105.02,368.95,173.23,445.13,0.8977,-1,-1,-1
79,18,1030.36,406.96,73.89,307.78,0.8082,-1,-1,-1
79,19,742.17,470.87,61.07,149.72,0.5053,-1,-1,-1
79,20,1543.46,436.12,63.54,61.73,0.3885,-1,-1,-1
80,3,345.17,276.78,258.19,794.63,0.9178,-1,-1,-1
80,4,843.58,290.66,213.51,672.75,0.8745,-1,-1,-1
80,6,1102.25,366.55,173.49,448.64,0.8733,-1,-1,-1
80,18,1025.74,402.34,74.95,312.26,0.7796,-1,-1,-1
80,19,736.46,469.57,60.99,152.18,0.4912,-1,-1,-1
81,3,327.29,267.88,263.04,804.19,0.9151,-1,-1,-1
81,4,842.41,291.46,212.03,674.10,0.8666,-1,-1,-1
81,6,1098.76,365.50,171.57,447.32,0.8978,-1,-1,-1
81,18,1020.72,403.98,74.38,309.54,0.7437,-1,-1,-1
81,19,732.23,468.19,59.16,150.00,0.5349,-1,-1,-1
82,3,308.44,255.69,270.63,819.19,0.9258,-1,-1,-1
82,4,839.06,292.39,209.94,674.17,0.8763,-1,-1,-1
82,6,1094.00,361.57,170.22,447.86,0.9060,-1,-1,-1
82,18,1015.98,393.65,74.58,310.82,0.5771,-1,-1,-1
82,19,724.56,459.67,60.75,156.87,0.5639,-1,-1,-1
82,23,-3.65,442.71,82.93,364.34,0.7874,-1,-1,-1
83,3,286.84,242.99,277.34,831.10,0.9224,-1,-1,-1
83,4,834.46,291.66,206.89,673.87,0.9036,-1,-1,-1
83,6,1089.15,359.64,169.59,450.77,0.9007,-1,-1,-1
83,18,1008.37,384.44,76.12,315.13,0.6166,-1,-1,-1
83,19,720.99,453.54,61.39,157.86,0.3186,-1,-1,-1
84,3,258.26,229.96,283.97,844.38,0.9319,-1,-1,-1
84,4,827.01,291.44,204.42,674.85,0.8826,-1,-1,-1
84,6,1081.78,356.05,169.75,455.22,0.9088,-1,-1,-1
84,18,999.87,377.20,77.49,319.80,0.8445,-1,-1,-1
84,19,713.04,450.14,60.46,156.14,0.4996,-1,-1,-1
85,3,231.68,218.00,292.84,858.28,0.9257,-1,-1,-1
85,4,818.18,290.16,201.37,672.58,0.8663,-1,-1,-1
85,6,1074.04,353.68,167.68,454.69,0.9053,-1,-1,-1
85,18,989.87,373.93,77.67,318.30,0.8431,-1,-1,-1
85,19,707.92,452.62,57.30,149.61,0.4233,-1,-1,-1
86,3,203.59,204.69,299.77,871.53,0.9313,-1,-1,-1
86,4,807.13,284.74,199.80,672.72,0.8643,-1,-1,-1
86,6,1065.68,349.63,166.89,456.71,0.8951,-1,-1,-1
86,18,979.40,368.72,78.87,318.64,0.8776,-1,-1,-1
86,19,698.89,446.35,58.68,153.71,0.5817,-1,-1,-1
86,26,489.68,413.46,68.53,285.40,0.7862,-1,-1,-1
87,3,173.33,191.80,306.62,883.87,0.9369,-1,-1,-1
87,4,796.54,279.49,199.46,674.68,0.8835,-1,-1,-1
87,6,1058.51,346.76,165.27,455.49,0.8967,-1,-1,-1
87,18,970.43,365.56,80.18,318.39,0.8758,-1,-1,-1
87,19,689.82,444.69,57.53,152.65,0.4642,-1,-1,-1
87,26,480.32,410.78,68.35,283.90,0.8035,-1,-1,-1
88,3,147.03,180.50,313.41,895.89,0.9404,-1,-1,-1
88,4,785.17,275.93,198.71,670.08,0.8840,-1,-1,-1
88,6,1049.96,342.08,163.77,454.43,0.9122,-1,-1,-1
88,18,959.51,360.27,82.12,321.02,0.8450,-1,-1,-1
88,19,681.34,439.88,58.51,155.56,0.5508,-1,-1,-1
88,26,461.72,408.40,69.88,287.09,0.8083,-1,-1,-1
89,3,120.63,168.49,321.02,907.83,0.9341,-1,-1,-1
89,4,772.60,270.60,198.54,665.84,0.8660,-1,-1,-1
89,6,1042.37,335.17,163.87,455.11,0.9054,-1,-1,-1
89,18,950.42,358.10,83.13,319.22,0.7234,-1,-1,-1
89,19,673.55,436.07,59.32,157.79,0.5773,-1,-1,-1
89,26,445.61,398.64,73.67,298.04,0.8270,-1,-1,-1
89,28,676.53,439.93,51.88,155.26,0.5042,-1,-1,-1
90,3,95.24,153.49,330.84,922.74,0.9381,-1,-1,-1
90,4,761.09,263.54,198.52,657.05,0.8910,-1,-1,-1
90,6,1035.77,327.63,165.26,460.11,0.9103,-1,-1,-1
90,18,944.53,355.30,83.43,315.76,0.8118,-1,-1,-1
90,19,668.24,432.90,59.47,157.28,0.4363,-1,-1,-1
90,26,434.18,390.88,76.12,303.02,0.8471,-1,-1,-1
91,3,73.04,141.93,339.15,932.44,0.9436,-1,-1,-1
91,4,750.10,256.87,199.44,650.73,0.8881,-1,-1,-1
91,6,1031.45,323.38,164.66,457.66,0.9193,-1,-1,-1
91,18,937.83,349.84,85.57,317.66,0.8294,-1,-1,-1
91,19,658.81,426.59,59.86,159.28,0.3046,-1,-1,-1
91,26,424.59,385.79,78.46,306.95,0.5465,-1,-1,-1
92,3,48.95,128.46,349.53,944.54,0.9358,-1,-1,-1
92,4,738.30,250.06,202.55,652.32,0.8859,-1,-1,-1
92,6,1027.09,317.94,164.19,454.75,0.9212,-1,-1,-1
92,18,930.68,346.93,86.57,316.67,0.8215,-1,-1,-1
92,19,653.55,422.78,60.25,160.41,0.4895,-1,-1,-1
92,26,416.07,383.19,80.61,308.73,0.8599,-1,-1,-1
93,3,27.48,116.72,359.41,956.07,0.9474,-1,-1,-1
93,4,729.90,243.85,206.65,655.76,0.8932,-1,-1,-1
93,6,1021.86,313.82,164.81,453.64,0.9235,-1,-1,-1
93,18,927.01,345.40,87.31,315.17,0.8352,-1,-1,-1
93,19,651.40,422.96,58.31,157.30,0.3470,-1,-1,-1
93,26,408.07,378.92,83.32,312.21,0.8682,-1,-1,-1
94,3,14.06,106.24,367.67,968.03,0.9499,-1,-1,-1
94,4,720.26,240.34,209.61,659.27,0.9036,-1,-1,-1
94,6,1017.87,311.41,165.80,453.22,0.9256,-1,-1,-1
94,18,922.42,344.13,88.78,316.43,0.8544,-1,-1,-1
94,26,400.66,377.49,85.29,311.93,0.8526,-1,-1,-1
95,3,7.27,95.93,374.73,979.00,0.9549,-1,-1,-1
95,4,711.40,238.58,212.91,664.07,0.9108,-1,-1,-1
95,6,1013.59,309.83,167.42,454.11,0.9155,-1,-1,-1
95,18,918.98,342.01,90.07,317.97,0.8455,-1,-1,-1
95,26,394.12,374.89,88.11,315.41,0.8680,-1,-1,-1
96,3,-2.75,84.84,379.06,990.13,0.9579,-1,-1,-1
96,4,702.59,240.18,214.81,664.66,0.9247,-1,-1,-1
96,6,1010.37,309.01,169.69,456.43,0.9065,-1,-1,-1
96,18,915.28,342.79,91.14,317.59,0.8361,-1,-1,-1
96,26,388.25,374.36,90.54,318.52,0.8510,-1,-1,-1
97,3,-10.06,74.69,381.46,999.85,0.9562,-1,-1,-1
97,4,698.66,239.84,217.46,670.08,0.9208,-1,-1,-1
97,6,1008.60,309.00,171.88,457.98,0.9040,-1,-1,-1
97,18,911.10,343.48,92.72,317.22,0.8144,-1,-1,-1
97,26,384.02,371.44,93.38,323.18,0.8738,-1,-1,-1
97,19,632.54,416.67,60.66,163.01,0.5416,-1,-1,-1
98,3,-16.44,59.02,383.70,1012.75,0.9602,-1,-1,-1
98,4,695.64,241.32,219.54,674.64,0.9207,-1,-1,-1
98,6,1008.10,308.46,174.60,460.38,0.9033,-1,-1,-1
98,18,910.28,344.29,94.09,317.98,0.8063,-1,-1,-1
98,26,381.70,369.03,96.04,327.89,0.8790,-1,-1,-1
98,19,629.78,414.59,61.82,166.55,0.6585,-1,-1,-1
99,3,-21.49,47.49,384.06,1023.85,0.9553,-1,-1,-1
99,4,694.14,244.75,220.90,677.22,0.9190,-1,-1,-1
99,6,1010.08,308.87,177.35,462.16,0.9062,-1,-1,-1
99,18,910.77,345.22,95.00,317.61,0.7915,-1,-1,-1
99,26,379.60,367.05,98.55,332.20,0.8891,-1,-1,-1
99,19,628.58,414.50,61.33,166.56,0.6423,-1,-1,-1
100,3,-26.71,36.39,382.72,1033.93,0.9515,-1,-1,-1
100,4,693.90,247.94,220.82,676.38,0.9215,-1,-1,-1
100,6,1012.94,310.18,179.38,462.04,0.9058,-1,-1,-1
100,18,912.06,347.14,95.78,316.78,0.8473,-1,-1,-1
100,26,377.82,366.86,100.57,334.51,0.8983,-1,-1,-1
100,19,627.87,413.86,61.62,167.29,0.7168,-1,-1,-1
101,3,-34.50,19.45,382.80,1053.66,0.9447,-1,-1,-1
101,4,696.49,249.10,220.26,676.18,0.9144,-1,-1,-1
101,6,1015.40,310.78,181.76,462.84,0.8934,-1,-1,-1
101,18,914.40,346.94,96.63,316.98,0.8553,-1,-1,-1
101,26,377.71,365.80,102.40,336.72,0.8943,-1,-1,-1
101,19,629.90,413.04,61.32,166.51,0.7690,-1,-1,-1
102,3,-40.65,11.45,376.82,1060.63,0.9446,-1,-1,-1
102,4,700.97,249.98,218.86,671.28,0.9199,-1,-1,-1
102,6,1019.75,311.09,183.80,464.09,0.8888,-1,-1,-1
102,18,919.43,345.80,97.47,317.51,0.8578,-1,-1,-1
102,26,378.16,364.84,104.57,339.67,0.8912,-1,-1,-1
102,19,633.71,413.19,61.33,167.12,0.5036,-1,-1,-1
103,3,-45.15,6.13,369.10,1065.36,0.9377,-1,-1,-1
103,4,712.48,250.13,218.74,669.69,0.9271,-1,-1,-1
103,6,1027.15,311.40,186.63,466.34,0.9009,-1,-1,-1
103,18,927.21,342.23,98.69,320.56,0.8345,-1,-1,-1
103,26,385.27,365.41,105.19,338.67,0.8709,-1,-1,-1
103,19,639.89,409.54,61.01,166.34,0.3984,-1,-1,-1
104,3,-47.91,7.72,356.36,1057.10,0.8554,-1,-1,-1
104,4,722.31,247.42,219.26,669.51,0.8903,-1,-1,-1
104,6,1041.99,309.77,188.13,466.16,0.9094,-1,-1,-1
104,18,938.37,341.34,99.42,320.82,0.7888,-1,-1,-1
104,26,394.05,368.19,105.55,336.95,0.8879,-1,-1,-1
104,19,650.17,407.80,60.87,167.31,0.7038,-1,-1,-1
105,3,-30.75,164.54,300.74,903.99,0.7812,-1,-1,-1
105,4,734.70,245.12,218.60,666.24,0.8926,-1,-1,-1
105,6,1052.99,308.97,189.89,467.84,0.8896,-1,-1,-1
105,18,948.85,337.35,100.93,325.40,0.7955,-1,-1,-1
105,26,401.99,365.82,106.78,338.77,0.7704,-1,-1,-1
105,19,658.85,407.60,61.02,167.52,0.3716,-1,-1,-1
106,4,744.34,242.73,215.32,655.60,0.9024,-1,-1,-1
106,6,1065.29,304.53,192.39,471.29,0.8837,-1,-1,-1
106,18,956.53,333.73,101.76,327.51,0.8586,-1,-1,-1
106,26,409.51,363.73,107.63,341.04,0.8843,-1,-1,-1
106,19,665.11,405.01,61.54,168.65,0.7581,-1,-1,-1
106,32,1812.62,858.20,108.29,221.77,0.6948,-1,-1,-1
107,4,753.81,238.07,213.19,648.53,0.9035,-1,-1,-1
107,6,1070.05,301.76,192.60,472.88,0.8839,-1,-1,-1
107,18,963.26,330.78,102.31,327.08,0.8134,-1,-1,-1
107,26,413.46,360.99,108.54,342.46,0.8841,-1,-1,-1
107,19,669.33,403.13,62.69,170.25,0.6128,-1,-1,-1
107,32,1819.07,855.51,108.08,222.14,0.5249,-1,-1,-1
107,23,-30.41,246.52,165.50,797.69,0.6844,-1,-1,-1
108,4,759.50,234.21,212.35,646.40,0.9071,-1,-1,-1
108,6,1073.73,299.68,191.39,473.78,0.8933,-1,-1,-1
108,18,968.65,328.11,103.05,328.14,0.8149,-1,-1,-1
108,26,416.44,360.24,109.41,344.43,0.8915,-1,-1,-1
108,19,673.20,402.42,63.57,171.29,0.5687,-1,-1,-1
109,4,765.91,231.91,211.44,645.70,0.9021,-1,-1,-1
109,6,1077.47,298.56,187.57,468.55,0.9215,-1,-1,-1
109,18,971.24,326.92,102.21,326.31,0.6008,-1,-1,-1
109,26,416.45,358.83,110.81,347.28,0.8912,-1,-1,-1
109,19,676.90,400.27,63.94,172.12,0.5778,-1,-1,-1
110,4,769.04,230.59,211.13,646.09,0.9022,-1,-1,-1
110,6,1082.45,295.41,184.56,464.28,0.9263,-1,-1,-1
110,18,975.85,323.80,102.73,327.40,0.7592,-1,-1,-1
110,26,414.15,355.50,113.09,352.67,0.8853,-1,-1,-1
110,19,680.08,398.09,64.10,171.55,0.5897,-1,-1,-1
111,4,771.77,229.63,211.00,648.24,0.8950,-1,-1,-1
111,6,1087.33,292.38,181.86,460.56,0.9160,-1,-1,-1
111,18,977.41,322.95,102.81,326.16,0.6380,-1,-1,-1
111,26,413.17,352.01,114.67,356.55,0.8893,-1,-1,-1
111,19,682.51,395.50,64.69,172.83,0.6322,-1,-1,-1
112,4,772.84,229.32,210.47,649.15,0.8947,-1,-1,-1
112,6,1092.50,288.54,180.47,460.07,0.8423,-1,-1,-1
112,18,978.15,322.72,103.86,326.95,0.6672,-1,-1,-1
112,26,413.66,348.67,115.82,360.37,0.8558,-1,-1,-1
112,19,684.35,395.17,65.03,173.11,0.5870,-1,-1,-1
113,4,774.27,228.64,209.64,649.72,0.8908,-1,-1,-1
113,6,1097.02,285.59,179.90,462.91,0.9065,-1,-1,-1
113,18,982.20,322.49,104.14,326.22,0.6420,-1,-1,-1
113,26,415.20,346.96,116.13,362.61,0.8361,-1,-1,-1
113,19,686.11,391.90,66.91,178.14,0.6525,-1,-1,-1
114,4,777.83,229.58,208.58,650.86,0.8804,-1,-1,-1
114,6,1101.79,283.78,179.10,464.76,0.9120,-1,-1,-1
114,18,987.81,320.92,102.78,322.60,0.6367,-1,-1,-1
114,26,416.86,344.72,116.31,365.16,0.8063,-1,-1,-1
114,19,689.67,392.59,66.48,176.82,0.6503,-1,-1,-1
115,4,783.33,230.92,207.30,651.95,0.8763,-1,-1,-1
115,6,1105.29,283.55,178.31,466.36,0.9167,-1,-1,-1
115,18,994.78,320.61,102.13,321.29,0.8211,-1,-1,-1
115,26,415.23,342.70,117.25,367.89,0.8240,-1,-1,-1
115,19,693.12,391.00,67.21,179.25,0.6407,-1,-1,-1
116,4,786.33,231.70,206.17,652.86,0.8792,-1,-1,-1
116,6,1108.58,283.90,176.70,464.98,0.9171,-1,-1,-1
116,18,996.60,322.09,102.37,319.56,0.7918,-1,-1,-1
116,26,410.51,341.57,118.94,370.01,0.8564,-1,-1,-1
116,19,696.34,392.48,66.99,178.58,0.4815,-1,-1,-1
117,4,786.34,232.16,204.72,652.13,0.8788,-1,-1,-1
117,6,1111.29,283.31,176.35,467.05,0.9134,-1,-1,-1
117,18,998.03,327.02,101.56,314.53,0.6561,-1,-1,-1
117,26,411.04,339.99,119.74,371.70,0.7570,-1,-1,-1
117,19,694.45,390.09,68.10,179.40,0.7173,-1,-1,-1
118,4,781.96,233.89,202.98,649.35,0.8815,-1,-1,-1
118,6,1113.54,284.15,176.21,469.71,0.9187,-1,-1,-1
118,18,993.19,324.26,104.25,318.31,0.8159,-1,-1,-1
118,26,408.35,337.94,120.67,374.53,0.7152,-1,-1,-1
118,19,692.52,391.06,68.98,179.76,0.7357,-1,-1,-1
119,4,778.72,234.69,201.84,648.65,0.8941,-1,-1,-1
119,6,1116.09,285.44,175.73,472.29,0.9167,-1,-1,-1
119,18,989.53,324.62,106.64,320.09,0.8342,-1,-1,-1
119,26,399.47,337.35,122.50,376.81,0.8911,-1,-1,-1
119,19,692.76,392.10,69.44,179.79,0.6684,-1,-1,-1
120,4,774.72,233.32,201.56,648.81,0.9046,-1,-1,-1
120,6,1116.83,286.20,174.98,473.98,0.9163,-1,-1,-1
120,18,983.18,324.74,108.97,322.16,0.7060,-1,-1,-1
120,26,392.37,333.13,125.39,383.75,0.8945,-1,-1,-1
120,19,690.91,391.93,70.08,179.33,0.6621,-1,-1,-1
121,4,770.34,230.24,200.59,645.87,0.9022,-1,-1,-1
121,6,1116.02,288.04,174.29,475.24,0.9144,-1,-1,-1
121,18,979.91,325.94,110.68,321.89,0.6866,-1,-1,-1
121,26,386.12,333.00,127.56,388.12,0.8983,-1,-1,-1
121,19,688.18,392.70,71.69,179.18,0.5270,-1,-1,-1
122,4,764.05,228.14,198.63,639.09,0.8993,-1,-1,-1
122,6,1114.18,289.33,173.70,476.77,0.9111,-1,-1,-1
122,18,978.80,326.52,112.30,321.41,0.7248,-1,-1,-1
122,26,377.15,332.47,130.40,394.12,0.9063,-1,-1,-1
123,4,755.48,226.39,198.98,638.00,0.8999,-1,-1,-1
123,6,1111.68,289.64,173.15,478.28,0.9168,-1,-1,-1
123,18,972.48,326.80,114.89,322.36,0.7091,-1,-1,-1
123,26,368.52,331.46,133.03,401.30,0.9144,-1,-1,-1
124,4,746.81,226.66,200.21,639.13,0.8987,-1,-1,-1
124,6,1107.91,289.65,173.32,482.26,0.9137,-1,-1,-1
124,18,964.71,326.74,116.18,324.51,0.6714,-1,-1,-1
124,26,360.47,331.64,134.53,404.59,0.9205,-1,-1,-1
125,4,738.91,227.71,202.00,641.89,0.8924,-1,-1,-1
125,6,1104.10,289.92,172.68,483.72,0.9068,-1,-1,-1
125,18,959.91,325.28,118.64,328.36,0.7721,-1,-1,-1
125,26,351.56,336.79,134.71,402.42,0.9158,-1,-1,-1
126,4,726.58,227.64,205.65,647.50,0.8942,-1,-1,-1
126,6,1099.32,289.55,170.93,481.86,0.9075,-1,-1,-1
126,18,958.23,323.22,120.14,329.53,0.6387,-1,-1,-1
126,26,340.04,336.52,137.31,408.39,0.8962,-1,-1,-1
127,4,719.76,229.55,208.06,649.70,0.9011,-1,-1,-1
127,6,1094.64,289.50,170.37,481.60,0.9150,-1,-1,-1
127,18,951.79,322.94,122.74,331.83,0.8341,-1,-1,-1
127,26,331.41,340.87,137.85,408.65,0.9026,-1,-1,-1
128,4,714.94,230.23,210.16,651.46,0.9082,-1,-1,-1
128,6,1089.92,288.66,170.50,482.06,0.9186,-1,-1,-1
128,18,943.76,322.74,125.69,334.11,0.7460,-1,-1,-1
128,26,322.80,340.98,139.22,411.07,0.8964,-1,-1,-1
129,4,713.76,233.51,210.51,649.57,0.9110,-1,-1,-1
129,6,1086.14,287.13,171.18,482.59,0.9213,-1,-1,-1
129,18,931.52,322.13,124.03,334.90,0.7520,-1,-1,-1
129,26,315.71,338.11,142.51,419.94,0.8864,-1,-1,-1
130,4,712.18,235.49,211.50,649.42,0.9161,-1,-1,-1
130,6,1083.89,286.03,171.94,482.95,0.9226,-1,-1,-1
130,18,925.78,320.07,122.54,336.72,0.8250,-1,-1,-1
130,26,310.10,334.10,145.97,429.72,0.9114,-1,-1,-1
130,37,658.11,388.82,66.95,193.38,0.6329,-1,-1,-1
131,4,712.17,237.34,212.58,649.56,0.9161,-1,-1,-1
131,6,1082.09,284.81,172.16,482.16,0.9251,-1,-1,-1
131,18,922.61,319.23,120.72,335.88,0.8380,-1,-1,-1
131,26,305.82,332.01,147.59,434.99,0.9042,-1,-1,-1
131,37,656.43,389.19,66.96,193.50,0.6858,-1,-1,-1
132,4,712.91,238.25,213.80,650.86,0.9145,-1,-1,-1
132,6,1081.02,283.51,172.06,480.96,0.9233,-1,-1,-1
132,18,920.28,317.70,119.43,336.08,0.8413,-1,-1,-1
132,26,304.77,331.87,147.79,437.12,0.9064,-1,-1,-1
132,37,655.55,388.48,67.54,195.29,0.6375,-1,-1,-1
132,38,1011.77,360.83,72.06,230.75,0.5941,-1,-1,-1
133,4,715.63,238.82,214.37,650.13,0.9130,-1,-1,-1
133,6,1079.04,283.02,173.04,481.54,0.9289,-1,-1,-1
133,18,919.24,316.45,118.47,337.83,0.8496,-1,-1,-1
133,26,298.75,328.93,150.18,443.68,0.8986,-1,-1,-1
133,37,655.23,388.78,67.72,196.01,0.4309,-1,-1,-1
133,38,1012.26,362.04,71.91,230.19,0.6099,-1,-1,-1
134,4,715.88,238.23,214.50,650.16,0.9159,-1,-1,-1
134,6,1077.79,283.87,175.02,484.13,0.9271,-1,-1,-1
134,18,919.58,317.29,116.86,338.58,0.8440,-1,-1,-1
134,26,290.66,325.64,153.42,452.45,0.9180,-1,-1,-1
134,37,655.42,390.85,67.72,195.86,0.6120,-1,-1,-1
134,38,1012.98,363.09,70.72,225.96,0.7401,-1,-1,-1
135,4,717.38,239.30,214.53,650.33,0.9183,-1,-1,-1
135,6,1076.06,285.09,176.75,486.34,0.9262,-1,-1,-1
135,18,919.64,318.03,115.22,339.36,0.8260,-1,-1,-1
135,26,286.25,326.67,154.50,455.60,0.9028,-1,-1,-1
135,37,654.00,392.54,68.27,196.89,0.6601,-1,-1,-1
135,38,1013.73,367.05,69.83,222.17,0.7860,-1,-1,-1
136,4,721.29,239.72,213.30,647.37,0.9121,-1,-1,-1
136,6,1075.50,287.80,178.51,487.83,0.9274,-1,-1,-1
136,18,920.10,319.36,113.22,337.91,0.8429,-1,-1,-1
136,26,281.24,325.09,156.85,461.66,0.8941,-1,-1,-1
136,37,651.16,394.50,69.22,197.27,0.7806,-1,-1,-1
136,38,1014.41,366.96,70.81,224.55,0.8172,-1,-1,-1
137,4,725.18,240.18,209.75,635.36,0.9214,-1,-1,-1
137,6,1076.53,290.19,180.47,489.74,0.9195,-1,-1,-1
137,18,921.05,319.69,111.63,338.25,0.8536,-1,-1,-1
137,26,279.55,323.75,158.03,465.92,0.8965,-1,-1,-1
137,37,651.59,394.92,70.86,200.79,0.7808,-1,-1,-1
137,38,1016.60,369.03,71.04,224.46,0.4705,-1,-1,-1
138,4,727.63,241.55,208.61,628.76,0.9214,-1,-1,-1
138,6,1080.85,292.85,181.79,490.41,0.9090,-1,-1,-1
138,18,922.06,320.73,110.41,339.58,0.8611,-1,-1,-1
138,26,274.43,322.61,159.78,469.66,0.8903,-1,-1,-1
138,37,651.84,396.36,71.09,201.31,0.7637,-1,-1,-1
138,38,1018.99,369.15,71.85,226.70,0.8326,-1,-1,-1
139,4,731.25,242.19,208.42,626.63,0.9156,-1,-1,-1
139,6,1085.14,294.33,183.13,490.76,0.8802,-1,-1,-1
139,18,924.15,321.28,109.12,340.40,0.8402,-1,-1,-1
139,26,268.05,320.37,162.26,474.54,0.8951,-1,-1,-1
139,37,651.40,395.76,72.06,204.36,0.7441,-1,-1,-1
139,38,1021.53,366.50,72.44,228.34,0.8449,-1,-1,-1
140,4,737.38,241.73,208.68,630.27,0.8530,-1,-1,-1
140,6,1089.37,296.64,183.11,489.47,0.8888,-1,-1,-1
140,18,928.45,321.25,107.93,342.16,0.8276,-1,-1,-1
140,26,264.83,319.15,165.38,482.02,0.9003,-1,-1,-1
140,37,650.48,396.57,72.65,205.40,0.7777,-1,-1,-1
140,38,1022.77,365.79,73.31,230.42,0.8620,-1,-1,-1
141,4,741.53,244.15,208.27,633.08,0.3120,-1,-1,-1
141,6,1092.84,296.52,185.46,494.50,0.5936,-1,-1,-1
141,18,929.04,322.25,107.36,343.08,0.8357,-1,-1,-1
141,26,264.29,319.30,168.67,491.59,0.8958,-1,-1,-1
141,37,651.09,397.16,73.26,205.49,0.8497,-1,-1,-1
141,38,1026.00,367.34,73.25,228.92,0.8484,-1,-1,-1
142,4,746.47,248.00,206.63,632.77,0.8867,-1,-1,-1
142,6,1098.00,295.89,187.46,499.56,0.9083,-1,-1,-1
142,18,929.34,324.07,106.68,342.27,0.8366,-1,-1,-1
142,26,266.09,321.93,170.67,498.53,0.8810,-1,-1,-1
142,37,653.22,399.31,73.55,203.49,0.8059,-1,-1,-1
142,38,1030.42,371.56,73.13,226.95,0.8728,-1,-1,-1
143,4,755.36,250.62,205.73,636.11,0.9161,-1,-1,-1
143,6,1104.62,296.96,188.26,501.05,0.9203,-1,-1,-1
143,18,939.89,325.67,103.92,340.77,0.8065,-1,-1,-1
143,26,266.62,324.95,171.84,501.95,0.9048,-1,-1,-1
143,37,656.47,400.16,74.51,204.01,0.7400,-1,-1,-1
143,38,1036.85,374.58,72.82,225.87,0.8718,-1,-1,-1
144,4,761.50,253.45,204.16,635.99,0.6129,-1,-1,-1
144,6,1110.47,297.00,187.88,499.83,0.9061,-1,-1,-1
144,18,946.61,328.31,101.54,338.57,0.8627,-1,-1,-1
144,26,265.99,325.48,174.17,508.58,0.8773,-1,-1,-1
144,37,660.72,397.89,75.56,207.32,0.8106,-1,-1,-1
144,38,1041.90,375.72,72.96,225.31,0.8548,-1,-1,-1
145,4,768.15,255.82,202.89,636.86,0.9057,-1,-1,-1
145,6,1118.71,297.20,187.69,499.34,0.8742,-1,-1,-1
145,18,950.99,327.36,100.51,341.02,0.7999,-1,-1,-1
145,26,265.23,325.35,175.68,511.89,0.8448,-1,-1,-1
145,37,664.41,397.15,76.75,209.71,0.8079,-1,-1,-1
145,38,1045.82,377.73,72.65,222.23,0.8434,-1,-1,-1
146,4,774.04,259.72,201.95,637.91,0.8979,-1,-1,-1
146,6,1126.26,298.98,185.95,494.74,0.8607,-1,-1,-1
146,18,960.33,330.98,97.54,335.72,0.7756,-1,-1,-1
146,26,265.76,324.96,178.64,520.79,0.8655,-1,-1,-1
146,37,669.42,397.74,77.27,210.43,0.8045,-1,-1,-1
146,38,1050.64,380.55,72.07,218.28,0.8023,-1,-1,-1
147,4,777.70,262.98,200.96,638.52,0.8963,-1,-1,-1
147,6,1133.47,299.49,185.16,492.16,0.9161,-1,-1,-1
147,18,962.30,331.71,97.12,336.75,0.8076,-1,-1,-1
147,26,263.03,325.96,180.82,526.52,0.8866,-1,-1,-1
147,37,671.00,396.93,78.92,214.45,0.8263,-1,-1,-1
147,38,1052.69,382.65,73.16,219.42,0.7481,-1,-1,-1
148,4,783.13,265.10,199.07,636.94,0.8909,-1,-1,-1
148,6,1138.72,300.03,184.15,490.50,0.9179,-1,-1,-1
148,18,965.32,331.73,96.80,338.14,0.8504,-1,-1,-1
148,26,258.95,326.20,184.53,537.03,0.8869,-1,-1,-1
148,37,671.91,395.84,79.69,217.62,0.8170,-1,-1,-1
148,38,1054.51,380.88,74.77,223.60,0.8180,-1,-1,-1
149,4,787.11,265.78,198.13,638.65,0.8991,-1,-1,-1
149,6,1144.41,298.35,183.79,490.84,0.8996,-1,-1,-1
149,18,968.90,335.87,95.25,336.63,0.8527,-1,-1,-1
149,26,251.81,324.32,187.10,546.11,0.8826,-1,-1,-1
149,37,673.46,399.37,79.61,218.03,0.6596,-1,-1,-1
149,38,1055.97,379.42,76.24,227.88,0.7417,-1,-1,-1
150,4,788.95,266.31,196.98,638.64,0.8855,-1,-1,-1
150,6,1148.33,298.38,184.09,493.02,0.9168,-1,-1,-1
150,18,972.52,340.01,94.43,336.74,0.8713,-1,-1,-1
150,26,244.42,320.73,189.40,556.18,0.8602,-1,-1,-1
150,37,674.27,404.18,79.38,216.81,0.6436,-1,-1,-1
150,38,1056.14,373.91,78.50,235.58,0.8253,-1,-1,-1
151,4,790.81,266.46,195.50,635.66,0.8759,-1,-1,-1
151,6,1151.08,299.06,185.73,498.87,0.9208,-1,-1,-1
151,18,974.88,341.64,93.98,338.39,0.8573,-1,-1,-1
151,26,233.77,317.83,192.04,566.19,0.8880,-1,-1,-1
151,37,675.16,408.61,78.59,214.41,0.7194,-1,-1,-1
151,38,1055.76,369.18,80.55,242.99,0.7377,-1,-1,-1
151,40,1711.46,376.80,52.55,72.35,0.5800,-1,-1,-1
152,4,791.15,265.41,193.47,628.75,0.8840,-1,-1,-1
152,6,1153.61,300.14,185.46,498.55,0.9281,-1,-1,-1
152,18,976.25,342.71,93.56,339.90,0.8485,-1,-1,-1
152,26,224.14,312.85,195.13,578.24,0.7482,-1,-1,-1
152,37,675.71,410.11,79.33,215.86,0.7872,-1,-1,-1
152,38,1055.64,371.76,79.83,240.65,0.7564,-1,-1,-1
152,40,1714.90,376.09,53.33,73.46,0.6250,-1,-1,-1
153,4,790.01,264.02,192.35,620.87,0.8840,-1,-1,-1
153,6,1157.02,302.27,184.80,497.87,0.9280,-1,-1,-1
153,18,977.51,343.26,93.09,341.63,0.8613,-1,-1,-1
153,26,214.89,310.28,197.23,584.56,0.8737,-1,-1,-1
153,37,676.40,410.78,80.77,219.19,0.7760,-1,-1,-1
153,38,1056.09,372.77,79.90,241.09,0.7787,-1,-1,-1
153,40,1717.99,379.71,52.98,73.06,0.5408,-1,-1,-1
154,4,787.09,262.64,193.47,618.12,0.8899,-1,-1,-1
154,6,1158.85,303.63,183.67,495.76,0.9267,-1,-1,-1
154,18,978.08,343.56,92.28,342.36,0.8621,-1,-1,-1
154,26,205.30,308.04,199.56,590.16,0.8875,-1,-1,-1
154,37,678.24,411.90,81.79,220.24,0.7059,-1,-1,-1
154,38,1055.65,374.39,79.86,240.89,0.7965,-1,-1,-1
154,40,1720.08,381.00,53.30,73.67,0.5007,-1,-1,-1
155,4,782.40,260.81,195.81,618.01,0.9041,-1,-1,-1
155,6,1159.40,303.05,184.08,498.09,0.9295,-1,-1,-1
155,18,978.34,342.86,90.86,340.41,0.8673,-1,-1,-1
155,26,195.97,305.59,201.70,594.32,0.8905,-1,-1,-1
155,37,679.09,408.81,84.20,222.53,0.7825,-1,-1,-1
155,38,1055.32,374.59,79.53,239.98,0.8391,-1,-1,-1
155,40,1719.54,376.62,55.21,76.59,0.4088,-1,-1,-1
156,4,778.92,259.36,199.36,620.58,0.9046,-1,-1,-1
156,6,1158.15,304.33,185.84,504.35,0.9282,-1,-1,-1
156,18,977.41,342.15,90.61,341.50,0.8498,-1,-1,-1
156,26,184.68,303.65,203.73,598.44,0.8908,-1,-1,-1
156,37,678.72,406.43,86.41,224.95,0.8153,-1,-1,-1
156,38,1053.56,372.44,80.44,243.23,0.8277,-1,-1,-1
156,40,1719.32,377.10,55.39,77.02,0.4393,-1,-1,-1
157,4,774.25,259.53,203.52,624.70,0.9101,-1,-1,-1
157,6,1154.93,305.95,186.31,507.51,0.9263,-1,-1,-1
157,18,973.47,341.28,92.10,346.06,0.8379,-1,-1,-1
157,26,174.57,301.67,206.28,604.31,0.8952,-1,-1,-1
157,37,675.22,406.86,87.79,225.51,0.7289,-1,-1,-1
157,38,1051.63,371.06,81.08,245.06,0.8141,-1,-1,-1
157,40,1718.94,375.97,56.73,79.29,0.5328,-1,-1,-1
158,4,770.88,258.38,206.64,628.69,0.9056,-1,-1,-1
158,6,1149.75,305.52,185.96,508.96,0.9253,-1,-1,-1
158,18,969.43,341.61,91.72,344.81,0.8538,-1,-1,-1
158,26,161.29,298.34,209.21,611.18,0.8992,-1,-1,-1
158,37,663.94,406.55,87.41,227.17,0.7852,-1,-1,-1
158,38,1048.86,371.99,81.12,244.04,0.8487,-1,-1,-1
158,40,1718.32,380.07,53.14,74.03,0.5170,-1,-1,-1
159,4,770.84,260.43,208.02,629.15,0.8990,-1,-1,-1
159,6,1145.17,306.80,184.14,506.54,0.9234,-1,-1,-1
159,18,967.87,341.55,88.63,335.82,0.7726,-1,-1,-1
159,26,144.80,295.04,213.10,621.05,0.9002,-1,-1,-1
159,37,659.28,403.43,88.20,230.25,0.7657,-1,-1,-1
159,38,1045.09,376.70,80.02,238.56,0.8199,-1,-1,-1
159,40,1713.85,376.99,54.54,75.76,0.6142,-1,-1,-1
160,4,770.51,262.35,209.03,630.57,0.8934,-1,-1,-1
160,6,1140.00,305.79,183.49,507.93,0.9284,-1,-1,-1
160,18,964.00,340.28,89.52,338.80,0.5717,-1,-1,-1
160,26,130.73,291.09,218.98,637.75,0.8752,-1,-1,-1
160,37,655.10,402.41,88.74,230.25,0.7690,-1,-1,-1
160,38,1041.42,379.06,79.54,236.02,0.8257,-1,-1,-1
160,40,1708.37,373.02,57.08,79.36,0.4479,-1,-1,-1
161,4,770.45,266.55,209.54,630.47,0.8987,-1,-1,-1
161,6,1135.71,305.39,182.64,508.59,0.9277,-1,-1,-1
161,18,956.39,336.09,90.97,346.95,0.7365,-1,-1,-1
161,26,115.45,289.62,224.94,655.16,0.8710,-1,-1,-1
161,37,648.01,399.43,90.34,234.86,0.8042,-1,-1,-1
161,38,1037.57,380.38,79.57,234.59,0.8441,-1,-1,-1
161,40,1705.27,371.44,58.26,81.52,0.3579,-1,-1,-1
161,42,741.22,359.06,70.14,279.58,0.5622,-1,-1,-1
162,4,770.33,268.54,209.48,630.05,0.9070,-1,-1,-1
162,6,1130.48,303.13,182.01,510.52,0.9227,-1,-1,-1
162,18,951.23,335.08,90.57,347.28,0.6516,-1,-1,-1
162,26,99.38,285.27,227.61,662.15,0.8883,-1,-1,-1
162,37,636.42,396.80,90.27,238.22,0.8364,-1,-1,-1
162,38,1031.12,385.11,77.92,227.93,0.8330,-1,-1,-1
162,40,1700.97,374.46,57.27,79.98,0.5207,-1,-1,-1
162,42,735.70,359.90,70.09,278.78,0.5479,-1,-1,-1
163,4,768.82,268.81,209.56,631.95,0.9154,-1,-1,-1
163,6,1123.10,302.65,181.41,510.37,0.9201,-1,-1,-1
163,18,945.89,332.56,90.30,350.44,0.7038,-1,-1,-1
163,26,81.75,283.35,231.30,676.45,0.8821,-1,-1,-1
163,37,628.57,395.54,89.94,239.14,0.8224,-1,-1,-1
163,38,1025.44,386.82,77.93,225.59,0.8360,-1,-1,-1
163,40,1696.55,379.95,54.32,75.57,0.4620,-1,-1,-1
163,42,729.08,358.66,70.38,279.41,0.7211,-1,-1,-1
164,4,766.03,267.69,208.26,628.47,0.9258,-1,-1,-1
164,6,1116.06,300.57,181.30,509.39,0.9254,-1,-1,-1
164,18,941.14,332.49,89.52,350.86,0.7722,-1,-1,-1
164,26,63.56,282.46,237.83,694.04,0.8951,-1,-1,-1
164,37,620.59,393.07,91.14,243.36,0.7989,-1,-1,-1
164,38,1021.42,390.56,76.75,220.80,0.8419,-1,-1,-1
164,40,1694.00,380.76,53.10,73.74,0.3231,-1,-1,-1
164,42,718.46,362.26,70.20,277.37,0.7248,-1,-1,-1
165,4,760.86,263.92,207.74,629.75,0.9229,-1,-1,-1
165,6,1110.07,299.68,180.59,505.62,0.9270,-1,-1,-1
165,18,938.69,332.51,88.21,348.88,0.8206,-1,-1,-1
165,26,44.15,280.08,244.17,712.15,0.8756,-1,-1,-1
165,37,611.52,392.39,91.12,245.44,0.7915,-1,-1,-1
165,38,1017.08,388.34,77.38,221.86,0.7704,-1,-1,-1
165,40,1686.96,377.45,53.97,75.41,0.4001,-1,-1,-1
165,42,711.20,363.77,70.72,277.81,0.7994,-1,-1,-1
166,4,759.56,260.27,207.14,631.87,0.9196,-1,-1,-1
166,6,1105.23,297.61,180.36,502.42,0.9345,-1,-1,-1
166,18,933.49,328.02,87.76,350.10,0.8210,-1,-1,-1
166,26,27.29,278.04,250.06,725.66,0.9095,-1,-1,-1
166,37,605.27,391.30,91.28,246.96,0.7971,-1,-1,-1
166,38,1011.50,381.90,79.02,226.37,0.6421,-1,-1,-1
166,40,1681.85,375.69,53.01,74.39,0.3637,-1,-1,-1
166,42,705.01,364.89,71.09,277.63,0.8216,-1,-1,-1
167,4,759.75,257.03,205.98,632.48,0.9092,-1,-1,-1
167,6,1099.73,293.80,182.10,503.83,0.9278,-1,-1,-1
167,18,931.93,327.01,86.87,348.87,0.8088,-1,-1,-1
167,26,9.05,274.15,254.42,737.67,0.8928,-1,-1,-1
167,37,600.26,389.40,91.58,249.27,0.8230,-1,-1,-1
167,38,1007.32,376.62,80.46,231.37,0.4511,-1,-1,-1
167,40,1681.60,374.71,53.07,74.94,0.3896,-1,-1,-1
167,42,699.73,362.78,72.52,279.42,0.8343,-1,-1,-1
168,4,763.21,253.72,202.03,625.36,0.8832,-1,-1,-1
168,6,1095.54,291.46,183.46,504.07,0.9253,-1,-1,-1
168,18,930.19,327.93,85.84,345.66,0.7849,-1,-1,-1
168,26,-1.73,266.35,258.93,751.35,0.9054,-1,-1,-1
168,37,594.80,389.56,91.71,250.39,0.7803,-1,-1,-1
168,38,1005.43,376.70,80.27,231.63,0.4908,-1,-1,-1
168,40,1677.75,371.44,55.18,77.73,0.3599,-1,-1,-1
168,42,692.95,359.42,74.56,281.71,0.8629,-1,-1,-1
169,4,767.83,249.98,198.21,617.47,0.8966,-1,-1,-1
169,6,1092.14,290.45,185.06,504.81,0.9286,-1,-1,-1
169,18,928.64,328.53,85.03,343.66,0.7962,-1,-1,-1
169,26,-10.99,258.73,261.26,764.02,0.9159,-1,-1,-1
169,37,589.24,388.05,92.48,252.57,0.8234,-1,-1,-1
169,38,1004.13,377.18,78.93,227.12,0.6470,-1,-1,-1
169,40,1675.39,369.93,56.05,78.85,0.4005,-1,-1,-1
169,42,688.43,356.74,76.43,283.70,0.8768,-1,-1,-1
170,4,770.23,247.78,195.73,613.93,0.8723,-1,-1,-1
170,6,1087.48,291.45,186.41,504.62,0.9245,-1,-1,-1
170,18,927.04,328.36,84.31,342.99,0.7633,-1,-1,-1
170,26,-18.42,251.68,262.29,777.20,0.9238,-1,-1,-1
170,37,584.05,387.62,91.57,252.59,0.7711,-1,-1,-1
170,38,1003.17,374.95,79.60,228.54,0.6180,-1,-1,-1
170,42,683.87,353.13,79.61,288.91,0.8608,-1,-1,-1
171,4,770.57,246.21,194.56,614.56,0.8736,-1,-1,-1
171,6,1084.20,291.55,188.77,507.29,0.9221,-1,-1,-1
171,18,926.66,327.45,84.05,343.46,0.8000,-1,-1,-1
171,26,-24.36,245.78,262.04,790.33,0.9338,-1,-1,-1
171,37,579.27,384.09,93.20,257.57,0.7312,-1,-1,-1
171,38,1003.30,370.07,79.60,229.00,0.6841,-1,-1,-1
171,42,678.66,350.87,83.23,293.51,0.8554,-1,-1,-1
172,4,770.49,246.24,194.72,618.38,0.8853,-1,-1,-1
172,6,1081.53,291.25,190.54,507.84,0.9281,-1,-1,-1
172,18,926.67,334.07,82.25,337.07,0.7362,-1,-1,-1
172,26,-29.59,240.48,260.00,801.64,0.9288,-1,-1,-1
172,37,575.21,384.94,94.43,259.40,0.7724,-1,-1,-1
172,38,1001.52,368.85,79.58,228.77,0.7027,-1,-1,-1
172,42,673.90,349.38,86.68,296.31,0.8887,-1,-1,-1
173,4,770.47,245.27,194.16,621.17,0.8839,-1,-1,-1
173,6,1078.90,290.36,192.36,509.44,0.9246,-1,-1,-1
173,18,925.55,334.71,81.38,335.47,0.7164,-1,-1,-1
173,26,-33.74,235.43,258.02,815.99,0.9193,-1,-1,-1
173,37,569.65,386.35,95.55,260.15,0.7946,-1,-1,-1
173,38,1001.45,371.02,78.06,223.72,0.7315,-1,-1,-1
173,42,671.13,347.08,90.46,299.21,0.8888,-1,-1,-1
173,40,1672.08,363.83,54.19,76.33,0.5007,-1,-1,-1
174,4,770.90,245.84,193.50,622.49,0.8960,-1,-1,-1
174,6,1078.32,290.01,194.89,513.11,0.9263,-1,-1,-1
174,18,925.88,333.90,81.12,336.42,0.6982,-1,-1,-1
174,26,-36.09,231.32,254.91,828.55,0.9159,-1,-1,-1
174,37,562.98,382.25,98.04,267.57,0.7780,-1,-1,-1
174,38,1000.91,369.26,78.73,226.08,0.7329,-1,-1,-1
174,42,669.20,345.22,93.84,300.65,0.8852,-1,-1,-1
174,40,1673.60,362.63,53.72,75.34,0.4092,-1,-1,-1
175,4,772.26,246.43,193.32,627.10,0.8915,-1,-1,-1
175,6,1079.70,290.61,196.85,516.05,0.9245,-1,-1,-1
175,18,926.88,330.54,81.72,341.24,0.6968,-1,-1,-1
175,26,-37.76,226.58,250.70,838.97,0.9184,-1,-1,-1
175,37,558.52,379.86,99.44,271.98,0.7813,-1,-1,-1
175,38,1001.03,368.97,79.32,228.44,0.7351,-1,-1,-1
175,42,667.33,344.17,97.37,302.65,0.8665,-1,-1,-1
175,40,1678.81,363.25,53.10,73.63,0.5253,-1,-1,-1
176,4,775.80,252.25,191.87,627.56,0.8917,-1,-1,-1
176,6,1082.21,289.09,199.13,519.55,0.9193,-1,-1,-1
176,18,927.93,326.50,81.93,346.23,0.7098,-1,-1,-1
176,26,-38.39,225.79,245.56,846.80,0.9154,-1,-1,-1
176,37,555.15,379.27,100.71,275.51,0.8122,-1,-1,-1
176,38,1003.34,367.10,79.59,230.70,0.7665,-1,-1,-1
176,42,665.80,344.33,101.33,306.50,0.8672,-1,-1,-1
176,40,1683.80,363.87,51.52,71.88,0.4258,-1,-1,-1
177,4,778.93,256.13,190.39,627.40,0.8981,-1,-1,-1
177,6,1086.03,290.01,199.31,517.94,0.9190,-1,-1,-1
177,18,927.71,322.80,80.97,348.25,0.6735,-1,-1,-1
177,26,-39.49,224.52,239.42,853.17,0.9123,-1,-1,-1
177,37,553.67,380.02,100.85,275.36,0.8096,-1,-1,-1
177,38,1005.22,368.55,78.61,228.49,0.7862,-1,-1,-1
177,42,664.42,344.67,104.70,309.92,0.8721,-1,-1,-1
177,40,1686.39,360.44,52.92,73.37,0.4379,-1,-1,-1
178,4,783.24,260.04,189.04,626.72,0.9074,-1,-1,-1
178,6,1090.04,289.68,201.78,522.56,0.9089,-1,-1,-1
178,18,930.60,316.32,81.09,355.27,0.4354,-1,-1,-1
178,26,-39.74,222.24,232.41,856.74,0.8999,-1,-1,-1
178,37,552.48,380.30,101.32,276.92,0.8273,-1,-1,-1
178,38,1009.20,370.37,78.16,227.91,0.7171,-1,-1,-1
178,42,664.22,346.48,108.40,313.65,0.8722,-1,-1,-1
178,40,1690.81,359.36,53.97,74.43,0.4220,-1,-1,-1
179,4,786.28,261.93,187.76,625.98,0.9052,-1,-1,-1
179,6,1095.31,288.21,202.92,525.41,0.8965,-1,-1,-1
179,18,928.56,307.17,82.95,365.92,0.5432,-1,-1,-1
179,26,-40.35,224.19,223.70,855.13,0.7002,-1,-1,-1
179,37,551.66,380.16,102.16,279.27,0.7988,-1,-1,-1
179,38,1012.30,374.42,76.42,222.88,0.7201,-1,-1,-1
179,42,664.05,347.57,112.15,316.77,0.8748,-1,-1,-1
179,40,1692.21,357.20,57.13,77.86,0.4737,-1,-1,-1
180,4,791.53,264.95,185.77,620.67,0.9097,-1,-1,-1
180,6,1100.70,289.11,202.46,523.98,0.8350,-1,-1,-1
180,26,-40.76,227.14,215.11,854.41,0.8063,-1,-1,-1
180,37,551.55,379.49,103.64,283.02,0.8384,-1,-1,-1
180,38,1017.11,381.08,74.54,217.27,0.6980,-1,-1,-1
180,42,663.42,349.12,114.57,318.43,0.8688,-1,-1,-1
180,40,1699.53,359.00,56.12,75.45,0.4895,-1,-1,-1
181,4,794.80,265.08,185.49,620.02,0.9078,-1,-1,-1
181,6,1107.71,286.13,202.95,526.81,0.9066,-1,-1,-1
181,26,-38.01,248.26,202.01,832.38,0.8657,-1,-1,-1
181,37,552.16,381.42,104.01,284.16,0.7975,-1,-1,-1
181,38,1018.21,374.24,77.02,224.34,0.7788,-1,-1,-1
181,42,663.49,349.71,117.55,322.12,0.8809,-1,-1,-1
181,40,1707.21,356.57,56.50,76.90,0.5077,-1,-1,-1
182,4,796.53,264.73,185.31,619.21,0.8932,-1,-1,-1
182,6,1114.03,285.54,202.14,526.03,0.9059,-1,-1,-1
182,26,-35.47,274.18,188.63,806.62,0.8584,-1,-1,-1
182,37,553.52,382.39,105.18,286.83,0.8184,-1,-1,-1
182,38,1022.66,377.06,76.22,220.85,0.8658,-1,-1,-1
182,42,663.19,349.05,120.22,324.83,0.8916,-1,-1,-1
182,40,1714.38,355.82,56.69,76.83,0.5976,-1,-1,-1
183,4,801.59,263.29,184.76,614.27,0.8973,-1,-1,-1
183,6,1124.07,283.83,199.65,521.32,0.9154,-1,-1,-1
183,26,-34.43,300.09,175.40,780.68,0.8555,-1,-1,-1
183,37,554.88,384.94,105.57,287.05,0.8021,-1,-1,-1
183,38,1026.03,382.32,75.55,216.48,0.8124,-1,-1,-1
183,42,663.49,347.80,122.99,327.91,0.8944,-1,-1,-1
183,40,1715.02,354.18,57.10,77.75,0.3969,-1,-1,-1
184,4,806.46,264.03,182.85,603.37,0.9109,-1,-1,-1
184,6,1130.12,283.12,197.62,516.79,0.9202,-1,-1,-1
184,26,-30.38,357.82,155.97,721.59,0.8369,-1,-1,-1
184,37,556.75,388.71,105.98,285.64,0.5904,-1,-1,-1
184,38,1029.99,382.11,77.03,219.36,0.7516,-1,-1,-1
184,42,667.37,346.66,125.09,328.67,0.8915,-1,-1,-1
184,40,1726.13,355.01,56.32,75.89,0.4570,-1,-1,-1
185,4,808.13,262.26,183.31,600.66,0.8824,-1,-1,-1
185,6,1136.75,282.65,196.81,514.46,0.8119,-1,-1,-1
185,26,-28.87,383.17,144.29,695.19,0.7844,-1,-1,-1
185,37,560.43,391.28,107.31,285.56,0.7924,-1,-1,-1
185,38,1035.00,384.14,76.74,218.13,0.7938,-1,-1,-1
185,42,670.27,334.44,130.63,342.62,0.9040,-1,-1,-1
185,40,1730.96,352.39,58.44,77.82,0.4784,-1,-1,-1
186,4,808.46,258.44,185.28,604.41,0.8849,-1,-1,-1
186,6,1143.77,283.72,196.00,514.61,0.9164,-1,-1,-1
186,26,-26.56,396.05,136.25,682.10,0.7306,-1,-1,-1
186,37,561.65,391.99,109.10,287.28,0.8206,-1,-1,-1
186,38,1038.23,384.02,77.38,218.19,0.7772,-1,-1,-1
186,42,671.16,327.10,134.07,351.25,0.9031,-1,-1,-1
186,40,1738.75,352.18,59.14,78.91,0.3136,-1,-1,-1
187,4,810.45,254.73,186.51,605.18,0.8893,-1,-1,-1
187,6,1148.77,279.96,196.47,518.60,0.9107,-1,-1,-1
187,37,562.44,388.00,112.34,292.58,0.8428,-1,-1,-1
187,38,1042.05,380.05,77.96,219.62,0.7951,-1,-1,-1
187,42,672.47,327.71,134.23,350.81,0.8833,-1,-1,-1
187,40,1751.99,353.99,57.41,77.07,0.3323,-1,-1,-1
188,4,809.58,252.63,188.73,607.18,0.8888,-1,-1,-1
188,6,1151.94,278.61,195.45,518.36,0.9129,-1,-1,-1
188,37,562.23,386.47,114.28,294.25,0.8530,-1,-1,-1
188,38,1040.87,377.76,79.50,222.03,0.7973,-1,-1,-1
188,42,671.56,326.10,134.78,350.77,0.8696,-1,-1,-1
188,40,1758.86,354.20,55.60,74.93,0.4931,-1,-1,-1
189,4,807.37,252.08,191.07,610.33,0.8925,-1,-1,-1
189,6,1153.99,275.71,195.35,521.86,0.9041,-1,-1,-1
189,37,560.63,382.32,117.61,299.29,0.5912,-1,-1,-1
189,38,1040.48,375.75,80.43,223.01,0.8012,-1,-1,-1
189,42,670.33,324.62,136.21,353.40,0.9045,-1,-1,-1
189,40,1761.39,352.21,56.31,75.27,0.5847,-1,-1,-1
190,4,807.65,251.09,192.74,613.24,0.6005,-1,-1,-1
190,6,1155.77,274.51,194.75,523.90,0.9014,-1,-1,-1
190,37,558.05,380.35,120.83,302.00,0.7413,-1,-1,-1
190,38,1038.39,375.80,81.26,221.96,0.7764,-1,-1,-1
190,42,671.39,323.04,137.23,356.77,0.9005,-1,-1,-1
190,40,1761.84,352.01,57.65,76.34,0.6149,-1,-1,-1
191,4,807.84,250.92,194.75,618.77,0.8758,-1,-1,-1
191,6,1157.17,275.84,194.28,526.15,0.7155,-1,-1,-1
191,37,553.46,378.61,123.49,305.55,0.7531,-1,-1,-1
191,38,1037.75,374.22,83.10,225.08,0.7823,-1,-1,-1
191,42,671.26,323.46,137.83,359.43,0.8864,-1,-1,-1
191,40,1763.46,354.26,58.52,77.43,0.5793,-1,-1,-1
192,4,810.12,256.40,194.97,620.20,0.8980,-1,-1,-1
192,6,1157.70,282.64,192.89,525.67,0.9257,-1,-1,-1
192,37,539.14,377.60,121.93,307.20,0.8078,-1,-1,-1
192,38,1036.17,376.68,83.52,224.27,0.7889,-1,-1,-1
192,42,668.46,324.68,138.63,361.39,0.8720,-1,-1,-1
192,40,1763.45,358.13,58.82,76.68,0.5741,-1,-1,-1
193,4,811.09,261.42,194.93,620.01,0.9063,-1,-1,-1
193,6,1156.40,285.07,191.72,526.64,0.9286,-1,-1,-1
193,37,537.81,377.14,123.55,309.90,0.7673,-1,-1,-1
193,38,1034.10,375.74,84.76,226.68,0.8090,-1,-1,-1
193,42,662.66,327.35,139.90,362.56,0.8631,-1,-1,-1
193,40,1761.42,359.95,59.97,76.81,0.5758,-1,-1,-1
194,4,810.51,265.84,194.40,616.73,0.8918,-1,-1,-1
194,6,1154.41,288.45,190.55,527.67,0.9293,-1,-1,-1
194,37,533.92,377.21,125.53,313.20,0.8463,-1,-1,-1
194,38,1034.61,377.92,84.70,226.46,0.8177,-1,-1,-1
194,42,659.02,329.89,141.31,365.08,0.8931,-1,-1,-1
194,40,1760.36,361.23,62.52,79.40,0.5371,-1,-1,-1
195,4,809.32,271.58,194.46,612.75,0.8958,-1,-1,-1
195,6,1150.79,291.44,189.55,528.79,0.9299,-1,-1,-1
195,37,521.67,378.31,126.11,317.51,0.8502,-1,-1,-1
195,38,1031.08,380.42,85.10,225.41,0.8289,-1,-1,-1
195,42,652.57,334.67,143.22,367.34,0.8963,-1,-1,-1
195,40,1760.51,364.93,63.41,80.33,0.6406,-1,-1,-1
196,4,805.83,270.91,196.37,615.66,0.8969,-1,-1,-1
196,6,1145.58,293.88,188.77,530.54,0.9206,-1,-1,-1
196,37,513.27,379.72,127.52,322.92,0.8526,-1,-1,-1
196,38,1026.96,383.14,85.65,224.31,0.8251,-1,-1,-1
196,42,647.70,339.78,144.18,367.55,0.8869,-1,-1,-1
196,40,1761.31,367.83,62.61,79.63,0.4630,-1,-1,-1
197,4,803.57,271.29,197.79,616.36,0.9030,-1,-1,-1
197,6,1140.72,295.10,188.20,533.15,0.9217,-1,-1,-1
197,37,503.93,382.41,127.17,325.34,0.7738,-1,-1,-1
197,38,1023.44,386.83,85.78,222.43,0.8754,-1,-1,-1
197,42,640.46,341.77,145.92,370.09,0.8738,-1,-1,-1
197,40,1761.12,372.21,60.52,76.71,0.3550,-1,-1,-1
198,4,802.82,272.60,198.83,616.74,0.8927,-1,-1,-1
198,6,1136.17,297.28,186.34,530.64,0.9111,-1,-1,-1
198,37,494.50,385.02,128.03,329.89,0.8546,-1,-1,-1
198,38,1019.62,390.26,85.90,221.15,0.8596,-1,-1,-1
198,42,628.44,343.19,148.37,373.95,0.8940,-1,-1,-1
199,4,806.79,275.21,194.54,602.16,0.9056,-1,-1,-1
199,6,1130.19,298.18,188.24,539.57,0.8887,-1,-1,-1
199,37,487.03,388.20,128.43,332.67,0.8629,-1,-1,-1
199,38,1015.16,395.89,84.82,216.85,0.8554,-1,-1,-1
199,42,615.21,345.51,151.81,379.25,0.9023,-1,-1,-1
200,4,806.93,279.28,192.13,590.90,0.9075,-1,-1,-1
200,6,1125.04,300.80,187.30,538.13,0.8801,-1,-1,-1
200,37,479.78,392.30,129.47,335.18,0.7965,-1,-1,-1
200,38,1012.94,403.94,83.01,211.22,0.7728,-1,-1,-1
200,42,609.03,346.83,153.02,382.86,0.9089,-1,-1,-1
200,40,1741.94,379.87,64.22,80.19,0.6724,-1,-1,-1
201,4,804.60,280.82,191.95,589.23,0.9069,-1,-1,-1
201,6,1119.19,303.54,185.46,532.06,0.6209,-1,-1,-1
201,37,467.87,395.21,129.46,336.62,0.8521,-1,-1,-1
201,38,1008.14,396.87,85.69,220.12,0.8175,-1,-1,-1
201,42,592.97,347.89,154.79,383.94,0.8673,-1,-1,-1
201,40,1736.95,382.66,65.07,79.85,0.4411,-1,-1,-1
202,4,799.56,281.18,192.99,592.19,0.9141,-1,-1,-1
202,6,1114.22,304.28,185.96,532.40,0.7494,-1,-1,-1
202,37,460.65,399.68,129.47,335.28,0.8623,-1,-1,-1
202,38,1004.50,402.81,83.97,217.06,0.7771,-1,-1,-1
202,42,585.13,347.56,156.42,388.73,0.8861,-1,-1,-1
202,40,1734.72,384.27,65.17,79.41,0.4296,-1,-1,-1
203,4,797.98,281.74,193.13,594.80,0.9080,-1,-1,-1
203,6,1110.52,304.75,186.70,532.68,0.8335,-1,-1,-1
203,37,442.56,398.38,130.24,342.25,0.7224,-1,-1,-1
203,38,1000.89,407.10,83.54,216.64,0.8005,-1,-1,-1
203,42,577.12,345.32,158.91,396.15,0.8972,-1,-1,-1
203,40,1737.47,386.03,63.73,78.79,0.3420,-1,-1,-1
204,4,799.54,284.04,191.91,596.26,0.8996,-1,-1,-1
204,6,1107.52,305.97,186.94,531.26,0.6446,-1,-1,-1
204,37,436.22,399.19,132.18,345.41,0.8168,-1,-1,-1
204,38,1000.53,411.78,83.03,217.05,0.7992,-1,-1,-1
204,42,570.62,344.70,159.41,398.56,0.8941,-1,-1,-1
204,40,1739.03,387.97,61.16,76.48,0.3077,-1,-1,-1
205,4,800.17,285.67,190.78,597.98,0.8991,-1,-1,-1
205,6,1105.84,305.75,187.57,530.57,0.8772,-1,-1,-1
205,37,428.71,398.63,134.88,349.30,0.8645,-1,-1,-1
205,38,999.28,413.76,82.06,215.83,0.7537,-1,-1,-1
205,42,562.52,344.03,159.50,400.20,0.8861,-1,-1,-1
205,40,1737.56,385.60,62.27,79.18,0.3797,-1,-1,-1
205,43,758.72,396.89,66.86,245.47,0.7774,-1,-1,-1
206,4,800.41,287.26,189.58,599.76,0.9007,-1,-1,-1
206,6,1103.20,305.59,189.51,532.81,0.7902,-1,-1,-1
206,37,422.69,396.79,137.70,353.12,0.8841,-1,-1,-1
206,38,998.10,415.62,81.16,213.80,0.7594,-1,-1,-1
206,42,556.23,342.19,160.12,402.89,0.9075,-1,-1,-1
206,40,1737.75,384.37,61.79,79.72,0.3847,-1,-1,-1
206,43,757.02,395.89,67.56,248.00,0.8052,-1,-1,-1
207,4,800.80,288.81,187.80,599.42,0.8866,-1,-1,-1
207,6,1100.90,306.08,191.52,534.45,0.7337,-1,-1,-1
207,37,415.88,395.39,139.97,356.45,0.9082,-1,-1,-1
207,38,997.43,415.18,81.31,214.93,0.7677,-1,-1,-1
207,42,551.09,342.34,160.88,404.54,0.9217,-1,-1,-1
207,40,1738.17,383.45,61.83,81.07,0.4092,-1,-1,-1
207,43,755.55,395.48,67.98,249.38,0.8004,-1,-1,-1
208,4,801.30,289.63,185.99,599.08,0.8573,-1,-1,-1
208,6,1099.99,304.72,194.77,539.56,0.7337,-1,-1,-1
208,37,406.32,394.71,140.91,358.28,0.9118,-1,-1,-1
208,38,998.76,411.58,80.35,213.84,0.7980,-1,-1,-1
208,42,544.08,336.94,164.57,413.45,0.9076,-1,-1,-1
208,40,1738.22,383.29,61.46,81.74,0.3552,-1,-1,-1
208,43,755.17,393.61,68.68,251.77,0.7958,-1,-1,-1
208,45,1093.87,302.49,207.20,540.11,0.7072,-1,-1,-1
209,4,801.07,290.82,184.53,599.10,0.8711,-1,-1,-1
209,6,1100.19,304.83,197.15,542.45,0.8459,-1,-1,-1
209,37,399.51,391.66,142.58,361.85,0.8414,-1,-1,-1
209,38,998.81,406.07,80.67,216.26,0.7910,-1,-1,-1
209,42,538.89,336.00,167.69,418.18,0.9125,-1,-1,-1
209,40,1739.57,383.45,60.42,81.25,0.4211,-1,-1,-1
209,43,753.64,393.65,68.89,252.83,0.7046,-1,-1,-1
209,45,1094.28,302.64,208.27,542.79,0.7109,-1,-1,-1
210,4,800.36,293.38,183.36,598.63,0.8919,-1,-1,-1
210,6,1100.22,306.45,198.39,542.17,0.3724,-1,-1,-1
210,37,393.41,390.31,143.90,364.53,0.8930,-1,-1,-1
210,38,999.43,405.45,80.41,216.11,0.5756,-1,-1,-1
210,42,535.42,338.12,170.51,422.19,0.8853,-1,-1,-1
210,40,1740.75,383.68,59.46,80.62,0.4003,-1,-1,-1
210,43,750.59,392.60,69.92,256.20,0.7518,-1,-1,-1
210,45,1097.55,307.11,208.06,541.96,0.9042,-1,-1,-1
211,4,799.85,293.53,183.26,601.09,0.8921,-1,-1,-1
211,37,385.93,388.97,145.57,368.61,0.8926,-1,-1,-1
211,38,1001.46,415.61,76.64,206.07,0.5750,-1,-1,-1
211,42,524.74,331.84,177.64,437.74,0.8758,-1,-1,-1
211,40,1741.82,382.92,59.53,81.52,0.4485,-1,-1,-1
211,43,747.57,393.11,70.87,259.72,0.7544,-1,-1,-1
212,4,798.31,292.17,183.53,601.58,0.8841,-1,-1,-1
212,37,375.81,388.74,147.89,375.94,0.8861,-1,-1,-1
212,38,998.22,408.22,79.73,215.23,0.7425,-1,-1,-1
212,42,513.33,331.01,183.29,447.13,0.8832,-1,-1,-1
212,43,744.56,394.10,71.52,261.54,0.7536,-1,-1,-1
212,6,1101.63,313.19,199.93,542.11,0.9118,-1,-1,-1
213,4,795.20,292.65,183.57,601.51,0.8864,-1,-1,-1
213,37,368.19,389.53,151.09,384.70,0.9103,-1,-1,-1
213,38,995.62,404.51,81.47,220.23,0.8085,-1,-1,-1
213,42,509.77,336.62,184.33,447.54,0.8905,-1,-1,-1
213,43,740.51,395.92,71.80,263.27,0.7682,-1,-1,-1
213,6,1101.91,313.99,201.85,544.12,0.9111,-1,-1,-1
214,4,793.72,296.49,181.89,594.32,0.8850,-1,-1,-1
214,37,362.34,394.48,153.01,390.39,0.9235,-1,-1,-1
214,38,995.21,409.21,81.35,219.46,0.8236,-1,-1,-1
214,42,507.99,341.39,184.81,446.50,0.8846,-1,-1,-1
214,43,738.29,401.06,71.05,261.32,0.7708,-1,-1,-1
214,6,1102.26,319.61,203.25,544.83,0.9181,-1,-1,-1
215,4,792.98,293.96,180.67,587.01,0.8854,-1,-1,-1
215,37,357.52,396.22,154.54,395.59,0.9249,-1,-1,-1
215,38,994.72,407.25,82.47,222.11,0.7874,-1,-1,-1
215,42,505.03,341.31,187.61,451.78,0.8997,-1,-1,-1
215,43,736.99,401.61,70.59,260.82,0.7846,-1,-1,-1
215,6,1103.93,317.74,205.72,550.88,0.9177,-1,-1,-1
216,4,791.68,291.74,182.22,588.38,0.8864,-1,-1,-1
216,37,353.62,396.93,156.06,401.40,0.9206,-1,-1,-1
216,38,1000.14,412.20,80.74,217.51,0.8275,-1,-1,-1
216,42,500.48,337.74,191.57,461.45,0.9170,-1,-1,-1
216,43,737.91,400.85,70.19,260.97,0.7164,-1,-1,-1
216,6,1108.15,315.69,206.51,554.57,0.9037,-1,-1,-1
217,4,791.38,290.14,183.80,589.65,0.8913,-1,-1,-1
217,37,351.52,397.78,156.07,402.85,0.9227,-1,-1,-1
217,38,1005.18,416.41,79.58,214.34,0.8512,-1,-1,-1
217,42,497.80,334.13,194.71,470.04,0.9182,-1,-1,-1
217,43,739.17,398.83,71.43,267.46,0.6962,-1,-1,-1
217,6,1113.10,312.79,206.80,556.81,0.8870,-1,-1,-1
218,4,793.69,289.27,185.48,592.24,0.8924,-1,-1,-1
218,37,351.40,397.69,158.08,408.12,0.9232,-1,-1,-1
218,38,1010.17,422.41,77.66,208.76,0.8191,-1,-1,-1
218,42,496.37,327.57,198.46,481.95,0.9202,-1,-1,-1
218,43,742.59,397.10,72.07,272.28,0.7273,-1,-1,-1
218,6,1120.15,312.86,204.56,552.98,0.7109,-1,-1,-1
219,4,797.48,289.71,186.66,593.24,0.8991,-1,-1,-1
219,37,353.18,399.14,159.88,410.99,0.9140,-1,-1,-1
219,38,1014.70,421.16,79.66,213.91,0.8278,-1,-1,-1
219,42,498.62,323.33,199.91,488.37,0.9222,-1,-1,-1
219,43,745.96,397.06,72.44,275.22,0.7587,-1,-1,-1
219,6,1126.61,313.86,201.96,547.14,0.8229,-1,-1,-1
220,4,798.81,293.32,188.01,594.04,0.8980,-1,-1,-1
220,37,354.48,398.59,161.61,413.58,0.9281,-1,-1,-1
220,38,1018.35,420.63,80.24,215.16,0.8459,-1,-1,-1
220,42,501.94,321.21,200.18,491.79,0.9142,-1,-1,-1
220,43,748.56,397.63,72.62,275.82,0.7438,-1,-1,-1
220,6,1132.66,314.28,201.80,547.13,0.8437,-1,-1,-1
221,4,804.40,296.24,189.63,595.96,0.8945,-1,-1,-1
221,37,354.56,395.36,164.26,418.53,0.9253,-1,-1,-1
221,38,1023.37,423.06,79.79,213.76,0.8406,-1,-1,-1
221,42,503.34,317.84,200.91,496.19,0.9180,-1,-1,-1
221,43,752.04,396.50,73.37,277.41,0.7595,-1,-1,-1
221,6,1141.69,314.85,201.17,546.15,0.7160,-1,-1,-1
222,4,808.84,298.60,190.89,598.26,0.8990,-1,-1,-1
222,37,353.55,392.01,166.80,423.52,0.9267,-1,-1,-1
222,38,1025.40,424.18,80.79,214.51,0.8179,-1,-1,-1
222,42,503.74,313.07,202.49,503.48,0.9221,-1,-1,-1
222,43,755.80,396.23,74.01,278.68,0.7934,-1,-1,-1
222,6,1148.82,317.24,200.24,545.87,0.6157,-1,-1,-1
222,46,1150.84,317.32,199.55,545.98,0.5349,-1,-1,-1
222,47,1808.41,396.86,50.99,82.87,0.5386,-1,-1,-1
223,4,815.65,301.28,190.88,597.68,0.9031,-1,-1,-1
223,37,351.67,390.14,168.69,426.51,0.9231,-1,-1,-1
223,38,1030.87,422.30,81.37,217.36,0.7898,-1,-1,-1
223,42,505.02,309.73,202.87,506.85,0.9207,-1,-1,-1
223,43,759.40,395.21,74.86,280.37,0.4949,-1,-1,-1
223,6,1155.92,316.37,200.07,548.46,0.8081,-1,-1,-1
223,47,1813.09,395.96,52.46,85.23,0.5480,-1,-1,-1
224,4,822.42,303.80,190.69,595.70,0.9137,-1,-1,-1
224,37,349.96,389.05,169.69,427.96,0.9157,-1,-1,-1
224,38,1036.17,420.30,81.49,217.96,0.8325,-1,-1,-1
224,42,504.05,305.69,204.53,513.13,0.9178,-1,-1,-1
224,43,762.36,393.16,76.74,284.97,0.8863,-1,-1,-1
224,6,1161.99,314.28,200.25,552.33,0.8177,-1,-1,-1
224,47,1821.99,395.46,53.55,86.87,0.4415,-1,-1,-1
225,4,829.80,304.29,190.95,593.83,0.9194,-1,-1,-1
225,37,346.75,388.32,170.74,431.40,0.9235,-1,-1,-1
225,38,1039.24,421.02,80.86,216.06,0.8380,-1,-1,-1
225,42,502.52,301.28,207.77,523.16,0.8984,-1,-1,-1
225,43,765.12,393.81,78.31,286.53,0.9056,-1,-1,-1
225,6,1169.34,313.41,200.12,555.27,0.8803,-1,-1,-1
225,47,1832.58,396.54,52.83,85.56,0.4764,-1,-1,-1
226,4,837.98,302.72,190.01,589.34,0.9132,-1,-1,-1
226,37,340.58,385.51,172.34,435.86,0.9164,-1,-1,-1
226,38,1040.48,422.37,80.14,213.62,0.8299,-1,-1,-1
226,42,498.79,299.21,211.12,531.98,0.8347,-1,-1,-1
226,43,766.76,394.26,80.20,287.99,0.4706,-1,-1,-1
226,6,1173.55,314.26,199.12,556.05,0.7902,-1,-1,-1
226,47,1837.06,395.91,53.86,86.92,0.6075,-1,-1,-1
226,49,671.98,405.04,71.87,210.72,0.6843,-1,-1,-1
227,4,842.16,301.25,188.94,582.92,0.9005,-1,-1,-1
227,37,333.79,382.25,174.72,443.73,0.9008,-1,-1,-1
227,38,1043.25,425.45,79.82,210.58,0.8346,-1,-1,-1
227,42,492.40,295.63,215.82,544.59,0.8988,-1,-1,-1
227,43,765.34,393.41,83.17,291.47,0.8788,-1,-1,-1
227,6,1177.28,315.65,197.47,554.38,0.6860,-1,-1,-1
227,47,1841.98,397.36,54.42,86.84,0.4719,-1,-1,-1
227,49,671.48,403.14,73.46,215.45,0.7299,-1,-1,-1
228,4,843.13,298.60,192.22,592.95,0.7353,-1,-1,-1
228,37,324.04,374.98,179.04,459.45,0.9047,-1,-1,-1
228,38,1044.76,422.00,81.45,213.81,0.8459,-1,-1,-1
228,42,482.65,292.37,220.00,552.47,0.8934,-1,-1,-1
228,43,764.72,392.93,86.02,294.26,0.8969,-1,-1,-1
228,6,1179.06,315.90,197.56,558.22,0.7476,-1,-1,-1
228,47,1847.38,397.50,54.26,85.67,0.3558,-1,-1,-1
228,49,669.13,400.50,76.90,225.58,0.7240,-1,-1,-1
229,4,847.09,296.29,192.06,594.00,0.6721,-1,-1,-1
229,37,314.04,370.53,181.69,471.59,0.9013,-1,-1,-1
229,38,1046.82,421.38,81.73,214.26,0.8438,-1,-1,-1
229,42,477.52,291.30,221.74,555.23,0.8883,-1,-1,-1
229,43,763.14,392.81,88.47,297.15,0.9064,-1,-1,-1
229,6,1180.34,317.19,197.46,561.16,0.8293,-1,-1,-1
229,47,1850.47,395.99,56.20,88.22,0.4459,-1,-1,-1
229,49,666.41,400.28,77.78,227.90,0.7540,-1,-1,-1
230,4,853.19,296.29,189.67,587.35,0.8468,-1,-1,-1
230,37,305.02,371.83,183.81,479.42,0.9129,-1,-1,-1
230,38,1048.19,420.25,81.85,215.13,0.8706,-1,-1,-1
230,42,464.94,291.25,227.10,564.74,0.8839,-1,-1,-1
230,43,761.94,394.50,90.27,298.74,0.9056,-1,-1,-1
230,6,1181.72,317.62,196.74,562.22,0.8774,-1,-1,-1
230,47,1853.64,396.75,57.25,89.05,0.5567,-1,-1,-1
230,49,662.96,398.49,79.47,232.11,0.7487,-1,-1,-1
230,50,854.95,299.01,184.86,576.33,0.5009,-1,-1,-1
231,4,859.31,296.55,187.81,583.60,0.8091,-1,-1,-1
231,37,293.14,373.52,184.79,483.35,0.9096,-1,-1,-1
231,38,1048.00,418.44,82.46,217.44,0.8700,-1,-1,-1
231,42,454.61,289.37,233.78,578.25,0.8890,-1,-1,-1
231,43,760.63,394.93,92.06,300.82,0.8915,-1,-1,-1
231,6,1181.69,317.16,196.42,564.33,0.8763,-1,-1,-1
231,47,1856.10,400.72,57.14,88.02,0.6717,-1,-1,-1
231,49,657.13,397.32,84.35,245.78,0.8101,-1,-1,-1
231,50,860.63,299.02,183.10,570.83,0.5445,-1,-1,-1
232,4,861.51,297.08,186.88,582.59,0.7400,-1,-1,-1
232,37,276.11,372.18,187.58,492.97,0.8923,-1,-1,-1
232,38,1046.00,420.68,82.06,217.00,0.8498,-1,-1,-1
232,42,443.12,287.10,238.88,589.71,0.8843,-1,-1,-1
232,43,756.35,398.47,93.43,301.86,0.9128,-1,-1,-1
232,6,1180.10,317.32,196.46,567.64,0.8533,-1,-1,-1
232,47,1856.63,402.58,58.32,89.25,0.6784,-1,-1,-1
232,49,647.80,397.71,90.22,262.62,0.8374,-1,-1,-1
232,50,863.23,299.25,181.93,567.28,0.5416,-1,-1,-1
233,4,858.04,299.74,186.88,583.83,0.8299,-1,-1,-1
233,37,257.15,370.60,192.82,505.14,0.8285,-1,-1,-1
233,38,1042.49,421.61,83.00,220.40,0.8405,-1,-1,-1
233,42,429.80,284.65,245.17,604.59,0.9235,-1,-1,-1
233,43,746.20,396.10,96.66,306.76,0.8875,-1,-1,-1
233,6,1176.24,318.15,197.86,574.67,0.6844,-1,-1,-1
233,47,1855.62,406.48,58.39,88.71,0.7141,-1,-1,-1
233,49,638.97,402.88,94.87,276.30,0.8499,-1,-1,-1
233,50,858.79,301.64,182.25,568.38,0.6406,-1,-1,-1
234,37,244.85,368.96,197.42,519.23,0.8779,-1,-1,-1
234,38,1038.19,424.96,83.06,221.02,0.8171,-1,-1,-1
234,42,413.86,281.66,248.90,615.58,0.9230,-1,-1,-1
234,43,740.44,392.75,99.18,311.69,0.8910,-1,-1,-1
234,6,1173.74,320.27,197.99,576.20,0.9051,-1,-1,-1
234,47,1854.80,411.08,57.11,85.78,0.6509,-1,-1,-1
234,49,631.27,404.06,97.83,285.24,0.8669,-1,-1,-1
235,37,229.71,364.85,201.89,534.31,0.9025,-1,-1,-1
235,38,1036.62,425.95,82.14,219.49,0.8155,-1,-1,-1
235,42,397.97,275.56,252.14,625.02,0.9106,-1,-1,-1
235,43,731.32,391.88,101.22,314.60,0.8674,-1,-1,-1
235,6,1167.53,320.49,198.65,578.07,0.9120,-1,-1,-1
235,47,1854.29,413.87,57.17,85.08,0.5560,-1,-1,-1
235,49,623.71,404.72,99.42,290.85,0.8923,-1,-1,-1
235,4,856.07,302.81,188.16,588.91,0.9112,-1,-1,-1
236,37,214.73,361.89,203.89,539.27,0.8298,-1,-1,-1
236,38,1034.00,428.09,81.15,216.48,0.7784,-1,-1,-1
236,42,383.19,271.33,254.90,634.91,0.9091,-1,-1,-1
236,43,726.43,391.88,102.98,318.34,0.8730,-1,-1,-1
236,6,1162.54,322.06,199.29,578.37,0.9091,-1,-1,-1
236,47,1854.71,415.83,57.57,84.90,0.6484,-1,-1,-1
236,49,614.68,405.61,102.70,301.58,0.8608,-1,-1,-1
236,4,855.12,305.73,187.99,590.76,0.9056,-1,-1,-1
237,37,202.04,358.70,205.42,544.38,0.9144,-1,-1,-1
237,38,1032.83,427.91,81.66,219.51,0.8204,-1,-1,-1
237,42,370.72,266.54,256.97,643.56,0.9045,-1,-1,-1
237,43,718.52,389.82,106.19,324.10,0.8742,-1,-1,-1
237,6,1160.14,323.78,198.83,573.97,0.9158,-1,-1,-1
237,47,1853.84,416.70,59.28,86.68,0.6404,-1,-1,-1
237,49,606.58,406.39,103.86,306.06,0.8715,-1,-1,-1
237,4,854.90,309.42,186.88,590.45,0.9249,-1,-1,-1
238,37,187.75,351.88,208.86,555.78,0.9193,-1,-1,-1
238,38,1031.36,426.02,83.14,225.35,0.5782,-1,-1,-1
238,42,354.19,261.41,259.52,653.85,0.8998,-1,-1,-1
238,43,716.42,388.87,107.36,326.10,0.8978,-1,-1,-1
238,6,1157.59,327.40,198.19,567.30,0.9108,-1,-1,-1
238,47,1851.64,417.04,61.73,89.60,0.6423,-1,-1,-1
238,49,599.28,406.97,104.44,307.80,0.8847,-1,-1,-1
238,4,853.36,311.23,186.38,593.00,0.9210,-1,-1,-1
239,37,172.39,352.33,209.42,561.10,0.7688,-1,-1,-1
239,38,1029.55,426.93,83.52,229.41,0.6230,-1,-1,-1
239,42,337.88,258.14,262.07,661.54,0.8948,-1,-1,-1
239,43,708.90,388.19,109.39,329.44,0.9079,-1,-1,-1
239,6,1154.11,327.99,198.92,564.87,0.9133,-1,-1,-1
239,47,1850.78,419.12,61.99,89.64,0.6451,-1,-1,-1
239,49,591.36,406.31,105.58,311.85,0.8557,-1,-1,-1
239,4,851.99,315.81,184.99,592.27,0.9140,-1,-1,-1
240,37,153.13,349.84,211.68,568.08,0.8451,-1,-1,-1
240,38,1026.92,431.32,83.02,230.73,0.6488,-1,-1,-1
240,42,320.16,253.64,267.20,670.41,0.8956,-1,-1,-1
240,43,702.50,387.94,111.60,333.53,0.8984,-1,-1,-1
240,6,1147.65,329.50,200.72,564.82,0.9165,-1,-1,-1
240,47,1847.05,422.00,62.38,89.77,0.5670,-1,-1,-1
240,49,585.93,407.66,105.99,313.98,0.8423,-1,-1,-1
240,4,847.13,320.39,183.28,591.20,0.9079,-1,-1,-1
241,37,135.90,347.03,213.46,574.16,0.8969,-1,-1,-1
241,38,1020.18,426.34,83.80,233.35,0.5635,-1,-1,-1
241,42,305.51,250.53,269.77,678.06,0.9275,-1,-1,-1
241,43,697.14,389.24,112.68,334.09,0.8751,-1,-1,-1
241,6,1141.62,329.69,202.59,566.31,0.9080,-1,-1,-1
241,47,1846.74,423.73,61.81,88.63,0.3064,-1,-1,-1
241,49,576.52,407.65,108.00,321.96,0.8689,-1,-1,-1
241,4,841.33,322.09,181.85,591.00,0.9118,-1,-1,-1
242,37,111.51,340.83,219.01,585.31,0.8894,-1,-1,-1
242,42,287.71,246.36,276.66,694.21,0.9141,-1,-1,-1
242,43,689.21,388.91,114.88,338.59,0.8462,-1,-1,-1
242,6,1136.39,329.41,204.40,568.46,0.8970,-1,-1,-1
242,47,1838.54,423.67,64.66,91.74,0.3826,-1,-1,-1
242,49,567.94,405.03,109.49,329.16,0.8744,-1,-1,-1
242,4,833.71,323.81,178.77,584.02,0.8196,-1,-1,-1
243,37,89.92,337.69,223.72,595.43,0.8688,-1,-1,-1
243,42,262.48,242.19,286.42,714.11,0.9132,-1,-1,-1
243,43,682.09,388.59,116.37,343.42,0.8652,-1,-1,-1
243,6,1130.26,330.94,205.47,568.98,0.8881,-1,-1,-1
243,47,1831.61,421.89,66.61,94.23,0.7077,-1,-1,-1
243,49,558.00,403.81,110.73,332.18,0.8715,-1,-1,-1
243,4,825.78,322.72,179.65,589.09,0.7716,-1,-1,-1
243,38,1005.94,426.48,86.58,243.56,0.5663,-1,-1,-1
244,37,66.66,335.31,233.27,622.17,0.8697,-1,-1,-1
244,42,233.03,237.88,301.90,747.24,0.8942,-1,-1,-1
244,43,675.80,391.18,116.34,344.38,0.8888,-1,-1,-1
244,6,1123.87,331.76,207.15,571.22,0.8090,-1,-1,-1
244,47,1827.97,421.86,66.23,93.07,0.6663,-1,-1,-1
244,49,546.50,401.77,112.93,338.21,0.8584,-1,-1,-1
244,4,818.09,320.46,180.08,591.06,0.8367,-1,-1,-1
244,38,1003.15,426.30,84.22,238.47,0.7695,-1,-1,-1
245,37,37.46,334.57,239.80,635.01,0.8802,-1,-1,-1
245,42,215.48,235.89,306.30,751.76,0.8910,-1,-1,-1
245,43,667.85,392.63,117.24,347.05,0.8819,-1,-1,-1
245,6,1119.01,332.15,208.35,572.60,0.9251,-1,-1,-1
245,47,1824.08,422.20,66.03,92.55,0.6435,-1,-1,-1
245,49,533.99,400.42,114.95,344.13,0.8748,-1,-1,-1
245,4,808.40,317.90,180.14,588.91,0.8719,-1,-1,-1
245,38,999.09,417.84,84.89,242.44,0.6215,-1,-1,-1
246,37,16.81,333.19,243.38,644.19,0.8792,-1,-1,-1
246,42,193.26,232.81,322.09,787.26,0.9009,-1,-1,-1
246,43,657.50,392.08,119.47,352.41,0.8811,-1,-1,-1
246,6,1114.55,332.57,209.80,574.29,0.9226,-1,-1,-1
246,47,1819.94,422.84,65.59,91.81,0.5601,-1,-1,-1
246,49,523.99,398.86,117.50,350.57,0.8712,-1,-1,-1
246,4,801.66,316.49,179.67,582.19,0.8856,-1,-1,-1
246,38,995.68,417.93,82.46,237.50,0.6721,-1,-1,-1
247,37,-0.87,333.52,248.10,657.53,0.9031,-1,-1,-1
247,42,167.91,231.01,332.93,806.55,0.7828,-1,-1,-1
247,43,650.27,392.15,121.20,356.46,0.8814,-1,-1,-1
247,6,1110.58,334.31,211.02,574.76,0.9184,-1,-1,-1
247,47,1814.17,421.18,66.91,93.16,0.5965,-1,-1,-1
247,49,514.13,398.51,119.58,357.90,0.8604,-1,-1,-1
247,4,797.01,315.90,180.41,579.17,0.8813,-1,-1,-1
247,38,993.23,426.82,78.59,226.94,0.5468,-1,-1,-1
248,37,-12.72,332.43,253.66,678.05,0.8955,-1,-1,-1
248,42,140.53,227.92,340.95,814.44,0.9103,-1,-1,-1
248,43,643.11,396.01,122.22,358.57,0.8655,-1,-1,-1
248,6,1104.82,335.05,214.31,581.87,0.9167,-1,-1,-1
248,47,1809.28,422.18,67.71,95.08,0.3778,-1,-1,-1
248,49,503.83,400.43,121.48,365.36,0.8907,-1,-1,-1
248,4,793.46,317.97,182.52,578.65,0.8603,-1,-1,-1
248,38,987.31,426.62,80.27,233.69,0.4778,-1,-1,-1
249,37,-25.11,346.28,251.79,686.76,0.8521,-1,-1,-1
249,42,115.72,224.99,351.91,835.20,0.9213,-1,-1,-1
249,43,636.05,396.90,124.91,365.39,0.8709,-1,-1,-1
249,6,1102.30,337.41,216.15,586.16,0.9179,-1,-1,-1
249,47,1807.18,424.44,66.67,93.10,0.5917,-1,-1,-1
249,49,495.61,401.85,124.66,375.53,0.8897,-1,-1,-1
249,4,785.93,320.66,183.81,579.08,0.8675,-1,-1,-1
250,37,-36.40,344.01,254.19,713.84,0.8519,-1,-1,-1
250,42,94.07,220.92,360.39,849.66,0.9061,-1,-1,-1
250,43,630.20,396.84,127.41,371.40,0.8891,-1,-1,-1
250,6,1101.62,339.03,217.46,589.25,0.9228,-1,-1,-1
250,47,1808.65,425.91,65.98,92.05,0.4647,-1,-1,-1
250,49,489.69,404.93,125.73,380.16,0.8800,-1,-1,-1
250,4,780.77,320.79,186.09,582.99,0.8815,-1,-1,-1
250,53,940.07,371.53,68.41,379.10,0.6522,-1,-1,-1
251,37,-42.05,340.51,251.36,728.84,0.8666,-1,-1,-1
251,42,77.14,217.26,365.43,859.05,0.9023,-1,-1,-1
251,43,626.47,397.85,129.34,375.71,0.8874,-1,-1,-1
251,6,1101.80,338.84,218.67,592.98,0.9245,-1,-1,-1
251,47,1808.48,427.51,65.36,90.30,0.4852,-1,-1,-1
251,49,484.95,410.27,126.61,382.18,0.8937,-1,-1,-1
251,4,777.67,324.32,187.87,586.15,0.8904,-1,-1,-1
251,53,938.55,371.57,68.82,381.50,0.5316,-1,-1,-1
252,37,-46.55,338.38,244.72,736.32,0.8577,-1,-1,-1
252,42,65.24,211.89,368.36,866.36,0.9096,-1,-1,-1
252,43,618.60,398.69,131.60,377.72,0.8946,-1,-1,-1
252,6,1102.57,340.77,218.86,593.89,0.9259,-1,-1,-1
252,47,1808.47,428.90,66.21,89.74,0.4418,-1,-1,-1
252,49,479.29,413.64,128.04,384.67,0.8928,-1,-1,-1
252,4,774.39,328.12,189.08,589.69,0.8630,-1,-1,-1
252,53,938.92,364.78,70.92,392.09,0.4401,-1,-1,-1
253,37,-51.51,334.09,237.71,746.66,0.8625,-1,-1,-1
253,42,58.21,204.57,368.17,870.52,0.9377,-1,-1,-1
253,43,611.58,397.94,134.04,379.34,0.9069,-1,-1,-1
253,6,1104.95,340.70,219.29,596.34,0.9209,-1,-1,-1
253,47,1811.81,427.74,66.78,89.95,0.3791,-1,-1,-1
253,49,474.21,414.14,130.27,389.39,0.9050,-1,-1,-1
253,4,772.85,329.96,190.70,594.68,0.8769,-1,-1,-1
253,53,943.18,375.40,70.08,384.32,0.5034,-1,-1,-1
254,37,-53.56,333.00,227.55,748.44,0.8453,-1,-1,-1
254,42,44.55,199.55,368.28,873.89,0.9336,-1,-1,-1
254,43,609.00,398.39,136.14,380.37,0.9115,-1,-1,-1
254,6,1108.25,341.71,218.46,595.46,0.9186,-1,-1,-1
254,47,1819.74,427.04,61.39,80.96,0.3748,-1,-1,-1
254,49,469.82,416.72,132.27,394.87,0.9081,-1,-1,-1
254,4,774.36,333.34,191.51,595.63,0.8879,-1,-1,-1
254,53,956.54,383.17,70.99,378.67,0.6148,-1,-1,-1
255,37,-56.40,330.65,216.93,751.31,0.7794,-1,-1,-1
255,42,30.41,193.87,370.28,879.64,0.9318,-1,-1,-1
255,43,606.53,398.71,139.43,384.73,0.9106,-1,-1,-1
255,6,1113.20,340.23,217.73,594.15,0.9189,-1,-1,-1
255,47,1823.59,425.36,66.50,87.08,0.5742,-1,-1,-1
255,49,466.95,417.47,133.90,399.75,0.9124,-1,-1,-1
255,4,777.96,337.44,192.12,595.00,0.9001,-1,-1,-1
255,53,969.05,416.69,68.26,347.66,0.7393,-1,-1,-1
256,37,-57.20,331.47,204.50,748.02,0.6560,-1,-1,-1
256,42,15.74,185.84,373.82,887.60,0.9349,-1,-1,-1
256,43,604.36,400.71,142.89,388.40,0.9151,-1,-1,-1
256,6,1118.27,341.37,215.33,586.66,0.9025,-1,-1,-1
256,47,1826.47,425.97,69.31,89.75,0.5360,-1,-1,-1
256,49,465.23,417.41,136.37,405.77,0.9107,-1,-1,-1
256,4,783.50,343.83,191.33,591.68,0.9053,-1,-1,-1
256,53,977.01,429.15,69.83,337.92,0.6991,-1,-1,-1
257,42,4.46,179.97,375.60,892.16,0.9360,-1,-1,-1
257,43,601.90,401.17,146.96,394.29,0.9092,-1,-1,-1
257,6,1124.75,341.95,213.32,580.95,0.9047,-1,-1,-1
257,47,1831.97,426.09,71.23,91.97,0.3814,-1,-1,-1
257,49,463.05,416.92,138.31,410.54,0.9091,-1,-1,-1
257,4,789.49,349.51,190.28,586.98,0.9129,-1,-1,-1
257,53,980.58,428.20,73.82,340.59,0.5743,-1,-1,-1
258,42,-3.52,174.10,377.45,897.19,0.9388,-1,-1,-1
258,43,598.03,400.44,152.23,404.46,0.8927,-1,-1,-1
258,6,1131.28,342.16,212.20,578.51,0.9041,-1,-1,-1
258,47,1834.69,423.55,73.42,94.00,0.3845,-1,-1,-1
258,49,460.47,414.74,139.78,414.90,0.9112,-1,-1,-1
258,4,794.42,349.41,190.29,587.01,0.8337,-1,-1,-1
258,53,998.43,446.01,71.09,320.54,0.4061,-1,-1,-1
259,42,-8.67,167.90,379.37,903.66,0.9354,-1,-1,-1
259,43,594.91,403.77,154.70,405.58,0.9024,-1,-1,-1
259,6,1136.00,342.26,211.60,577.89,0.9140,-1,-1,-1
259,47,1844.97,424.08,71.44,91.78,0.5061,-1,-1,-1
259,49,456.54,412.23,140.04,415.61,0.9004,-1,-1,-1
259,4,799.41,351.72,189.21,582.89,0.7352,-1,-1,-1
259,53,993.71,437.30,76.35,330.08,0.5937,-1,-1,-1
260,42,-12.35,160.14,381.51,912.47,0.9469,-1,-1,-1
260,43,592.49,408.55,156.85,405.74,0.9029,-1,-1,-1
260,6,1140.40,341.47,212.75,583.46,0.9225,-1,-1,-1
260,47,1848.86,423.77,71.32,92.23,0.3689,-1,-1,-1
260,49,452.14,410.40,141.99,420.26,0.9039,-1,-1,-1
260,4,803.03,348.40,190.93,587.82,0.5729,-1,-1,-1
260,53,993.81,433.40,81.43,338.82,0.5792,-1,-1,-1
261,42,-16.10,151.71,383.16,922.50,0.9520,-1,-1,-1
261,43,590.60,411.16,159.17,408.67,0.8941,-1,-1,-1
261,6,1143.55,340.88,213.13,587.23,0.9275,-1,-1,-1
261,47,1850.53,423.20,72.42,94.85,0.4168,-1,-1,-1
261,49,448.85,407.74,143.81,424.59,0.8950,-1,-1,-1
261,4,812.78,346.95,186.38,574.78,0.8162,-1,-1,-1
261,53,994.57,431.90,85.39,343.47,0.6699,-1,-1,-1
262,42,-20.26,143.89,383.19,931.24,0.9545,-1,-1,-1
262,43,589.54,412.65,160.02,410.93,0.8704,-1,-1,-1
262,6,1146.85,339.96,213.04,589.79,0.9311,-1,-1,-1
262,47,1854.13,423.39,71.37,95.36,0.4040,-1,-1,-1
262,49,443.77,404.53,146.34,432.86,0.9235,-1,-1,-1
262,4,818.65,344.36,183.96,568.53,0.8194,-1,-1,-1
262,53,994.75,427.07,89.61,349.52,0.5318,-1,-1,-1
262,55,785.98,455.61,55.24,208.20,0.6258,-1,-1,-1
263,42,-25.22,132.72,382.76,942.25,0.9515,-1,-1,-1
263,43,586.32,410.16,161.26,417.38,0.8315,-1,-1,-1
263,6,1150.71,338.13,212.90,592.34,0.9330,-1,-1,-1
263,47,1855.10,422.94,69.79,95.45,0.3725,-1,-1,-1
263,49,437.71,401.31,148.75,441.41,0.9067,-1,-1,-1
263,4,823.75,343.44,180.51,558.41,0.7432,-1,-1,-1
263,53,1000.16,427.75,91.33,346.00,0.7433,-1,-1,-1
263,55,787.00,453.14,55.93,210.51,0.5055,-1,-1,-1
264,42,-29.73,123.57,379.77,949.74,0.9417,-1,-1,-1
264,43,582.20,405.95,162.11,423.41,0.8648,-1,-1,-1
264,6,1153.46,336.33,213.00,595.48,0.9281,-1,-1,-1
264,47,1855.59,420.40,69.39,97.60,0.4219,-1,-1,-1
264,49,429.93,397.42,152.35,451.81,0.9020,-1,-1,-1
264,4,825.03,341.55,179.46,555.67,0.7985,-1,-1,-1
264,53,1006.75,424.79,93.99,346.16,0.7159,-1,-1,-1
265,42,-35.32,115.35,375.13,956.93,0.9320,-1,-1,-1
265,43,577.06,397.88,162.76,430.30,0.8561,-1,-1,-1
265,6,1155.27,334.38,213.04,598.30,0.9298,-1,-1,-1
265,47,1858.57,418.32,68.29,98.29,0.3289,-1,-1,-1
265,49,420.37,396.04,154.66,455.31,0.9129,-1,-1,-1
265,4,824.01,332.91,181.12,564.87,0.7902,-1,-1,-1
265,53,1010.30,419.06,97.53,349.83,0.8237,-1,-1,-1
265,55,787.97,446.80,60.39,226.96,0.6277,-1,-1,-1
266,42,-40.48,116.72,364.17,951.00,0.8702,-1,-1,-1
266,43,569.79,391.01,163.53,435.65,0.8530,-1,-1,-1
266,6,1156.45,331.95,213.20,601.55,0.9309,-1,-1,-1
266,47,1865.70,418.69,63.82,95.31,0.5130,-1,-1,-1
266,49,410.69,395.12,156.56,457.74,0.9028,-1,-1,-1
266,4,824.46,327.57,181.90,572.11,0.8334,-1,-1,-1
266,53,1013.60,412.48,102.65,354.58,0.8067,-1,-1,-1
266,55,788.42,445.02,61.44,230.00,0.7543,-1,-1,-1
267,42,-34.40,195.38,325.51,866.40,0.8605,-1,-1,-1
267,43,555.05,382.74,167.73,443.66,0.9040,-1,-1,-1
267,6,1158.23,330.26,213.06,603.94,0.9290,-1,-1,-1
267,47,1869.88,417.89,61.13,95.06,0.5524,-1,-1,-1
267,49,403.07,392.55,158.42,463.55,0.9200,-1,-1,-1
267,4,826.59,325.57,180.96,575.40,0.8313,-1,-1,-1
267,53,1019.54,408.06,105.89,356.92,0.8282,-1,-1,-1
267,55,789.09,443.47,62.98,234.49,0.8099,-1,-1,-1
268,42,-35.39,225.76,288.93,789.00,0.8521,-1,-1,-1
268,43,551.54,377.69,169.86,448.73,0.9113,-1,-1,-1
268,6,1159.30,327.90,212.76,605.69,0.9288,-1,-1,-1
268,47,1872.54,416.21,59.04,95.75,0.4926,-1,-1,-1
268,49,398.47,391.48,159.79,468.48,0.9271,-1,-1,-1
268,4,829.78,323.95,179.17,578.04,0.8724,-1,-1,-1
268,53,1022.64,405.04,108.75,360.06,0.8692,-1,-1,-1
268,55,789.57,442.13,64.12,236.60,0.8539,-1,-1,-1
269,42,-49.71,224.12,286.41,813.08,0.8612,-1,-1,-1
269,43,545.77,368.40,173.22,458.17,0.8839,-1,-1,-1
269,6,1158.99,324.86,213.83,611.56,0.9239,-1,-1,-1
269,47,1874.31,413.61,58.09,98.62,0.3951,-1,-1,-1
269,49,391.23,383.86,162.61,478.66,0.9208,-1,-1,-1
269,4,832.40,323.00,176.92,579.84,0.8557,-1,-1,-1
269,53,1018.64,401.70,113.78,366.83,0.8008,-1,-1,-1
269,55,788.97,439.89,64.61,236.37,0.8450,-1,-1,-1
270,43,541.35,355.86,176.99,468.23,0.8969,-1,-1,-1
270,6,1157.86,319.11,214.16,615.57,0.9193,-1,-1,-1
270,47,1876.51,410.82,56.29,100.31,0.3092,-1,-1,-1
270,49,384.75,375.59,164.99,485.68,0.9143,-1,-1,-1
270,4,830.75,322.71,173.86,574.65,0.3374,-1,-1,-1
270,53,1021.24,396.97,117.25,372.71,0.6972,-1,-1,-1
270,55,787.75,436.38,64.54,233.69,0.8316,-1,-1,-1
271,43,536.20,348.84,178.86,472.76,0.9008,-1,-1,-1
271,6,1157.50,315.91,212.73,614.13,0.9225,-1,-1,-1
271,47,1877.64,406.85,54.74,102.17,0.3185,-1,-1,-1
271,49,376.53,367.17,168.15,494.07,0.9222,-1,-1,-1
271,4,830.96,323.19,170.40,569.02,0.7121,-1,-1,-1
271,53,1021.15,395.47,119.46,374.19,0.8329,-1,-1,-1
271,55,785.90,432.53,64.82,232.17,0.8343,-1,-1,-1
272,43,529.57,343.17,180.75,478.30,0.8969,-1,-1,-1
272,6,1155.93,310.19,211.38,613.14,0.9268,-1,-1,-1
272,47,1878.87,406.59,50.84,98.28,0.3777,-1,-1,-1
272,49,360.82,356.87,171.67,504.15,0.9281,-1,-1,-1
272,4,829.06,321.07,168.47,570.42,0.8940,-1,-1,-1
272,53,1021.09,393.71,120.66,372.78,0.8497,-1,-1,-1
272,55,781.05,427.54,65.55,232.80,0.8607,-1,-1,-1
273,43,523.45,339.50,180.68,479.92,0.9146,-1,-1,-1
273,6,1153.01,305.15,210.07,611.83,0.9290,-1,-1,-1
273,47,1877.82,402.03,49.83,99.12,0.4497,-1,-1,-1
273,49,345.53,347.18,173.91,511.25,0.9275,-1,-1,-1
273,4,825.41,318.27,167.01,570.07,0.9089,-1,-1,-1
273,53,1018.60,391.62,122.58,374.52,0.8654,-1,-1,-1
273,55,775.88,421.31,66.01,232.05,0.8451,-1,-1,-1
274,43,517.64,335.07,183.73,488.79,0.9083,-1,-1,-1
274,6,1150.31,301.09,208.42,607.91,0.9280,-1,-1,-1
274,47,1876.75,396.80,49.79,101.68,0.5175,-1,-1,-1
274,49,330.47,336.68,175.29,518.00,0.9186,-1,-1,-1
274,4,821.40,310.75,166.29,572.52,0.9164,-1,-1,-1
274,53,1012.68,388.12,125.60,377.95,0.8713,-1,-1,-1
274,55,769.26,415.45,68.15,239.34,0.8042,-1,-1,-1
275,43,508.66,327.75,186.65,496.20,0.9132,-1,-1,-1
275,6,1145.01,294.71,207.42,602.96,0.9292,-1,-1,-1
275,47,1875.40,395.60,48.82,101.15,0.4830,-1,-1,-1
275,49,317.65,325.75,177.67,525.20,0.9021,-1,-1,-1
275,4,814.29,302.45,167.32,576.48,0.6931,-1,-1,-1
275,53,1004.80,382.34,129.25,382.07,0.8865,-1,-1,-1
275,55,761.06,405.61,70.70,248.45,0.7515,-1,-1,-1
276,43,499.58,321.46,188.74,501.83,0.9088,-1,-1,-1
276,6,1140.63,288.58,206.69,598.46,0.9296,-1,-1,-1
276,47,1875.12,393.64,47.32,98.97,0.3931,-1,-1,-1
276,49,304.37,318.57,180.02,530.98,0.9019,-1,-1,-1
276,4,806.21,291.37,168.39,581.49,0.6286,-1,-1,-1
276,53,997.64,374.44,133.09,388.16,0.8983,-1,-1,-1
276,55,753.80,399.47,71.58,252.25,0.7231,-1,-1,-1
277,43,490.89,311.44,189.85,505.13,0.8785,-1,-1,-1
277,6,1135.72,280.76,207.53,598.21,0.9259,-1,-1,-1
277,47,1871.37,389.63,47.00,96.54,0.3573,-1,-1,-1
277,49,289.11,308.82,182.97,541.24,0.9026,-1,-1,-1
277,4,799.30,285.27,165.27,569.47,0.8058,-1,-1,-1
277,53,997.29,368.57,134.85,392.20,0.8548,-1,-1,-1
277,55,745.66,393.49,71.02,250.70,0.7158,-1,-1,-1
277,56,943.94,330.26,63.78,408.84,0.5841,-1,-1,-1
278,43,478.25,299.49,194.32,519.70,0.8961,-1,-1,-1
278,6,1129.57,274.84,208.30,597.90,0.9007,-1,-1,-1
278,47,1868.88,384.70,47.32,94.97,0.3343,-1,-1,-1
278,49,272.55,301.50,185.58,551.76,0.8349,-1,-1,-1
278,4,791.27,278.67,164.19,562.64,0.8784,-1,-1,-1
278,53,989.56,359.08,138.02,397.21,0.8186,-1,-1,-1
278,55,740.17,388.26,68.60,243.81,0.6118,-1,-1,-1
278,56,949.44,340.42,61.15,387.73,0.5413,-1,-1,-1
279,43,468.23,294.29,195.53,525.99,0.9110,-1,-1,-1
279,6,1125.89,266.67,209.86,599.86,0.9085,-1,-1,-1
279,47,1866.18,377.08,49.57,97.79,0.4507,-1,-1,-1
279,49,258.03,293.62,190.19,566.30,0.9098,-1,-1,-1
279,4,783.03,270.74,165.03,559.45,0.8906,-1,-1,-1
279,53,984.74,349.72,140.84,401.57,0.8748,-1,-1,-1
279,55,734.19,379.67,68.05,242.31,0.6678,-1,-1,-1
280,43,462.40,283.00,198.32,537.61,0.8697,-1,-1,-1
280,6,1121.96,257.37,212.25,603.96,0.9089,-1,-1,-1
280,47,1865.73,370.81,50.13,97.55,0.4075,-1,-1,-1
280,49,244.45,280.51,194.07,579.93,0.8409,-1,-1,-1
280,4,777.16,262.06,165.74,556.52,0.9089,-1,-1,-1
280,53,983.97,338.11,143.02,406.36,0.8605,-1,-1,-1
280,55,729.83,372.92,68.38,244.59,0.7965,-1,-1,-1
281,43,456.61,274.22,200.67,547.26,0.5930,-1,-1,-1
281,6,1121.64,250.11,212.99,603.65,0.9112,-1,-1,-1
281,47,1866.70,364.40,49.68,95.66,0.4409,-1,-1,-1
281,49,234.61,271.04,197.75,590.43,0.9109,-1,-1,-1
281,4,776.28,252.97,166.31,555.61,0.8577,-1,-1,-1
281,53,982.93,324.30,146.41,416.03,0.8910,-1,-1,-1
281,55,726.86,368.00,66.52,240.09,0.7203,-1,-1,-1
281,56,933.72,310.10,62.73,386.86,0.5440,-1,-1,-1
282,43,451.34,252.67,206.11,566.41,0.9103,-1,-1,-1
282,6,1118.86,240.91,214.99,607.05,0.9061,-1,-1,-1
282,47,1870.79,358.03,48.78,94.82,0.3289,-1,-1,-1
282,49,225.57,255.75,201.58,600.48,0.9156,-1,-1,-1
282,4,771.11,243.84,169.65,557.89,0.8514,-1,-1,-1
282,53,983.65,310.76,147.98,421.50,0.8729,-1,-1,-1
282,55,724.15,357.09,67.30,245.05,0.6588,-1,-1,-1
282,56,933.47,298.72,64.63,385.14,0.4651,-1,-1,-1
283,43,446.76,233.62,209.12,576.98,0.9127,-1,-1,-1
283,6,1119.12,230.70,216.61,609.45,0.9127,-1,-1,-1
283,47,1870.01,350.00,49.69,96.77,0.4509,-1,-1,-1
283,49,215.58,242.05,206.01,611.31,0.9165,-1,-1,-1
283,4,767.46,234.98,173.09,561.53,0.8468,-1,-1,-1
283,53,983.12,300.27,150.15,428.29,0.8764,-1,-1,-1
283,55,722.27,347.67,68.54,251.94,0.6518,-1,-1,-1
283,56,930.35,291.03,66.10,383.17,0.3412,-1,-1,-1
284,43,441.96,221.42,210.20,578.59,0.9130,-1,-1,-1
284,6,1119.89,221.91,219.14,614.87,0.9135,-1,-1,-1
284,49,205.96,228.10,211.72,626.39,0.9138,-1,-1,-1
284,4,768.27,227.43,175.10,561.16,0.8499,-1,-1,-1
284,53,981.61,289.89,153.33,435.19,0.8599,-1,-1,-1
284,55,721.63,341.93,66.72,245.88,0.6919,-1,-1,-1
284,56,919.46,263.64,70.03,404.48,0.3428,-1,-1,-1
285,43,436.18,206.61,215.51,592.51,0.9298,-1,-1,-1
285,6,1121.67,214.29,221.09,618.51,0.9185,-1,-1,-1
285,49,196.59,213.66,216.43,638.16,0.9161,-1,-1,-1
285,4,767.96,218.94,177.27,562.95,0.8676,-1,-1,-1
285,53,983.12,281.58,156.26,440.87,0.8166,-1,-1,-1
285,55,722.16,333.79,67.07,247.75,0.7381,-1,-1,-1
286,43,433.59,193.35,218.03,599.12,0.9208,-1,-1,-1
286,6,1123.38,207.49,223.11,622.89,0.9151,-1,-1,-1
286,49,183.90,200.05,220.75,649.30,0.9109,-1,-1,-1
286,4,770.27,214.06,178.53,562.41,0.8882,-1,-1,-1
286,53,982.59,273.03,160.83,449.61,0.8655,-1,-1,-1
286,55,722.86,326.04,67.37,248.27,0.8023,-1,-1,-1
287,43,430.91,180.84,221.12,607.38,0.9179,-1,-1,-1
287,6,1126.83,202.25,223.89,621.78,0.9187,-1,-1,-1
287,49,173.44,186.74,224.39,658.30,0.9213,-1,-1,-1
287,4,773.30,209.44,178.38,559.14,0.8872,-1,-1,-1
287,53,983.15,262.83,165.08,456.18,0.8417,-1,-1,-1
287,55,725.09,318.15,68.81,252.09,0.8329,-1,-1,-1
287,56,923.47,242.79,71.48,401.28,0.5568,-1,-1,-1
288,43,428.04,168.81,225.06,618.83,0.9119,-1,-1,-1
288,6,1136.19,194.10,224.88,623.82,0.9107,-1,-1,-1
288,49,165.01,175.37,227.07,665.17,0.9303,-1,-1,-1
288,4,774.92,202.06,179.48,561.20,0.8618,-1,-1,-1
288,53,988.83,255.37,168.36,461.59,0.7740,-1,-1,-1
288,55,728.29,310.19,69.43,253.33,0.8099,-1,-1,-1
288,56,927.40,234.52,72.02,400.89,0.4130,-1,-1,-1
289,43,422.27,160.50,230.98,633.57,0.9360,-1,-1,-1
289,6,1145.25,185.05,226.44,627.46,0.9044,-1,-1,-1
289,49,154.79,163.93,230.87,674.78,0.9334,-1,-1,-1
289,4,780.70,191.29,181.63,566.75,0.5299,-1,-1,-1
289,53,995.17,250.40,170.05,465.75,0.7162,-1,-1,-1
289,55,729.83,300.15,72.64,264.12,0.5328,-1,-1,-1
289,56,931.51,228.04,71.62,398.09,0.5256,-1,-1,-1
290,43,416.77,152.65,238.11,651.94,0.9365,-1,-1,-1
290,6,1155.38,181.20,225.61,625.93,0.9077,-1,-1,-1
290,49,146.64,150.99,234.45,686.05,0.9338,-1,-1,-1
290,4,788.51,186.94,183.46,570.10,0.8731,-1,-1,-1
290,53,1009.19,246.13,172.25,475.75,0.8824,-1,-1,-1
290,55,732.74,295.00,73.40,266.04,0.8230,-1,-1,-1
290,56,944.11,226.76,74.19,398.86,0.4964,-1,-1,-1
291,43,412.45,148.42,242.61,661.43,0.9332,-1,-1,-1
291,6,1166.48,177.80,223.80,623.10,0.8552,-1,-1,-1
291,49,136.72,141.25,238.40,696.62,0.9340,-1,-1,-1
291,4,794.97,184.18,182.62,567.13,0.4871,-1,-1,-1
291,53,1019.08,238.49,173.92,484.71,0.8620,-1,-1,-1
291,55,736.40,288.49,74.69,269.86,0.8301,-1,-1,-1
291,56,949.46,217.36,77.18,405.83,0.4368,-1,-1,-1
292,43,408.53,146.71,247.80,672.43,0.9316,-1,-1,-1
292,6,1176.42,172.61,222.11,619.43,0.9240,-1,-1,-1
292,49,126.17,133.84,242.19,710.34,0.9256,-1,-1,-1
292,4,799.45,180.41,181.60,560.70,0.7909,-1,-1,-1
292,53,1027.05,232.99,174.99,489.08,0.8903,-1,-1,-1
292,55,739.66,282.19,76.20,273.25,0.8432,-1,-1,-1
292,56,954.20,210.19,79.80,412.47,0.3843,-1,-1,-1
293,43,402.66,143.58,253.94,687.57,0.9292,-1,-1,-1
293,6,1186.29,169.75,219.32,613.28,0.9357,-1,-1,-1
293,49,110.73,130.01,249.12,731.55,0.9257,-1,-1,-1
293,4,808.42,179.05,179.26,553.13,0.8769,-1,-1,-1
293,53,1035.08,229.14,177.23,494.31,0.8966,-1,-1,-1
293,55,744.84,277.63,77.44,274.69,0.8276,-1,-1,-1
293,56,962.93,204.09,79.86,402.83,0.5981,-1,-1,-1
294,43,398.21,141.82,258.96,700.84,0.9292,-1,-1,-1
294,6,1199.62,168.81,217.52,611.23,0.8949,-1,-1,-1
294,49,89.85,128.92,257.94,752.73,0.9312,-1,-1,-1
294,4,816.88,177.11,177.84,549.47,0.9131,-1,-1,-1
294,53,1042.90,224.53,179.60,500.55,0.9043,-1,-1,-1
294,55,751.42,276.42,78.80,275.83,0.8280,-1,-1,-1
294,56,968.21,200.83,83.65,413.53,0.6699,-1,-1,-1
295,43,392.17,139.22,267.83,726.04,0.9314,-1,-1,-1
295,6,1212.49,169.00,216.57,613.36,0.9130,-1,-1,-1
295,49,71.66,129.56,264.67,763.65,0.9264,-1,-1,-1
295,4,825.69,177.38,177.70,549.28,0.9027,-1,-1,-1
295,53,1049.88,218.53,184.24,513.91,0.9040,-1,-1,-1
295,55,757.75,276.14,79.90,276.41,0.8756,-1,-1,-1
295,56,972.29,202.85,85.27,418.76,0.5449,-1,-1,-1
296,43,386.64,135.09,274.68,745.23,0.9263,-1,-1,-1
296,6,1224.91,168.42,215.22,616.19,0.9137,-1,-1,-1
296,49,53.10,128.20,272.47,777.13,0.9275,-1,-1,-1
296,4,833.21,175.05,178.11,552.04,0.8873,-1,-1,-1
296,53,1057.30,211.93,188.58,527.12,0.9220,-1,-1,-1
296,55,762.68,274.95,81.38,277.72,0.8689,-1,-1,-1
296,56,977.06,199.39,87.61,426.00,0.6575,-1,-1,-1
297,43,380.24,128.99,280.23,761.17,0.9306,-1,-1,-1
297,6,1237.93,168.99,214.64,622.17,0.9165,-1,-1,-1
297,49,39.44,126.94,280.77,794.51,0.9315,-1,-1,-1
297,4,841.47,175.99,177.27,553.71,0.8655,-1,-1,-1
297,53,1066.91,208.51,191.84,535.44,0.8989,-1,-1,-1
297,55,769.62,274.34,82.55,278.75,0.8743,-1,-1,-1
297,56,988.32,200.71,89.73,423.11,0.7497,-1,-1,-1
298,43,373.16,119.21,285.32,776.17,0.9003,-1,-1,-1
298,6,1247.78,168.94,214.16,629.19,0.9115,-1,-1,-1
298,49,30.36,124.36,287.65,811.33,0.9308,-1,-1,-1
298,4,848.90,177.83,176.17,554.40,0.8565,-1,-1,-1
298,53,1074.37,203.53,195.58,545.18,0.8294,-1,-1,-1
298,55,775.32,275.83,82.54,275.46,0.8876,-1,-1,-1
298,56,991.58,208.76,90.50,420.13,0.7863,-1,-1,-1
299,43,364.21,107.42,291.28,794.36,0.9264,-1,-1,-1
299,6,1254.90,168.99,213.55,634.97,0.9035,-1,-1,-1
299,49,20.91,115.53,296.50,835.77,0.9212,-1,-1,-1
299,4,856.52,179.20,174.21,554.34,0.8499,-1,-1,-1
299,53,1081.69,201.44,199.56,553.97,0.9278,-1,-1,-1
299,55,780.26,275.65,84.24,278.26,0.8741,-1,-1,-1
299,56,994.35,203.49,92.52,427.57,0.8008,-1,-1,-1
300,43,354.12,96.56,297.45,810.86,0.9238,-1,-1,-1
300,6,1256.91,169.64,213.82,638.80,0.9041,-1,-1,-1
300,49,8.64,107.33,307.04,865.33,0.9133,-1,-1,-1
300,4,860.59,183.17,172.50,554.30,0.4033,-1,-1,-1
300,53,1088.94,199.23,205.66,568.89,0.9165,-1,-1,-1
300,55,784.72,275.13,85.62,279.51,0.8457,-1,-1,-1
300,56,998.71,201.77,92.30,425.97,0.8097,-1,-1,-1
301,43,342.89,83.11,304.67,829.92,0.9280,-1,-1,-1
301,6,1257.17,168.96,215.49,643.96,0.9067,-1,-1,-1
301,49,-3.27,97.07,314.69,889.24,0.9362,-1,-1,-1
301,4,864.23,183.98,171.92,558.39,0.9015,-1,-1,-1
301,53,1093.53,198.14,211.45,583.67,0.9067,-1,-1,-1
301,55,787.66,275.56,86.66,279.26,0.8505,-1,-1,-1
301,56,1007.68,203.77,92.78,421.56,0.8041,-1,-1,-1
302,43,330.61,73.35,310.49,843.08,0.9233,-1,-1,-1
302,6,1259.60,168.63,216.54,648.47,0.8966,-1,-1,-1
302,49,-14.32,83.26,320.46,914.16,0.9357,-1,-1,-1
302,4,867.62,185.85,170.48,559.89,0.9040,-1,-1,-1
302,53,1096.55,196.62,215.27,593.92,0.8861,-1,-1,-1
302,55,787.80,275.13,88.44,281.02,0.8549,-1,-1,-1
302,56,1011.05,203.27,93.77,422.10,0.8101,-1,-1,-1
303,43,317.98,58.59,318.18,861.44,0.9283,-1,-1,-1
303,6,1261.92,170.11,216.09,649.95,0.8531,-1,-1,-1
303,49,-24.71,65.50,324.38,940.44,0.9485,-1,-1,-1
303,4,871.11,187.12,167.84,557.84,0.9122,-1,-1,-1
303,53,1099.04,195.81,218.09,604.52,0.8621,-1,-1,-1
303,55,787.89,274.97,89.89,281.94,0.8480,-1,-1,-1
303,56,1011.99,203.57,94.32,422.88,0.8042,-1,-1,-1
304,43,306.21,52.06,325.23,876.94,0.9319,-1,-1,-1
304,6,1265.48,170.40,215.13,652.89,0.8220,-1,-1,-1
304,49,-36.42,51.25,321.89,957.09,0.9235,-1,-1,-1
304,4,870.34,187.73,166.21,557.92,0.9111,-1,-1,-1
304,53,1102.11,195.66,219.99,615.64,0.8588,-1,-1,-1
304,55,788.22,276.04,90.45,281.78,0.8686,-1,-1,-1
304,56,1013.00,206.51,94.40,420.75,0.8368,-1,-1,-1
305,43,292.96,45.62,337.14,909.61,0.9429,-1,-1,-1
305,6,1271.75,170.96,212.50,654.00,0.8373,-1,-1,-1
305,49,-49.09,35.46,318.51,980.15,0.8541,-1,-1,-1
305,4,867.13,187.68,165.32,558.58,0.8962,-1,-1,-1
305,53,1103.50,195.79,221.24,624.77,0.8730,-1,-1,-1
305,55,787.14,277.29,91.05,282.15,0.8678,-1,-1,-1
305,56,1012.61,210.82,94.20,417.62,0.8582,-1,-1,-1
306,43,275.97,41.41,349.91,944.76,0.9415,-1,-1,-1
306,6,1275.22,171.58,209.09,651.45,0.8788,-1,-1,-1
306,49,-57.20,31.96,311.96,997.93,0.9214,-1,-1,-1
306,4,863.44,186.71,164.16,555.82,0.8833,-1,-1,-1
306,53,1101.75,195.30,225.39,643.12,0.8876,-1,-1,-1
306,55,786.15,277.28,92.50,285.52,0.8732,-1,-1,-1
306,56,1011.45,211.51,94.93,418.66,0.8609,-1,-1,-1
307,43,257.69,36.57,361.59,975.08,0.9333,-1,-1,-1
307,6,1278.65,170.32,207.77,658.37,0.4688,-1,-1,-1
307,49,-65.23,30.56,307.18,1027.58,0.9121,-1,-1,-1
307,4,860.52,184.68,162.29,549.32,0.8902,-1,-1,-1
307,53,1102.15,193.79,227.78,655.63,0.8962,-1,-1,-1
307,55,783.60,275.69,93.97,290.14,0.8393,-1,-1,-1
307,56,1009.10,211.29,95.80,418.69,0.8846,-1,-1,-1
308,43,239.95,31.46,371.45,1003.53,0.9345,-1,-1,-1
308,6,1279.80,167.02,204.91,660.26,0.8585,-1,-1,-1
308,49,-62.21,97.04,275.84,965.45,0.8072,-1,-1,-1
308,4,858.15,182.32,161.94,547.43,0.8825,-1,-1,-1
308,53,1101.51,189.72,231.45,671.06,0.8898,-1,-1,-1
308,55,779.91,274.41,94.08,290.67,0.8500,-1,-1,-1
308,56,1006.37,212.17,97.35,420.79,0.8713,-1,-1,-1
309,43,221.32,31.44,378.21,1022.47,0.9339,-1,-1,-1
309,6,1279.87,168.05,200.45,657.05,0.8649,-1,-1,-1
309,49,-58.80,149.43,246.86,906.26,0.8504,-1,-1,-1
309,4,853.84,182.75,162.50,547.06,0.8234,-1,-1,-1
309,53,1098.16,187.37,233.95,682.07,0.8534,-1,-1,-1
309,55,776.78,277.09,91.94,285.48,0.8396,-1,-1,-1
309,56,1004.24,214.40,98.57,421.23,0.8693,-1,-1,-1
310,43,204.03,27.17,382.60,1032.58,0.9398,-1,-1,-1
310,6,1280.40,166.05,198.52,662.07,0.7869,-1,-1,-1
310,49,-57.31,174.43,224.97,868.85,0.5716,-1,-1,-1
310,4,850.21,182.70,162.88,544.86,0.7395,-1,-1,-1
310,53,1096.71,179.98,238.03,697.24,0.7698,-1,-1,-1
310,55,773.97,277.01,91.73,286.87,0.6553,-1,-1,-1
310,56,1002.77,213.71,100.15,423.79,0.8751,-1,-1,-1
311,43,185.28,17.28,391.59,1057.34,0.9400,-1,-1,-1
311,6,1284.48,165.83,194.96,660.23,0.8513,-1,-1,-1
311,4,842.97,183.98,165.85,547.13,0.7775,-1,-1,-1
311,53,1097.38,175.42,240.37,704.84,0.7837,-1,-1,-1
311,55,772.22,273.31,91.61,288.88,0.7782,-1,-1,-1
311,56,1000.78,211.38,101.28,426.89,0.8715,-1,-1,-1
311,58,-6.48,199.35,108.51,500.92,0.8097,-1,-1,-1
312,43,167.89,6.68,397.92,1073.23,0.9497,-1,-1,-1
312,6,1291.51,164.68,190.41,654.95,0.8616,-1,-1,-1
312,4,837.63,183.91,169.30,550.50,0.8181,-1,-1,-1
312,53,1100.60,164.61,244.37,718.66,0.9130,-1,-1,-1
312,55,769.79,271.37,91.44,290.99,0.7637,-1,-1,-1
312,56,1000.31,208.86,102.65,430.81,0.8669,-1,-1,-1
313,43,151.28,2.25,400.76,1075.42,0.9458,-1,-1,-1
313,6,1292.67,162.45,187.46,654.85,0.4958,-1,-1,-1
313,4,831.92,183.68,172.92,553.49,0.8376,-1,-1,-1
313,53,1102.04,150.20,250.33,738.76,0.9254,-1,-1,-1
313,55,767.18,271.99,90.12,289.11,0.8271,-1,-1,-1
313,56,1000.43,210.38,102.87,429.82,0.8641,-1,-1,-1
314,43,134.78,0.16,404.67,1077.07,0.9488,-1,-1,-1
314,6,1293.03,160.40,185.86,659.64,0.8850,-1,-1,-1
314,4,827.52,182.61,175.03,552.84,0.8161,-1,-1,-1
314,53,1101.93,140.90,255.26,755.26,0.9112,-1,-1,-1
314,55,764.72,271.89,90.38,291.61,0.8458,-1,-1,-1
314,56,998.20,212.32,102.47,428.09,0.8567,-1,-1,-1
315,43,112.49,-1.83,410.46,1078.82,0.9550,-1,-1,-1
315,6,1298.92,157.22,180.30,649.25,0.8467,-1,-1,-1
315,4,826.15,182.85,176.09,551.07,0.8846,-1,-1,-1
315,53,1101.65,133.75,261.49,778.38,0.9189,-1,-1,-1
315,55,762.68,269.64,90.80,295.19,0.8750,-1,-1,-1
315,56,997.70,215.05,101.97,425.12,0.8760,-1,-1,-1
316,43,86.49,-2.78,417.31,1079.09,0.9565,-1,-1,-1
316,6,1300.86,154.31,177.52,647.13,0.8334,-1,-1,-1
316,4,824.23,183.47,177.74,551.26,0.8757,-1,-1,-1
316,53,1103.41,128.36,268.09,803.69,0.9195,-1,-1,-1
316,55,760.44,266.59,91.09,297.69,0.8640,-1,-1,-1
316,56,995.94,216.31,101.62,424.33,0.8421,-1,-1,-1
317,43,61.57,-1.03,425.49,1079.71,0.9327,-1,-1,-1
317,6,1304.49,151.52,174.24,645.08,0.8560,-1,-1,-1
317,4,822.30,182.15,179.51,552.15,0.9034,-1,-1,-1
317,53,1105.26,119.25,274.83,828.96,0.9135,-1,-1,-1
317,55,758.81,263.81,90.85,299.21,0.8801,-1,-1,-1
317,56,993.08,215.31,101.71,425.72,0.8847,-1,-1,-1
318,43,38.82,-0.28,431.72,1076.79,0.9534,-1,-1,-1
318,6,1306.35,148.88,171.76,646.77,0.8476,-1,-1,-1
318,4,821.29,180.53,180.35,550.91,0.8414,-1,-1,-1
318,53,1108.48,111.04,280.65,849.72,0.9048,-1,-1,-1
318,55,756.12,261.02,91.16,300.78,0.8700,-1,-1,-1
318,56,991.50,213.82,101.32,424.58,0.8846,-1,-1,-1
319,43,24.20,1.21,435.86,1073.13,0.9619,-1,-1,-1
319,6,1308.95,145.18,169.82,652.16,0.7595,-1,-1,-1
319,4,818.44,177.69,182.72,555.49,0.8967,-1,-1,-1
319,53,1111.25,100.48,288.58,877.47,0.8772,-1,-1,-1
319,55,748.78,259.15,92.73,302.47,0.8703,-1,-1,-1
319,56,989.32,211.20,101.56,424.86,0.8832,-1,-1,-1
320,43,12.03,1.48,437.91,1070.54,0.9623,-1,-1,-1
320,6,1315.58,140.00,168.88,664.70,0.7329,-1,-1,-1
320,4,816.10,173.00,183.09,553.25,0.9014,-1,-1,-1
320,53,1115.29,96.60,292.87,892.93,0.6185,-1,-1,-1
320,55,744.63,256.78,94.31,305.33,0.8727,-1,-1,-1
320,56,987.16,206.83,102.48,426.88,0.8760,-1,-1,-1
321,43,-0.38,0.08,439.26,1073.28,0.9622,-1,-1,-1
321,6,1324.19,136.11,165.91,668.83,0.3346,-1,-1,-1
321,4,812.14,168.44,185.05,556.61,0.8627,-1,-1,-1
321,53,1120.57,89.77,302.07,926.89,0.9161,-1,-1,-1
321,55,740.50,253.82,95.60,307.46,0.7979,-1,-1,-1
321,56,985.07,204.13,103.23,427.00,0.8776,-1,-1,-1
322,43,-10.00,1.37,436.62,1071.17,0.9523,-1,-1,-1
322,4,815.81,166.49,183.76,553.84,0.8993,-1,-1,-1
322,53,1135.59,81.19,313.09,958.63,0.9234,-1,-1,-1
322,55,736.92,251.34,96.87,309.39,0.8273,-1,-1,-1
322,56,982.03,199.67,104.18,427.99,0.8505,-1,-1,-1
323,43,-19.99,3.52,430.46,1066.48,0.8748,-1,-1,-1
323,4,817.91,164.46,181.13,546.82,0.9157,-1,-1,-1
323,53,1144.14,71.03,322.07,982.56,0.9331,-1,-1,-1
323,55,733.43,249.34,98.33,312.41,0.8342,-1,-1,-1
323,56,979.72,197.14,104.34,424.66,0.8466,-1,-1,-1
324,43,-31.94,4.83,422.74,1064.91,0.9442,-1,-1,-1
324,4,819.42,164.78,178.28,538.54,0.9178,-1,-1,-1
324,53,1150.34,60.97,329.53,1007.04,0.9355,-1,-1,-1
324,55,728.49,249.56,99.43,314.84,0.8495,-1,-1,-1
324,56,978.08,195.81,104.84,422.87,0.8405,-1,-1,-1
325,43,-44.13,5.70,412.27,1063.28,0.9321,-1,-1,-1
325,4,822.07,163.10,177.44,539.08,0.9120,-1,-1,-1
325,53,1155.09,49.68,334.67,1026.71,0.9312,-1,-1,-1
325,55,723.51,250.02,100.87,318.34,0.8376,-1,-1,-1
325,56,977.83,195.76,105.95,424.36,0.8435,-1,-1,-1
326,43,-46.01,6.35,403.46,1063.62,0.9049,-1,-1,-1
326,4,823.69,161.94,176.86,540.36,0.8981,-1,-1,-1
326,53,1160.66,34.33,339.44,1044.52,0.9319,-1,-1,-1
326,55,717.93,249.59,102.50,320.26,0.8743,-1,-1,-1
326,56,977.32,194.23,107.41,427.86,0.8400,-1,-1,-1
327,43,-66.12,7.39,387.44,1062.82,0.8177,-1,-1,-1
327,4,824.92,163.72,176.19,541.44,0.8811,-1,-1,-1
327,53,1171.35,22.97,342.79,1055.49,0.9299,-1,-1,-1
327,55,714.95,250.06,103.93,322.06,0.8789,-1,-1,-1
327,56,976.93,195.42,107.97,428.67,0.8556,-1,-1,-1
328,43,-85.42,7.90,366.86,1060.76,0.6376,-1,-1,-1
328,4,825.82,164.92,175.36,542.24,0.8736,-1,-1,-1
328,53,1183.58,9.77,348.69,1069.36,0.9191,-1,-1,-1
328,55,714.31,249.66,104.17,321.15,0.8853,-1,-1,-1
328,56,976.60,195.19,108.50,429.83,0.8508,-1,-1,-1
329,4,829.94,166.46,175.34,547.59,0.8694,-1,-1,-1
329,53,1197.50,0.65,352.92,1077.06,0.9144,-1,-1,-1
329,55,712.21,248.72,105.65,323.51,0.8766,-1,-1,-1
329,56,976.70,197.06,108.76,430.05,0.8414,-1,-1,-1
330,4,832.76,165.87,176.28,556.61,0.8907,-1,-1,-1
330,53,1214.32,-2.00,354.32,1075.72,0.9323,-1,-1,-1
330,55,711.15,248.71,107.77,328.72,0.8633,-1,-1,-1
330,56,979.89,197.35,109.65,431.85,0.8657,-1,-1,-1
331,4,836.72,169.45,175.47,559.58,0.8792,-1,-1,-1
331,53,1236.33,-3.23,357.28,1073.94,0.9326,-1,-1,-1
331,55,710.97,249.11,109.19,332.76,0.8608,-1,-1,-1
331,56,984.16,201.65,110.01,431.63,0.8951,-1,-1,-1
332,4,841.92,175.92,173.78,559.09,0.8866,-1,-1,-1
332,53,1254.99,-2.84,361.07,1073.17,0.9231,-1,-1,-1
332,55,710.75,250.30,109.74,333.59,0.8838,-1,-1,-1
332,56,986.89,205.24,110.52,432.05,0.8915,-1,-1,-1
333,4,843.50,180.93,172.71,559.97,0.8762,-1,-1,-1
333,53,1276.34,-2.49,366.53,1076.92,0.9212,-1,-1,-1
333,55,709.75,252.62,110.28,333.57,0.8839,-1,-1,-1
333,56,988.36,208.31,110.98,432.99,0.8877,-1,-1,-1
334,4,843.24,186.77,172.07,560.85,0.8530,-1,-1,-1
334,53,1295.07,-0.75,372.46,1075.05,0.9126,-1,-1,-1
334,55,707.23,254.21,112.25,337.68,0.8904,-1,-1,-1
334,56,989.26,213.14,111.43,433.21,0.8878,-1,-1,-1
335,4,842.99,191.95,169.95,557.18,0.8778,-1,-1,-1
335,53,1312.67,0.30,380.96,1072.08,0.9025,-1,-1,-1
335,55,704.88,256.09,113.54,339.73,0.8983,-1,-1,-1
335,56,991.11,217.11,111.87,433.96,0.8884,-1,-1,-1
336,4,839.84,195.09,169.15,557.52,0.8667,-1,-1,-1
336,53,1344.56,0.95,389.56,1070.88,0.9082,-1,-1,-1
336,55,701.77,258.66,114.54,340.94,0.8992,-1,-1,-1
336,56,990.43,219.29,113.17,436.54,0.8804,-1,-1,-1
337,4,837.15,196.28,169.00,559.11,0.8759,-1,-1,-1
337,53,1376.12,0.93,402.25,1071.87,0.9139,-1,-1,-1
337,55,696.41,259.23,116.83,346.35,0.8932,-1,-1,-1
337,56,987.57,222.72,113.80,436.85,0.8580,-1,-1,-1
337,62,1248.09,165.81,184.12,642.15,0.8578,-1,-1,-1
338,4,833.59,199.20,168.46,557.49,0.8433,-1,-1,-1
338,53,1387.74,1.18,421.42,1071.34,0.9118,-1,-1,-1
338,55,692.30,263.28,117.49,346.48,0.8950,-1,-1,-1
338,56,984.73,226.17,115.08,438.13,0.8622,-1,-1,-1
338,62,1243.56,165.64,186.65,650.11,0.8512,-1,-1,-1
339,4,829.65,197.61,167.12,551.71,0.8498,-1,-1,-1
339,53,1390.12,2.36,437.54,1067.38,0.9019,-1,-1,-1
339,55,687.82,266.24,119.27,350.62,0.9097,-1,-1,-1
339,56,983.03,229.53,116.17,439.09,0.8708,-1,-1,-1
339,62,1237.62,168.28,195.42,679.97,0.8129,-1,-1,-1
340,4,826.86,195.63,166.62,547.05,0.8878,-1,-1,-1
340,53,1390.90,2.73,454.18,1066.47,0.9329,-1,-1,-1
340,55,683.93,267.97,119.94,352.36,0.8961,-1,-1,-1
340,56,982.44,229.82,116.95,439.04,0.8699,-1,-1,-1
340,62,1233.50,169.39,197.23,687.27,0.8182,-1,-1,-1
341,4,825.90,192.91,167.22,546.30,0.8893,-1,-1,-1
341,53,1386.60,0.85,470.05,1068.69,0.8266,-1,-1,-1
341,55,679.96,266.53,121.71,357.25,0.8897,-1,-1,-1
341,56,983.38,227.97,118.04,440.29,0.8738,-1,-1,-1
341,62,1238.58,166.04,200.68,697.53,0.8875,-1,-1,-1
342,4,823.01,190.14,169.32,548.24,0.8845,-1,-1,-1
342,53,1385.47,0.61,482.21,1068.17,0.7279,-1,-1,-1
342,55,675.30,263.36,123.67,362.71,0.8820,-1,-1,-1
342,56,983.92,226.07,118.63,440.74,0.8715,-1,-1,-1
342,62,1239.65,164.34,201.36,697.90,0.9074,-1,-1,-1
342,63,798.79,244.62,76.35,371.58,0.5083,-1,-1,-1
343,4,820.00,189.44,171.21,549.37,0.8996,-1,-1,-1
343,53,1387.88,-0.51,492.51,1070.80,0.8687,-1,-1,-1
343,55,670.08,258.89,124.96,366.59,0.8827,-1,-1,-1
343,56,983.58,225.35,119.39,439.89,0.8631,-1,-1,-1
343,62,1238.02,162.34,201.70,696.21,0.9094,-1,-1,-1
343,63,791.19,240.98,77.53,376.46,0.5124,-1,-1,-1
344,4,817.63,187.01,173.72,553.55,0.8864,-1,-1,-1
344,53,1397.31,-0.85,495.73,1064.26,0.6608,-1,-1,-1
344,55,664.97,257.85,124.95,366.58,0.8893,-1,-1,-1
344,56,983.64,224.10,119.80,439.24,0.8570,-1,-1,-1
344,62,1233.70,159.67,203.79,700.89,0.9166,-1,-1,-1
344,63,786.45,237.71,80.10,388.89,0.5516,-1,-1,-1
345,4,813.77,185.76,176.11,556.26,0.8810,-1,-1,-1
345,55,659.99,255.58,126.10,371.09,0.8931,-1,-1,-1
345,56,984.96,221.98,119.54,435.57,0.8539,-1,-1,-1
345,62,1231.56,151.88,207.50,708.66,0.9210,-1,-1,-1
345,63,785.54,234.86,81.22,395.16,0.5156,-1,-1,-1
346,4,807.76,185.83,177.63,556.47,0.8747,-1,-1,-1
346,55,655.02,253.36,126.14,371.49,0.8916,-1,-1,-1
346,56,979.22,218.04,120.47,433.43,0.8464,-1,-1,-1
346,62,1228.37,146.49,211.68,714.76,0.9227,-1,-1,-1
347,4,804.17,187.51,177.89,555.78,0.8751,-1,-1,-1
347,55,646.96,251.21,127.41,374.82,0.8928,-1,-1,-1
347,56,974.19,217.04,120.84,431.09,0.8663,-1,-1,-1
347,62,1220.27,145.41,214.56,712.96,0.9300,-1,-1,-1
347,53,1488.37,7.15,441.04,951.75,0.7875,-1,-1,-1
348,4,803.13,188.08,178.62,557.79,0.8753,-1,-1,-1
348,55,639.27,246.59,128.50,377.72,0.8881,-1,-1,-1
348,56,971.66,215.19,121.36,430.07,0.8582,-1,-1,-1
348,62,1213.95,143.37,217.53,711.01,0.9221,-1,-1,-1
348,53,1529.49,17.51,422.57,931.70,0.8104,-1,-1,-1
348,63,764.71,230.57,83.04,401.69,0.6530,-1,-1,-1
349,4,802.86,188.23,178.78,557.69,0.8589,-1,-1,-1
349,55,631.06,239.09,131.70,387.13,0.8898,-1,-1,-1
349,56,968.28,214.44,122.15,429.37,0.8599,-1,-1,-1
349,62,1207.30,143.30,219.14,702.79,0.9000,-1,-1,-1
349,53,1588.00,42.68,374.41,848.87,0.6369,-1,-1,-1
349,63,761.49,224.41,84.37,407.41,0.5673,-1,-1,-1
350,4,801.93,190.14,177.66,551.92,0.8859,-1,-1,-1
350,55,624.13,236.31,132.64,389.87,0.8964,-1,-1,-1
350,56,966.36,215.00,122.49,429.62,0.8687,-1,-1,-1
350,62,1200.67,142.73,221.41,696.96,0.9309,-1,-1,-1
350,63,757.42,223.89,85.09,408.03,0.8144,-1,-1,-1
351,4,801.73,190.59,176.74,546.03,0.8927,-1,-1,-1
351,55,618.21,235.48,134.12,394.29,0.8888,-1,-1,-1
351,56,965.19,216.56,122.32,430.13,0.8543,-1,-1,-1
351,62,1192.67,143.25,225.17,695.41,0.9227,-1,-1,-1
351,63,753.06,222.22,86.33,411.54,0.8430,-1,-1,-1
352,4,802.58,190.17,176.16,542.67,0.8885,-1,-1,-1
352,55,611.87,234.42,135.03,397.84,0.8904,-1,-1,-1
352,56,961.61,217.16,123.05,433.58,0.8613,-1,-1,-1
352,62,1185.28,143.09,230.46,698.43,0.9223,-1,-1,-1
352,63,747.65,220.67,88.49,417.23,0.8450,-1,-1,-1
353,4,801.11,191.87,176.72,542.47,0.8792,-1,-1,-1
353,55,605.48,230.18,136.01,403.27,0.9033,-1,-1,-1
353,56,958.45,216.79,122.45,433.38,0.8669,-1,-1,-1
353,62,1177.47,142.62,235.56,702.79,0.9308,-1,-1,-1
353,63,741.43,216.08,90.71,423.29,0.8613,-1,-1,-1
354,4,799.57,192.00,176.21,539.08,0.8957,-1,-1,-1
354,55,597.04,228.93,136.35,404.30,0.9182,-1,-1,-1
354,56,956.16,217.71,120.98,431.18,0.8885,-1,-1,-1
354,62,1168.57,143.20,240.55,708.51,0.9381,-1,-1,-1
354,63,736.00,214.46,92.83,426.83,0.8741,-1,-1,-1
355,4,797.92,191.00,174.92,534.12,0.9047,-1,-1,-1
355,55,588.30,228.98,136.28,405.10,0.9071,-1,-1,-1
355,56,951.54,218.63,119.38,428.75,0.9015,-1,-1,-1
355,62,1161.53,143.75,244.85,712.07,0.9376,-1,-1,-1
355,63,728.42,211.18,96.10,433.75,0.8888,-1,-1,-1
356,4,794.67,188.61,174.82,533.47,0.8991,-1,-1,-1
356,55,576.69,225.13,138.35,410.12,0.8586,-1,-1,-1
356,56,945.23,219.74,118.36,427.71,0.8926,-1,-1,-1
356,62,1154.29,142.89,248.72,714.17,0.9355,-1,-1,-1
356,63,719.92,207.37,98.76,440.79,0.8840,-1,-1,-1
357,4,791.61,187.27,174.55,533.18,0.9138,-1,-1,-1
357,55,567.19,222.45,140.24,416.97,0.8987,-1,-1,-1
357,56,939.21,217.48,117.78,429.02,0.7853,-1,-1,-1
357,62,1148.24,141.47,251.81,717.15,0.9364,-1,-1,-1
357,63,710.52,204.73,101.69,445.37,0.9087,-1,-1,-1
358,4,784.89,182.37,175.99,538.92,0.8913,-1,-1,-1
358,55,554.69,221.27,140.90,419.23,0.9032,-1,-1,-1
358,56,933.36,216.73,117.79,433.33,0.8677,-1,-1,-1
358,62,1139.74,140.18,255.25,721.65,0.9313,-1,-1,-1
358,63,699.06,200.46,104.53,447.94,0.8964,-1,-1,-1
359,4,781.66,179.91,175.49,542.07,0.9229,-1,-1,-1
359,55,541.15,220.51,142.26,422.93,0.8729,-1,-1,-1
359,56,924.08,216.88,117.43,435.27,0.8502,-1,-1,-1
359,62,1132.96,139.56,257.39,722.19,0.9275,-1,-1,-1
359,63,688.25,196.20,108.46,452.05,0.8913,-1,-1,-1
360,4,777.25,181.15,173.73,540.58,0.9280,-1,-1,-1
360,55,528.56,220.01,144.07,427.93,0.8889,-1,-1,-1
360,56,916.34,214.96,117.46,439.48,0.8926,-1,-1,-1
360,62,1125.84,138.89,259.82,724.70,0.9273,-1,-1,-1
360,63,675.32,193.85,112.68,457.45,0.9197,-1,-1,-1
361,4,771.45,178.69,172.58,540.23,0.8914,-1,-1,-1
361,55,514.69,218.64,145.13,430.40,0.8893,-1,-1,-1
361,56,909.84,215.81,116.33,440.28,0.9053,-1,-1,-1
361,62,1119.22,139.74,261.75,726.41,0.9254,-1,-1,-1
361,63,663.72,192.06,116.40,463.62,0.9101,-1,-1,-1
362,4,765.59,181.05,172.33,543.97,0.8010,-1,-1,-1
362,55,498.09,220.37,147.04,434.50,0.8706,-1,-1,-1
362,56,902.00,216.20,114.64,438.31,0.8883,-1,-1,-1
362,62,1113.43,140.80,262.68,725.97,0.9243,-1,-1,-1
362,63,650.78,193.03,120.78,467.75,0.9175,-1,-1,-1
363,4,759.38,183.52,171.73,546.66,0.9118,-1,-1,-1
363,55,483.81,221.78,149.57,441.72,0.8681,-1,-1,-1
363,56,894.22,213.40,114.04,442.27,0.8539,-1,-1,-1
363,62,1106.86,140.44,265.68,732.30,0.9247,-1,-1,-1
363,63,637.79,194.24,125.29,471.46,0.9002,-1,-1,-1
364,4,757.23,184.62,170.94,549.56,0.8988,-1,-1,-1
364,55,470.60,220.63,153.40,451.81,0.8663,-1,-1,-1
364,56,888.81,211.27,112.15,442.89,0.7881,-1,-1,-1
364,62,1103.40,138.01,267.33,736.12,0.9212,-1,-1,-1
364,63,625.48,191.22,131.01,478.29,0.9146,-1,-1,-1
364,66,975.18,314.48,78.18,196.90,0.6765,-1,-1,-1
365,4,756.84,186.99,169.85,550.07,0.8993,-1,-1,-1
365,55,451.38,222.81,157.75,456.00,0.8895,-1,-1,-1
365,56,885.64,210.18,110.98,446.51,0.7016,-1,-1,-1
365,62,1101.86,137.02,267.79,737.25,0.9118,-1,-1,-1
365,63,612.63,191.93,137.35,483.24,0.9079,-1,-1,-1
365,66,971.23,316.31,77.52,195.06,0.6313,-1,-1,-1
366,4,755.71,192.03,167.10,545.52,0.8921,-1,-1,-1
366,55,444.01,224.12,159.71,459.77,0.8742,-1,-1,-1
366,56,883.49,212.15,107.68,441.45,0.7796,-1,-1,-1
366,62,1100.06,138.44,265.95,731.47,0.9110,-1,-1,-1
366,63,606.06,194.28,142.06,484.92,0.9284,-1,-1,-1
366,66,967.27,320.62,76.60,192.47,0.3842,-1,-1,-1
367,4,755.26,192.97,165.49,544.37,0.8978,-1,-1,-1
367,55,435.80,222.11,162.38,466.19,0.8714,-1,-1,-1
367,56,882.69,209.39,105.35,440.26,0.7692,-1,-1,-1
367,62,1099.92,137.05,264.53,726.20,0.9124,-1,-1,-1
367,63,601.58,191.70,147.31,492.29,0.9169,-1,-1,-1
367,66,964.22,312.14,79.55,199.95,0.3862,-1,-1,-1
368,4,755.71,193.59,164.82,545.92,0.9056,-1,-1,-1
368,55,433.08,220.30,165.29,471.93,0.8896,-1,-1,-1
368,56,882.76,207.10,102.73,437.79,0.7295,-1,-1,-1
368,62,1099.93,135.06,263.62,722.26,0.9141,-1,-1,-1
368,63,599.56,191.75,151.46,499.66,0.9283,-1,-1,-1
368,66,961.23,306.73,81.63,204.86,0.5313,-1,-1,-1
369,4,757.30,191.63,164.85,548.13,0.8994,-1,-1,-1
369,55,428.36,221.10,166.06,472.04,0.8866,-1,-1,-1
369,56,883.98,204.37,100.82,438.05,0.6993,-1,-1,-1
369,62,1101.89,134.08,262.44,718.05,0.9171,-1,-1,-1
369,63,595.78,191.27,154.95,506.63,0.9212,-1,-1,-1
369,66,960.38,311.13,80.50,201.24,0.6418,-1,-1,-1
370,4,758.92,192.06,162.78,541.21,0.8952,-1,-1,-1
370,55,423.64,222.08,167.59,475.05,0.8920,-1,-1,-1
370,56,885.77,205.27,99.21,438.59,0.7357,-1,-1,-1
370,62,1102.69,133.38,262.55,718.13,0.9221,-1,-1,-1
370,63,590.87,192.85,156.90,509.69,0.9079,-1,-1,-1
371,4,759.70,194.02,162.30,538.54,0.8988,-1,-1,-1
371,55,420.22,223.83,169.71,478.69,0.9005,-1,-1,-1
371,56,887.43,207.61,97.27,437.07,0.7540,-1,-1,-1
371,62,1102.92,132.96,263.57,722.56,0.9212,-1,-1,-1
371,63,587.25,194.99,159.77,515.77,0.9228,-1,-1,-1
372,4,762.03,194.85,162.18,537.60,0.8873,-1,-1,-1
372,55,417.35,225.27,171.29,480.88,0.9046,-1,-1,-1
372,56,890.39,208.84,95.36,436.61,0.7396,-1,-1,-1
372,62,1104.73,132.36,264.37,728.41,0.9254,-1,-1,-1
372,63,583.06,194.36,163.11,523.85,0.9143,-1,-1,-1
373,4,764.43,195.84,161.88,535.52,0.8421,-1,-1,-1
373,55,413.96,226.66,172.71,482.81,0.9072,-1,-1,-1
373,56,893.52,211.97,93.35,434.03,0.6037,-1,-1,-1
373,62,1105.97,135.38,264.21,731.63,0.9199,-1,-1,-1
373,63,578.79,194.81,165.58,528.27,0.9079,-1,-1,-1
374,4,766.90,197.10,162.25,535.46,0.8637,-1,-1,-1
374,55,407.91,227.18,174.07,485.82,0.9141,-1,-1,-1
374,56,897.53,214.61,93.29,437.35,0.5551,-1,-1,-1
374,62,1106.95,137.87,264.35,736.92,0.9192,-1,-1,-1
374,63,572.72,192.59,168.40,533.56,0.7182,-1,-1,-1
374,66,969.37,328.57,77.23,191.28,0.5515,-1,-1,-1
375,4,768.54,199.23,163.22,538.33,0.8747,-1,-1,-1
375,55,402.17,229.87,174.55,487.31,0.9118,-1,-1,-1
375,56,900.39,216.15,92.92,440.62,0.5680,-1,-1,-1
375,62,1108.23,139.73,263.93,741.91,0.9210,-1,-1,-1
375,63,567.38,190.37,172.15,541.36,0.9064,-1,-1,-1
375,66,968.50,330.68,78.71,194.31,0.5845,-1,-1,-1
376,4,769.62,202.25,164.34,543.19,0.8841,-1,-1,-1
376,55,392.54,228.47,178.10,497.53,0.9112,-1,-1,-1
376,56,903.20,220.18,92.51,442.01,0.3607,-1,-1,-1
376,62,1108.97,140.54,263.68,749.17,0.9200,-1,-1,-1
376,63,563.36,188.50,175.89,548.88,0.8434,-1,-1,-1
377,4,771.42,205.20,164.89,546.75,0.8877,-1,-1,-1
377,55,386.35,224.34,182.23,511.30,0.9098,-1,-1,-1
377,56,906.22,224.42,91.00,441.34,0.4606,-1,-1,-1
377,62,1109.67,147.82,261.96,751.33,0.9220,-1,-1,-1
377,63,557.20,187.80,179.15,553.23,0.3654,-1,-1,-1
378,4,774.28,208.38,164.76,549.13,0.8897,-1,-1,-1
378,55,379.51,219.69,185.34,523.32,0.9043,-1,-1,-1
378,56,910.19,230.87,88.69,434.72,0.6126,-1,-1,-1
378,62,1111.62,153.56,259.56,751.46,0.5379,-1,-1,-1
378,63,550.73,188.66,182.12,555.36,0.8941,-1,-1,-1
379,4,776.58,212.34,164.16,549.37,0.8819,-1,-1,-1
379,55,375.27,221.98,186.56,532.82,0.8867,-1,-1,-1
379,56,912.59,234.78,87.29,432.40,0.4378,-1,-1,-1
379,62,1112.50,155.66,258.60,755.83,0.9387,-1,-1,-1
379,63,545.24,188.94,186.21,560.93,0.9176,-1,-1,-1
380,4,779.15,214.70,163.33,548.84,0.8865,-1,-1,-1
380,55,368.86,217.87,188.99,544.06,0.7253,-1,-1,-1
380,56,914.33,238.60,86.57,430.27,0.5586,-1,-1,-1
380,62,1113.07,158.32,256.88,757.63,0.9327,-1,-1,-1
380,63,540.57,187.68,190.65,568.47,0.9229,-1,-1,-1
381,4,781.29,217.06,162.89,549.07,0.8792,-1,-1,-1
381,55,365.06,213.89,191.03,555.43,0.8588,-1,-1,-1
381,56,915.37,242.03,85.90,429.82,0.6108,-1,-1,-1
381,62,1112.45,158.48,254.50,756.74,0.9242,-1,-1,-1
381,63,533.02,185.15,195.66,578.79,0.9216,-1,-1,-1
381,68,735.17,319.41,58.65,206.06,0.5691,-1,-1,-1
382,4,783.34,219.35,161.61,545.49,0.8931,-1,-1,-1
382,55,362.78,213.66,191.57,561.41,0.8458,-1,-1,-1
382,56,917.93,243.41,86.39,430.90,0.7057,-1,-1,-1
382,62,1110.05,157.43,253.34,759.86,0.9222,-1,-1,-1
382,63,528.53,183.27,200.34,589.73,0.9168,-1,-1,-1
382,68,734.15,320.64,59.21,207.92,0.6506,-1,-1,-1
383,4,784.72,218.28,160.55,541.85,0.9082,-1,-1,-1
383,55,356.51,210.29,192.34,568.96,0.7519,-1,-1,-1
383,56,919.87,244.46,87.10,432.71,0.7249,-1,-1,-1
383,62,1106.14,155.75,252.12,761.99,0.9213,-1,-1,-1
383,63,521.36,180.16,205.58,600.43,0.9182,-1,-1,-1
383,68,732.84,321.29,58.75,205.90,0.6464,-1,-1,-1
384,4,784.87,216.44,160.97,543.99,0.9057,-1,-1,-1
384,55,350.18,208.13,192.45,572.64,0.7540,-1,-1,-1
384,56,925.01,246.72,88.58,431.60,0.6527,-1,-1,-1
384,62,1103.08,154.70,251.35,764.45,0.9224,-1,-1,-1
384,63,514.05,177.89,209.63,608.05,0.9091,-1,-1,-1
384,68,729.51,320.71,59.74,209.04,0.7150,-1,-1,-1
385,4,784.78,215.82,161.35,544.93,0.8934,-1,-1,-1
385,55,343.77,207.86,194.38,578.72,0.5718,-1,-1,-1
385,56,926.18,248.10,90.25,430.76,0.6938,-1,-1,-1
385,62,1102.00,155.90,250.28,763.70,0.9235,-1,-1,-1
385,63,509.74,175.92,213.49,616.69,0.9050,-1,-1,-1
385,68,728.26,321.58,60.63,211.51,0.7852,-1,-1,-1
386,4,784.24,215.03,159.97,537.49,0.8989,-1,-1,-1
386,55,337.27,206.43,193.68,578.87,0.8659,-1,-1,-1
386,56,926.50,248.90,90.06,422.47,0.5792,-1,-1,-1
386,62,1098.80,157.16,249.58,759.34,0.9238,-1,-1,-1
386,63,501.76,174.08,217.44,622.71,0.9132,-1,-1,-1
386,68,727.16,320.36,61.05,212.22,0.7404,-1,-1,-1
387,4,783.11,213.29,159.62,533.10,0.9017,-1,-1,-1
387,55,329.34,202.65,195.54,586.69,0.8944,-1,-1,-1
387,56,924.82,248.42,91.27,423.20,0.5049,-1,-1,-1
387,62,1094.05,157.88,249.58,753.72,0.9256,-1,-1,-1
387,63,493.13,170.36,222.30,632.01,0.9116,-1,-1,-1
387,68,724.32,318.10,61.60,213.05,0.7723,-1,-1,-1
388,4,782.95,211.98,160.01,531.57,0.9005,-1,-1,-1
388,55,319.66,195.20,198.38,597.54,0.9073,-1,-1,-1
388,56,929.22,246.84,94.34,422.97,0.4259,-1,-1,-1
388,62,1091.76,158.51,249.96,749.03,0.9177,-1,-1,-1
388,63,485.37,167.04,227.95,646.34,0.9073,-1,-1,-1
388,68,722.10,317.06,61.88,212.31,0.7919,-1,-1,-1
389,4,781.19,211.81,160.70,531.73,0.8969,-1,-1,-1
389,55,312.11,187.26,200.09,606.16,0.9055,-1,-1,-1
389,56,926.46,247.53,96.00,421.96,0.4608,-1,-1,-1
389,62,1089.31,158.93,251.46,747.83,0.9201,-1,-1,-1
389,63,480.70,162.34,231.92,657.63,0.9063,-1,-1,-1
389,68,720.50,316.22,62.63,213.38,0.7849,-1,-1,-1
390,4,779.00,212.02,161.46,532.24,0.8930,-1,-1,-1
390,55,305.25,183.38,201.50,611.44,0.8925,-1,-1,-1
390,56,915.59,244.07,95.98,429.20,0.3700,-1,-1,-1
390,62,1086.52,158.77,254.19,749.12,0.9237,-1,-1,-1
390,63,476.80,157.30,235.63,668.87,0.9160,-1,-1,-1
390,68,719.39,316.02,63.48,214.06,0.8439,-1,-1,-1
391,4,775.42,212.84,162.11,532.30,0.8816,-1,-1,-1
391,55,295.88,180.11,203.09,616.20,0.9257,-1,-1,-1
391,56,908.35,240.10,95.86,435.63,0.4014,-1,-1,-1
391,62,1081.50,157.87,258.87,754.61,0.9215,-1,-1,-1
391,63,474.55,150.87,238.49,677.99,0.9177,-1,-1,-1
391,68,716.66,315.89,64.60,215.19,0.8413,-1,-1,-1
391,66,973.45,344.25,82.06,207.68,0.6382,-1,-1,-1
392,4,772.79,213.15,162.97,533.65,0.8735,-1,-1,-1
392,55,286.68,176.01,205.94,625.10,0.9235,-1,-1,-1
392,56,905.33,238.31,94.96,438.10,0.5868,-1,-1,-1
392,62,1076.27,156.69,264.42,762.74,0.9271,-1,-1,-1
392,63,472.17,145.02,241.34,688.91,0.9209,-1,-1,-1
392,68,713.65,314.70,66.01,217.15,0.8503,-1,-1,-1
392,66,974.67,340.25,81.60,212.34,0.5021,-1,-1,-1
393,4,771.38,216.36,162.47,531.90,0.8624,-1,-1,-1
393,55,274.64,171.61,208.89,633.30,0.8938,-1,-1,-1
393,56,902.81,236.74,94.10,440.02,0.4405,-1,-1,-1
393,62,1072.40,156.42,268.91,768.14,0.9282,-1,-1,-1
393,63,468.64,140.25,242.76,696.46,0.9204,-1,-1,-1
393,68,711.40,313.98,67.29,219.02,0.8448,-1,-1,-1
393,66,972.09,334.69,82.84,218.32,0.4833,-1,-1,-1
394,4,768.85,217.40,162.05,531.91,0.8138,-1,-1,-1
394,55,263.26,165.63,212.57,642.82,0.7942,-1,-1,-1
394,56,900.46,235.01,92.60,439.08,0.6211,-1,-1,-1
394,62,1069.21,156.00,272.34,771.19,0.9325,-1,-1,-1
394,63,462.69,134.51,244.40,704.29,0.9192,-1,-1,-1
394,68,708.20,313.51,67.84,218.46,0.8325,-1,-1,-1
394,66,971.10,334.97,82.25,218.51,0.5982,-1,-1,-1
395,4,762.98,220.04,163.12,534.97,0.7896,-1,-1,-1
395,55,242.10,160.38,217.95,649.24,0.8906,-1,-1,-1
395,56,897.14,233.59,91.42,439.27,0.7512,-1,-1,-1
395,62,1065.55,155.12,276.18,775.75,0.9300,-1,-1,-1
395,63,456.19,127.42,246.42,714.67,0.9139,-1,-1,-1
395,68,705.51,311.77,68.59,218.47,0.8514,-1,-1,-1
395,66,971.01,341.75,79.48,211.33,0.5331,-1,-1,-1
396,4,759.57,222.85,162.31,532.67,0.8579,-1,-1,-1
396,55,229.90,156.79,222.49,660.60,0.9058,-1,-1,-1
396,56,895.51,236.75,89.74,435.53,0.7827,-1,-1,-1
396,62,1062.46,155.10,279.18,778.48,0.9299,-1,-1,-1
396,63,449.31,118.34,248.78,725.72,0.9083,-1,-1,-1
396,68,701.91,309.71,69.43,218.83,0.8519,-1,-1,-1
396,66,968.19,337.09,79.52,213.56,0.4839,-1,-1,-1
397,4,756.24,222.96,161.17,529.60,0.8667,-1,-1,-1
397,55,210.16,154.41,228.27,669.15,0.9147,-1,-1,-1
397,56,893.29,238.71,88.20,431.78,0.8006,-1,-1,-1
397,62,1060.19,155.00,281.64,780.69,0.9296,-1,-1,-1
397,63,441.03,110.64,251.36,736.19,0.9083,-1,-1,-1
397,68,698.16,309.23,70.04,220.02,0.8465,-1,-1,-1
397,66,966.36,333.27,80.16,216.22,0.4137,-1,-1,-1
398,4,750.83,220.14,162.07,533.87,0.8775,-1,-1,-1
398,55,189.05,150.15,237.15,682.53,0.9061,-1,-1,-1
398,56,890.91,239.52,87.51,431.63,0.8259,-1,-1,-1
398,62,1057.81,155.23,283.38,782.20,0.9320,-1,-1,-1
398,63,432.95,102.55,254.52,746.82,0.9143,-1,-1,-1
398,68,694.04,307.62,70.51,221.41,0.8420,-1,-1,-1
399,4,745.49,217.57,162.43,536.80,0.8807,-1,-1,-1
399,55,163.48,145.27,246.60,696.07,0.9102,-1,-1,-1
399,56,887.25,239.23,87.58,431.61,0.8305,-1,-1,-1
399,62,1055.94,154.74,285.26,785.61,0.9312,-1,-1,-1
399,63,426.09,96.10,257.14,754.87,0.9160,-1,-1,-1
399,68,690.66,305.52,70.84,223.29,0.8469,-1,-1,-1
400,4,740.08,216.76,159.92,528.42,0.8738,-1,-1,-1
400,55,145.93,140.40,254.20,705.40,0.9121,-1,-1,-1
400,56,883.43,239.56,87.84,431.49,0.8667,-1,-1,-1
400,62,1054.33,154.16,286.96,789.06,0.9344,-1,-1,-1
400,63,420.20,91.03,260.32,762.35,0.9105,-1,-1,-1
400,68,689.03,304.90,70.31,222.82,0.7874,-1,-1,-1
401,4,734.32,216.03,157.96,519.04,0.9080,-1,-1,-1
401,55,130.70,136.85,262.22,718.49,0.9247,-1,-1,-1
401,56,879.61,239.51,88.94,435.18,0.8889,-1,-1,-1
401,62,1054.00,153.82,286.12,786.08,0.9344,-1,-1,-1
401,63,414.76,85.96,264.82,773.20,0.9133,-1,-1,-1
401,68,686.45,303.56,70.21,223.65,0.6163,-1,-1,-1
402,4,730.83,212.92,158.49,518.64,0.9164,-1,-1,-1
402,55,120.46,135.10,267.70,727.97,0.9300,-1,-1,-1
402,56,876.96,240.37,89.75,436.04,0.8947,-1,-1,-1
402,62,1053.25,149.54,287.56,791.82,0.9326,-1,-1,-1
402,63,408.51,80.25,271.18,789.68,0.9304,-1,-1,-1
402,68,682.38,300.87,70.79,227.52,0.5228,-1,-1,-1
403,4,728.01,211.53,159.31,519.38,0.9216,-1,-1,-1
403,55,106.92,133.23,275.26,747.52,0.9249,-1,-1,-1
403,56,874.87,240.97,90.52,436.54,0.8928,-1,-1,-1
403,62,1054.93,147.84,287.96,795.70,0.9309,-1,-1,-1
403,63,400.87,75.36,279.61,812.49,0.9346,-1,-1,-1
403,68,681.08,300.99,70.90,230.76,0.5196,-1,-1,-1
404,4,725.74,212.34,160.16,519.93,0.9146,-1,-1,-1
404,55,93.54,132.20,281.77,765.45,0.9343,-1,-1,-1
404,56,874.08,242.67,91.76,439.56,0.8963,-1,-1,-1
404,62,1059.39,147.80,287.82,797.02,0.9242,-1,-1,-1
404,63,392.82,74.76,286.59,831.53,0.9376,-1,-1,-1
404,68,681.23,303.14,69.87,229.73,0.5155,-1,-1,-1
404,66,969.73,341.28,79.87,213.30,0.6947,-1,-1,-1
405,4,726.02,214.71,160.41,519.88,0.9247,-1,-1,-1
405,55,78.52,130.46,287.29,779.82,0.9328,-1,-1,-1
405,56,873.54,243.37,92.63,440.85,0.8896,-1,-1,-1
405,62,1062.17,149.29,286.95,794.50,0.9233,-1,-1,-1
405,63,384.53,75.15,290.35,837.76,0.9402,-1,-1,-1
405,68,681.97,303.51,69.11,230.02,0.4976,-1,-1,-1
405,66,971.18,338.72,81.54,216.27,0.7443,-1,-1,-1
406,4,725.01,216.70,161.32,520.52,0.9224,-1,-1,-1
406,55,61.43,128.17,292.79,790.09,0.9195,-1,-1,-1
406,56,874.22,242.28,93.83,442.18,0.8708,-1,-1,-1
406,62,1065.68,149.41,284.76,787.19,0.9138,-1,-1,-1
406,63,376.38,73.74,296.24,848.94,0.9328,-1,-1,-1
406,68,683.18,303.49,69.38,232.57,0.4500,-1,-1,-1
406,66,975.16,342.49,80.98,212.71,0.7764,-1,-1,-1
407,4,726.34,218.02,162.15,522.07,0.9194,-1,-1,-1
407,55,55.82,123.23,297.52,802.10,0.9151,-1,-1,-1
407,56,874.86,241.48,94.94,442.77,0.8593,-1,-1,-1
407,62,1070.42,148.89,282.96,781.90,0.9104,-1,-1,-1
407,63,368.78,72.87,302.73,859.74,0.9325,-1,-1,-1
407,66,978.78,346.21,80.39,208.69,0.7603,-1,-1,-1
408,4,726.31,220.39,163.23,523.48,0.9179,-1,-1,-1
408,55,45.41,118.37,302.92,813.18,0.9275,-1,-1,-1
408,56,874.77,240.83,96.35,443.39,0.8626,-1,-1,-1
408,62,1074.34,148.53,282.01,780.02,0.9153,-1,-1,-1
408,63,361.70,69.88,310.06,874.65,0.9347,-1,-1,-1
408,66,980.85,341.12,82.98,214.70,0.7478,-1,-1,-1
409,4,727.80,221.62,164.95,528.02,0.9070,-1,-1,-1
409,55,43.38,113.53,306.88,824.03,0.9266,-1,-1,-1
409,56,876.64,239.61,97.06,441.07,0.8658,-1,-1,-1
409,62,1078.65,149.39,282.22,783.15,0.9273,-1,-1,-1
409,63,357.04,67.01,317.57,894.45,0.9383,-1,-1,-1
409,66,987.13,344.83,81.97,212.12,0.7110,-1,-1,-1
410,4,730.33,224.84,165.46,529.79,0.8913,-1,-1,-1
410,55,38.58,110.36,311.64,836.26,0.9343,-1,-1,-1
410,56,881.27,239.53,98.41,439.64,0.8545,-1,-1,-1
410,62,1083.59,151.11,282.55,787.26,0.9153,-1,-1,-1
410,63,353.83,64.54,322.89,912.81,0.9296,-1,-1,-1
410,66,991.99,347.72,80.79,209.70,0.7168,-1,-1,-1
410,68,695.60,308.62,70.81,242.24,0.5385,-1,-1,-1
411,4,733.13,225.95,166.45,531.79,0.8665,-1,-1,-1
411,55,27.50,104.64,315.92,849.54,0.9352,-1,-1,-1
411,56,885.71,238.83,99.67,439.32,0.8836,-1,-1,-1
411,62,1090.75,152.53,281.31,788.50,0.9229,-1,-1,-1
411,63,351.13,61.24,325.97,925.08,0.9413,-1,-1,-1
411,66,997.85,350.12,80.32,208.32,0.8150,-1,-1,-1
411,68,701.37,309.68,68.90,241.81,0.5530,-1,-1,-1
412,4,737.03,226.58,166.61,530.49,0.8700,-1,-1,-1
412,55,16.44,96.84,320.27,863.73,0.9256,-1,-1,-1
412,56,889.74,236.83,101.24,443.02,0.8877,-1,-1,-1
412,62,1095.52,153.59,282.14,794.50,0.9246,-1,-1,-1
412,63,343.78,56.91,334.26,954.29,0.5992,-1,-1,-1
412,66,1002.64,348.43,81.57,211.38,0.8729,-1,-1,-1
412,68,707.62,309.78,67.01,240.36,0.5777,-1,-1,-1
413,4,742.06,227.11,166.55,527.84,0.8606,-1,-1,-1
413,55,3.38,90.39,322.86,870.44,0.9447,-1,-1,-1
413,56,894.99,232.60,102.89,445.02,0.8903,-1,-1,-1
413,62,1099.77,153.75,283.29,800.09,0.9274,-1,-1,-1
413,63,335.96,49.24,341.37,980.22,0.9393,-1,-1,-1
413,66,1007.03,342.00,83.55,217.72,0.5004,-1,-1,-1
413,68,714.84,307.99,65.42,240.36,0.5221,-1,-1,-1
414,4,749.21,227.43,166.04,525.83,0.8874,-1,-1,-1
414,55,-4.30,83.28,326.05,880.53,0.9504,-1,-1,-1
414,56,900.29,233.46,104.86,445.95,0.8909,-1,-1,-1
414,62,1104.15,153.75,283.99,804.96,0.9246,-1,-1,-1
414,63,328.00,39.95,345.94,999.18,0.9320,-1,-1,-1
414,66,1013.72,343.92,82.87,216.46,0.6604,-1,-1,-1
414,68,720.88,305.02,64.53,241.29,0.5197,-1,-1,-1
415,4,752.52,223.08,167.11,527.98,0.8524,-1,-1,-1
415,55,-8.09,77.67,327.30,886.64,0.9434,-1,-1,-1
415,56,905.41,237.52,105.23,442.39,0.8978,-1,-1,-1
415,62,1109.16,153.52,284.21,809.16,0.9242,-1,-1,-1
415,63,320.74,28.35,350.81,1016.76,0.9380,-1,-1,-1
415,66,1019.49,348.47,81.47,211.81,0.7748,-1,-1,-1
415,68,726.16,303.28,62.89,238.54,0.3588,-1,-1,-1
415,72,656.68,340.14,62.34,194.08,0.6842,-1,-1,-1
416,4,753.05,218.47,167.62,526.36,0.8797,-1,-1,-1
416,55,-13.17,67.66,332.06,905.85,0.9417,-1,-1,-1
416,56,909.76,237.03,107.15,445.63,0.8823,-1,-1,-1
416,62,1113.08,153.22,284.16,812.82,0.9295,-1,-1,-1
416,63,312.48,15.64,356.22,1035.44,0.9377,-1,-1,-1
416,66,1023.63,349.19,81.64,210.74,0.7106,-1,-1,-1
416,72,658.55,340.06,61.20,190.10,0.6994,-1,-1,-1
417,4,753.16,217.98,168.18,523.90,0.8867,-1,-1,-1
417,55,-19.23,58.03,340.60,939.50,0.9417,-1,-1,-1
417,56,913.08,236.98,108.08,444.76,0.8766,-1,-1,-1
417,62,1115.68,152.75,285.14,821.13,0.9338,-1,-1,-1
417,63,299.24,5.91,361.49,1048.93,0.9466,-1,-1,-1
417,66,1028.25,347.73,82.91,212.62,0.7123,-1,-1,-1
417,72,659.56,340.41,61.92,191.68,0.7404,-1,-1,-1
418,4,753.28,216.32,169.29,523.42,0.8958,-1,-1,-1
418,55,-32.10,49.89,345.49,973.66,0.9420,-1,-1,-1
418,56,914.91,235.76,109.18,444.57,0.8711,-1,-1,-1
418,62,1118.69,150.47,284.78,825.63,0.9337,-1,-1,-1
418,63,286.01,0.87,366.74,1060.06,0.9470,-1,-1,-1
418,66,1031.45,341.43,85.77,218.74,0.6914,-1,-1,-1
418,72,659.36,339.39,62.33,192.35,0.7960,-1,-1,-1
419,4,751.78,212.47,171.81,528.04,0.9019,-1,-1,-1
419,55,-39.91,41.85,342.90,990.69,0.9375,-1,-1,-1
419,56,915.21,235.67,109.64,443.04,0.8718,-1,-1,-1
419,62,1120.34,148.74,283.24,825.58,0.9341,-1,-1,-1
419,63,271.22,-0.74,371.77,1067.20,0.9491,-1,-1,-1
419,66,1034.63,342.83,85.87,216.60,0.6970,-1,-1,-1
419,72,655.80,337.26,64.84,199.88,0.7834,-1,-1,-1
420,4,749.20,209.88,173.83,531.25,0.9017,-1,-1,-1
420,55,-45.46,37.17,338.10,1004.88,0.9370,-1,-1,-1
420,56,915.07,235.30,111.22,444.83,0.8788,-1,-1,-1
420,62,1120.92,145.74,282.30,826.77,0.9309,-1,-1,-1
420,63,256.92,-1.01,377.06,1074.09,0.9511,-1,-1,-1
420,66,1033.94,333.51,89.51,225.85,0.7066,-1,-1,-1
420,72,651.91,336.46,66.69,205.64,0.7844,-1,-1,-1
421,4,748.24,209.05,174.90,531.65,0.8977,-1,-1,-1
421,55,-45.95,27.79,324.66,993.15,0.9326,-1,-1,-1
421,56,914.01,235.44,111.95,443.74,0.8824,-1,-1,-1
421,62,1120.33,141.67,282.57,829.57,0.9304,-1,-1,-1
421,63,241.77,-0.28,381.59,1075.40,0.9548,-1,-1,-1
421,66,1034.04,332.11,90.01,226.79,0.7308,-1,-1,-1
421,72,650.64,335.99,67.05,206.29,0.8016,-1,-1,-1
422,4,745.26,210.31,177.44,538.09,0.8829,-1,-1,-1
422,55,-49.88,17.81,314.20,993.45,0.9192,-1,-1,-1
422,56,913.12,236.06,112.74,444.09,0.8756,-1,-1,-1
422,62,1118.49,134.69,283.73,834.14,0.9243,-1,-1,-1
422,63,224.51,-0.68,386.85,1078.28,0.9507,-1,-1,-1
422,66,1034.03,336.48,88.31,222.25,0.6621,-1,-1,-1
422,72,646.22,333.94,68.38,210.09,0.7943,-1,-1,-1
423,4,741.26,212.55,176.48,534.74,0.8887,-1,-1,-1
423,55,-53.87,13.46,303.55,996.64,0.9135,-1,-1,-1
423,56,912.35,237.35,113.39,444.22,0.8604,-1,-1,-1
423,62,1114.50,129.72,285.28,837.41,0.9267,-1,-1,-1
423,63,208.09,-1.64,392.10,1081.72,0.9543,-1,-1,-1
423,66,1033.69,338.96,87.81,220.50,0.6757,-1,-1,-1
423,72,642.81,332.10,69.80,213.67,0.8247,-1,-1,-1
424,4,737.59,213.78,175.49,532.23,0.8890,-1,-1,-1
424,55,-58.55,9.72,293.44,1005.29,0.9009,-1,-1,-1
424,56,910.59,239.71,114.53,442.77,0.8548,-1,-1,-1
424,62,1112.38,128.06,286.26,837.10,0.9293,-1,-1,-1
424,63,189.22,-0.50,396.95,1082.34,0.9603,-1,-1,-1
424,66,1030.87,339.37,87.46,220.11,0.7360,-1,-1,-1
424,72,640.55,331.38,70.39,214.10,0.8070,-1,-1,-1
425,4,733.44,213.90,175.65,532.28,0.8606,-1,-1,-1
425,55,-64.34,6.43,281.09,1011.41,0.8807,-1,-1,-1
425,56,907.22,239.24,115.74,441.74,0.8720,-1,-1,-1
425,62,1109.81,127.37,285.96,830.86,0.9304,-1,-1,-1
425,63,169.18,-0.19,401.51,1077.33,0.9544,-1,-1,-1
425,66,1029.08,338.59,87.06,219.81,0.7557,-1,-1,-1
425,72,635.53,327.75,72.28,219.25,0.8003,-1,-1,-1
426,4,731.66,213.21,175.15,531.96,0.8973,-1,-1,-1
426,56,904.26,237.66,117.30,441.70,0.8952,-1,-1,-1
426,62,1106.96,127.94,285.22,819.74,0.9297,-1,-1,-1
426,63,144.51,-0.48,408.45,1077.26,0.9545,-1,-1,-1
426,66,1026.07,335.44,86.66,219.77,0.7883,-1,-1,-1
426,72,632.30,326.53,71.90,217.70,0.8050,-1,-1,-1
427,4,729.23,213.38,176.16,534.01,0.8717,-1,-1,-1
427,56,903.66,237.00,118.36,441.20,0.8885,-1,-1,-1
427,62,1103.06,129.49,286.16,812.58,0.9286,-1,-1,-1
427,63,115.91,-0.31,415.75,1073.82,0.9519,-1,-1,-1
427,66,1023.27,333.20,86.91,221.70,0.7284,-1,-1,-1
427,72,627.56,326.33,72.70,220.27,0.8352,-1,-1,-1
427,73,-9.02,151.82,118.16,528.70,0.5587,-1,-1,-1
428,4,725.09,215.85,176.59,533.36,0.8841,-1,-1,-1
428,56,901.14,237.68,119.76,440.15,0.8956,-1,-1,-1
428,62,1098.19,130.12,289.96,814.02,0.9314,-1,-1,-1
428,63,90.99,0.85,424.85,1071.68,0.9514,-1,-1,-1
428,66,1022.04,331.80,87.08,223.52,0.5873,-1,-1,-1
428,72,621.69,326.15,72.85,220.67,0.8322,-1,-1,-1
428,73,-18.86,156.55,116.95,527.26,0.4970,-1,-1,-1
429,4,717.42,215.32,179.63,539.27,0.8310,-1,-1,-1
429,56,901.06,237.16,120.23,438.30,0.8728,-1,-1,-1
429,62,1092.31,132.33,293.69,816.82,0.8228,-1,-1,-1
429,63,60.66,1.10,436.09,1072.35,0.9568,-1,-1,-1
429,66,1021.75,330.01,87.43,227.12,0.5973,-1,-1,-1
429,72,615.83,326.56,73.68,223.67,0.8281,-1,-1,-1
430,56,900.66,236.15,119.92,434.97,0.8527,-1,-1,-1
430,62,1086.81,133.53,298.37,821.15,0.9328,-1,-1,-1
430,63,43.92,1.31,445.20,1070.87,0.9446,-1,-1,-1
430,66,1023.42,327.42,87.35,230.80,0.4956,-1,-1,-1
430,72,612.71,327.04,73.66,223.50,0.7986,-1,-1,-1
431,56,898.35,233.52,120.41,434.06,0.8594,-1,-1,-1
431,62,1082.45,133.45,302.61,825.72,0.9285,-1,-1,-1
431,63,32.24,1.92,453.22,1071.83,0.9515,-1,-1,-1
431,66,1024.94,326.00,87.18,235.25,0.3020,-1,-1,-1
431,72,607.70,326.67,74.79,227.00,0.8124,-1,-1,-1
431,4,693.92,210.71,179.93,544.64,0.6542,-1,-1,-1
432,56,897.43,230.47,121.14,434.41,0.8742,-1,-1,-1
432,62,1078.95,133.39,306.65,830.24,0.9281,-1,-1,-1
432,63,24.49,3.38,459.29,1071.39,0.9604,-1,-1,-1
432,72,603.40,326.59,75.20,228.97,0.8159,-1,-1,-1
432,4,683.46,209.54,182.12,554.30,0.7599,-1,-1,-1
433,56,896.45,229.87,121.37,433.59,0.8865,-1,-1,-1
433,62,1077.52,132.76,310.02,834.18,0.9267,-1,-1,-1
433,63,17.62,3.13,463.41,1070.01,0.9590,-1,-1,-1
433,72,600.20,325.26,75.14,229.09,0.7974,-1,-1,-1
433,4,678.96,207.51,180.34,548.91,0.8286,-1,-1,-1
433,66,999.48,312.81,87.90,241.31,0.5547,-1,-1,-1
434,56,895.46,227.45,122.25,434.33,0.8867,-1,-1,-1
434,62,1077.66,131.83,312.45,836.83,0.9276,-1,-1,-1
434,63,11.51,1.57,466.41,1069.61,0.9585,-1,-1,-1
434,72,595.88,322.21,75.60,231.91,0.8376,-1,-1,-1
434,4,672.26,203.92,183.79,563.11,0.8060,-1,-1,-1
434,66,996.62,311.28,86.06,240.13,0.5512,-1,-1,-1
435,56,894.40,226.15,122.51,433.05,0.8755,-1,-1,-1
435,62,1077.30,129.77,314.69,839.24,0.9239,-1,-1,-1
435,63,6.43,0.94,467.58,1067.73,0.9620,-1,-1,-1
435,72,593.93,319.97,75.87,233.46,0.8276,-1,-1,-1
435,4,670.36,201.39,180.16,554.48,0.8744,-1,-1,-1
435,66,994.49,307.38,84.82,240.12,0.5776,-1,-1,-1
436,56,897.02,225.09,121.85,431.00,0.7486,-1,-1,-1
436,62,1077.81,127.09,317.21,843.58,0.9380,-1,-1,-1
436,63,1.60,1.20,468.30,1067.61,0.9631,-1,-1,-1
436,72,593.43,318.28,75.38,232.87,0.8385,-1,-1,-1
436,4,669.27,198.05,177.34,547.60,0.8437,-1,-1,-1
436,66,993.04,304.82,83.98,240.48,0.5799,-1,-1,-1
436,75,515.37,307.24,54.08,200.80,0.6454,-1,-1,-1
437,56,898.68,223.11,121.65,431.75,0.8710,-1,-1,-1
437,62,1079.85,122.61,319.01,847.30,0.9345,-1,-1,-1
437,63,-4.97,0.78,468.12,1069.68,0.9590,-1,-1,-1
437,72,591.33,314.15,75.21,232.34,0.8231,-1,-1,-1
437,4,667.28,195.25,174.58,541.08,0.8064,-1,-1,-1
437,66,992.38,302.65,82.66,239.60,0.5812,-1,-1,-1
437,75,519.00,342.95,43.61,161.39,0.4378,-1,-1,-1
438,56,900.35,222.21,121.27,433.23,0.8703,-1,-1,-1
438,62,1081.72,119.33,317.87,842.37,0.9338,-1,-1,-1
438,63,-13.41,1.71,464.64,1068.78,0.9505,-1,-1,-1
438,72,588.68,312.28,75.55,233.62,0.8033,-1,-1,-1
438,4,664.76,194.05,171.56,530.02,0.8102,-1,-1,-1
438,66,992.70,301.16,81.77,239.44,0.5984,-1,-1,-1
438,75,515.89,338.53,45.38,167.68,0.4593,-1,-1,-1
438,76,817.95,302.43,79.81,230.77,0.6716,-1,-1,-1
439,56,901.28,221.96,120.72,434.55,0.8737,-1,-1,-1
439,62,1084.60,116.36,317.88,842.23,0.9335,-1,-1,-1
439,63,-22.22,2.33,459.11,1067.78,0.9366,-1,-1,-1
439,72,585.27,311.85,75.66,233.72,0.7218,-1,-1,-1
439,4,663.08,193.05,170.75,525.84,0.8040,-1,-1,-1
439,66,992.39,301.01,80.46,237.94,0.6471,-1,-1,-1
439,75,512.83,329.41,47.62,175.97,0.3804,-1,-1,-1
439,76,814.34,300.91,81.67,236.04,0.7979,-1,-1,-1
440,56,900.71,221.62,119.85,434.69,0.8749,-1,-1,-1
440,62,1088.11,112.39,318.02,842.26,0.9163,-1,-1,-1
440,63,-30.71,2.40,450.69,1064.31,0.9398,-1,-1,-1
440,72,582.45,309.53,77.62,239.45,0.7459,-1,-1,-1
440,4,659.47,192.75,170.99,524.51,0.6897,-1,-1,-1
440,66,992.39,299.93,79.28,235.95,0.7272,-1,-1,-1
440,75,509.72,323.50,48.85,180.54,0.3424,-1,-1,-1
440,76,810.13,298.36,82.91,239.62,0.7956,-1,-1,-1
441,56,902.16,222.71,118.75,433.44,0.8676,-1,-1,-1
441,62,1092.70,107.43,318.63,843.45,0.9323,-1,-1,-1
441,63,-40.23,1.54,442.47,1066.24,0.9377,-1,-1,-1
441,72,580.90,306.78,78.98,244.31,0.7464,-1,-1,-1
441,4,658.47,194.67,171.78,524.22,0.8376,-1,-1,-1
441,66,992.95,297.01,79.41,237.43,0.7743,-1,-1,-1
441,76,808.43,297.31,83.52,241.59,0.7724,-1,-1,-1
441,77,1050.40,306.13,69.17,242.88,0.7313,-1,-1,-1
442,56,904.94,224.08,117.27,431.81,0.8706,-1,-1,-1
442,62,1100.13,106.64,315.78,833.73,0.9339,-1,-1,-1
442,63,-49.62,1.26,430.86,1064.93,0.9325,-1,-1,-1
442,72,580.99,306.56,79.25,245.84,0.6281,-1,-1,-1
442,4,658.73,196.72,172.56,524.95,0.8676,-1,-1,-1
442,66,994.24,296.93,79.75,238.72,0.8011,-1,-1,-1
442,76,812.59,298.26,82.51,238.08,0.7729,-1,-1,-1
442,77,1054.12,308.31,69.11,242.36,0.7757,-1,-1,-1
443,56,906.40,226.43,115.96,429.38,0.8765,-1,-1,-1
443,62,1108.18,110.35,312.73,822.09,0.9337,-1,-1,-1
443,63,-58.87,2.28,417.14,1063.26,0.5368,-1,-1,-1
443,72,581.80,308.14,79.91,248.04,0.8488,-1,-1,-1
443,4,661.27,198.85,172.71,525.66,0.8570,-1,-1,-1
443,66,996.87,296.50,80.22,240.15,0.7830,-1,-1,-1
443,76,817.05,299.83,80.85,232.22,0.8112,-1,-1,-1
443,77,1056.49,306.43,70.24,245.91,0.7000,-1,-1,-1
444,56,909.03,225.98,115.39,429.98,0.8562,-1,-1,-1
444,62,1115.43,113.39,310.79,814.98,0.6419,-1,-1,-1
444,63,-67.07,3.67,402.37,1063.13,0.8774,-1,-1,-1
444,72,583.95,307.32,80.68,250.53,0.8644,-1,-1,-1
444,4,665.78,201.28,170.97,521.29,0.8781,-1,-1,-1
444,66,998.89,294.41,81.15,242.72,0.7511,-1,-1,-1
444,76,819.33,300.29,81.15,232.55,0.8399,-1,-1,-1
444,77,1061.17,300.79,71.04,248.75,0.6375,-1,-1,-1
445,56,909.78,223.32,115.73,431.61,0.8859,-1,-1,-1
445,62,1121.97,117.07,311.66,816.80,0.9301,-1,-1,-1
445,63,-59.11,4.09,355.12,969.06,0.3235,-1,-1,-1
445,72,584.86,307.26,81.15,251.36,0.8715,-1,-1,-1
445,4,671.37,202.06,168.43,513.80,0.8726,-1,-1,-1
445,66,1004.63,292.88,81.58,244.59,0.8484,-1,-1,-1
445,76,822.83,298.74,82.13,234.30,0.8555,-1,-1,-1
445,77,1069.35,298.78,70.97,248.82,0.6149,-1,-1,-1
446,56,909.20,220.17,118.19,441.98,0.8737,-1,-1,-1
446,62,1129.62,121.34,312.57,818.87,0.9341,-1,-1,-1
446,63,-48.73,6.15,369.08,1030.28,0.7147,-1,-1,-1
446,72,586.75,308.59,81.73,251.05,0.8638,-1,-1,-1
446,4,679.51,202.31,165.34,503.63,0.8694,-1,-1,-1
446,66,1008.97,294.96,81.91,246.67,0.8363,-1,-1,-1
446,76,827.12,296.28,83.16,236.67,0.8607,-1,-1,-1
446,77,1076.12,300.40,70.34,247.06,0.7379,-1,-1,-1
447,56,914.91,219.25,119.16,445.28,0.8696,-1,-1,-1
447,62,1137.24,124.43,313.74,823.61,0.9376,-1,-1,-1
447,72,589.68,309.95,82.09,249.82,0.8354,-1,-1,-1
447,4,683.55,202.35,166.41,506.14,0.8895,-1,-1,-1
447,66,1015.19,292.94,83.04,250.52,0.8563,-1,-1,-1
447,76,834.11,295.57,83.92,237.99,0.8543,-1,-1,-1
447,77,1083.20,300.28,70.56,248.67,0.5302,-1,-1,-1
448,56,921.70,218.43,119.67,448.46,0.8633,-1,-1,-1
448,62,1145.27,133.74,314.07,824.59,0.9335,-1,-1,-1
448,72,591.47,311.31,82.88,249.57,0.8147,-1,-1,-1
448,4,688.14,203.48,168.91,511.85,0.8897,-1,-1,-1
448,66,1022.48,295.47,82.79,250.74,0.8710,-1,-1,-1
448,76,839.89,295.87,84.55,240.66,0.8666,-1,-1,-1
448,77,1092.44,302.86,70.25,247.66,0.7965,-1,-1,-1
449,56,927.60,216.43,120.66,453.50,0.8999,-1,-1,-1
449,62,1152.24,139.49,314.48,825.36,0.9313,-1,-1,-1
449,72,598.43,313.84,83.52,251.30,0.8486,-1,-1,-1
449,4,695.48,203.91,169.02,512.08,0.8887,-1,-1,-1
449,66,1032.26,297.51,81.29,248.54,0.8886,-1,-1,-1
449,76,845.86,296.02,84.46,240.82,0.8682,-1,-1,-1
449,77,1101.46,306.90,69.66,245.09,0.8080,-1,-1,-1
450,56,927.95,214.79,121.88,457.26,0.8828,-1,-1,-1
450,62,1158.17,145.04,314.92,828.34,0.9287,-1,-1,-1
450,72,603.74,314.53,83.31,251.01,0.8347,-1,-1,-1
450,4,703.42,202.53,168.57,510.31,0.8625,-1,-1,-1
450,66,1038.39,297.45,81.17,249.60,0.8940,-1,-1,-1
450,76,850.93,294.58,84.69,243.16,0.8336,-1,-1,-1
450,77,1108.00,310.36,69.14,242.50,0.8250,-1,-1,-1
451,56,936.42,218.57,119.70,448.99,0.8304,-1,-1,-1
451,62,1164.75,149.27,315.38,832.11,0.9145,-1,-1,-1
451,72,605.40,314.87,84.99,255.48,0.8496,-1,-1,-1
451,4,708.83,202.23,168.46,508.67,0.8495,-1,-1,-1
451,66,1045.93,294.76,80.94,250.88,0.8415,-1,-1,-1
451,76,857.01,294.71,84.78,242.03,0.8220,-1,-1,-1
451,77,1115.00,311.30,69.83,244.22,0.6037,-1,-1,-1
452,56,945.81,219.33,118.26,441.08,0.8841,-1,-1,-1
452,62,1171.42,153.49,316.22,836.92,0.9098,-1,-1,-1
452,72,607.94,315.10,85.44,255.15,0.8276,-1,-1,-1
452,4,716.87,200.76,167.92,508.28,0.8484,-1,-1,-1
452,66,1054.02,294.78,80.86,251.38,0.8624,-1,-1,-1
452,76,861.11,297.67,84.88,240.52,0.7399,-1,-1,-1
452,77,1124.00,311.45,70.01,244.81,0.6933,-1,-1,-1
453,56,952.75,217.58,117.95,439.48,0.8836,-1,-1,-1
453,62,1177.24,156.25,316.38,840.33,0.9281,-1,-1,-1
453,72,612.84,314.56,85.79,257.19,0.8685,-1,-1,-1
453,4,722.43,203.08,168.41,511.42,0.8804,-1,-1,-1
453,66,1061.23,297.70,80.40,251.44,0.8611,-1,-1,-1
453,76,870.00,297.80,84.50,240.41,0.8522,-1,-1,-1
453,77,1129.93,311.99,70.44,247.35,0.7498,-1,-1,-1
454,56,957.40,218.68,118.83,438.46,0.8778,-1,-1,-1
454,62,1184.49,158.55,316.36,843.39,0.9359,-1,-1,-1
454,72,617.19,310.41,86.61,259.63,0.8365,-1,-1,-1
454,4,729.92,202.80,168.61,512.55,0.8943,-1,-1,-1
454,66,1070.77,299.33,79.71,250.27,0.8638,-1,-1,-1
454,76,877.32,298.75,84.68,241.27,0.8225,-1,-1,-1
454,77,1138.53,311.72,70.53,247.64,0.5821,-1,-1,-1
455,56,964.05,218.31,120.12,438.95,0.8787,-1,-1,-1
455,62,1190.59,158.32,316.22,845.21,0.9373,-1,-1,-1
455,72,621.56,305.41,87.80,264.93,0.7787,-1,-1,-1
455,4,736.79,202.83,168.95,513.67,0.8865,-1,-1,-1
455,66,1078.40,300.55,79.10,250.38,0.8717,-1,-1,-1
455,76,883.92,300.06,84.49,241.02,0.7772,-1,-1,-1
455,77,1149.47,312.89,69.73,246.17,0.7053,-1,-1,-1
456,56,969.34,215.32,121.41,441.62,0.8594,-1,-1,-1
456,62,1198.17,158.04,314.15,839.97,0.9374,-1,-1,-1
456,72,627.04,302.49,88.30,267.52,0.8356,-1,-1,-1
456,4,746.32,200.65,168.45,514.16,0.8495,-1,-1,-1
456,66,1084.96,299.70,78.63,251.65,0.8412,-1,-1,-1
456,76,892.57,300.02,83.73,240.50,0.7957,-1,-1,-1
456,77,1155.60,313.35,69.36,245.45,0.5872,-1,-1,-1
456,81,581.78,316.38,55.65,193.89,0.5887,-1,-1,-1
457,56,974.68,210.92,122.83,445.23,0.8782,-1,-1,-1
457,62,1205.11,156.63,314.13,839.08,0.9350,-1,-1,-1
457,72,630.81,299.89,88.65,268.60,0.8541,-1,-1,-1
457,4,755.14,198.62,168.99,516.74,0.8512,-1,-1,-1
457,66,1091.48,298.08,78.91,254.58,0.8466,-1,-1,-1
457,76,899.20,299.44,83.85,241.57,0.8188,-1,-1,-1
457,77,1158.98,309.26,70.30,249.73,0.3830,-1,-1,-1
457,81,585.76,308.42,58.06,202.33,0.5913,-1,-1,-1
457,82,723.89,248.63,75.88,323.55,0.5913,-1,-1,-1
458,56,987.97,213.23,121.09,439.12,0.9031,-1,-1,-1
458,62,1209.54,155.29,314.27,837.69,0.9357,-1,-1,-1
458,72,634.26,297.81,89.34,270.82,0.8265,-1,-1,-1
458,4,765.63,201.97,166.23,509.34,0.7172,-1,-1,-1
458,66,1098.95,296.58,78.48,254.65,0.8150,-1,-1,-1
458,76,908.10,299.77,83.57,239.74,0.7873,-1,-1,-1
458,81,591.50,306.48,58.32,203.23,0.4482,-1,-1,-1
458,82,728.63,251.26,74.75,318.63,0.8073,-1,-1,-1
459,56,996.26,212.75,121.00,438.36,0.8973,-1,-1,-1
459,62,1212.93,151.01,316.73,839.71,0.9390,-1,-1,-1
459,72,638.46,297.52,89.53,271.19,0.8113,-1,-1,-1
459,4,772.65,203.23,166.55,514.20,0.9185,-1,-1,-1
459,66,1105.43,295.94,78.67,254.89,0.8568,-1,-1,-1
459,76,914.33,298.66,82.60,236.95,0.8235,-1,-1,-1
459,82,731.16,250.33,74.99,319.59,0.3688,-1,-1,-1
460,56,1000.45,209.26,122.72,442.96,0.8364,-1,-1,-1
460,62,1216.76,144.90,317.98,835.71,0.9377,-1,-1,-1
460,72,640.13,296.56,90.51,273.78,0.7995,-1,-1,-1
460,4,778.09,203.08,165.68,515.52,0.9049,-1,-1,-1
460,66,1110.05,295.93,78.40,253.47,0.8198,-1,-1,-1
460,76,921.04,297.59,82.12,236.26,0.8400,-1,-1,-1
460,82,734.56,248.23,76.84,326.78,0.8291,-1,-1,-1
461,56,1005.20,209.43,122.94,445.15,0.8494,-1,-1,-1
461,62,1219.23,139.03,319.79,832.48,0.9372,-1,-1,-1
461,72,642.60,293.91,92.06,279.03,0.7722,-1,-1,-1
461,4,782.41,202.41,164.76,515.12,0.8978,-1,-1,-1
461,66,1113.98,294.56,78.72,252.20,0.8382,-1,-1,-1
461,76,927.49,297.31,81.42,234.97,0.8459,-1,-1,-1
461,82,737.54,244.52,77.91,330.40,0.8267,-1,-1,-1
462,56,1006.57,209.63,123.29,445.09,0.8708,-1,-1,-1
462,62,1221.60,134.82,320.93,826.75,0.9349,-1,-1,-1
462,72,644.07,291.69,92.89,282.61,0.8024,-1,-1,-1
462,4,785.98,201.51,162.87,509.84,0.8830,-1,-1,-1
462,66,1117.08,294.65,79.15,252.33,0.7893,-1,-1,-1
462,76,932.75,295.93,80.97,233.83,0.8348,-1,-1,-1
462,82,739.06,243.05,78.66,332.32,0.8166,-1,-1,-1
463,56,1007.36,208.49,124.07,445.90,0.8733,-1,-1,-1
463,62,1221.25,132.68,322.04,820.81,0.6401,-1,-1,-1
463,72,643.75,291.61,93.12,284.25,0.7991,-1,-1,-1
463,4,786.67,198.96,163.48,512.06,0.8973,-1,-1,-1
463,66,1119.36,292.68,79.62,252.95,0.7863,-1,-1,-1
463,76,936.35,291.43,81.21,235.01,0.8497,-1,-1,-1
463,82,738.80,240.00,79.25,334.26,0.8079,-1,-1,-1
464,56,1008.17,207.75,124.92,446.24,0.8773,-1,-1,-1
464,62,1222.48,129.54,324.85,822.43,0.9333,-1,-1,-1
464,72,641.16,289.50,92.37,282.44,0.7793,-1,-1,-1
464,4,785.49,192.93,163.28,510.18,0.8838,-1,-1,-1
464,66,1120.46,289.12,79.68,252.76,0.7922,-1,-1,-1
464,76,936.64,286.44,81.48,235.74,0.8407,-1,-1,-1
464,82,737.74,239.41,79.32,333.52,0.8365,-1,-1,-1
465,56,1008.72,206.54,125.72,446.36,0.8684,-1,-1,-1
465,62,1220.97,124.59,329.53,830.33,0.9343,-1,-1,-1
465,72,636.58,284.56,93.53,286.31,0.8366,-1,-1,-1
465,4,783.23,187.68,163.90,510.56,0.4443,-1,-1,-1
465,66,1123.82,287.87,79.01,252.25,0.7221,-1,-1,-1
465,76,935.79,281.46,82.07,237.82,0.8384,-1,-1,-1
465,82,733.51,235.13,81.09,339.20,0.7993,-1,-1,-1
466,56,1009.51,204.66,125.67,443.25,0.8660,-1,-1,-1
466,62,1217.81,120.51,334.43,839.04,0.9366,-1,-1,-1
466,72,631.79,281.55,93.89,287.60,0.8194,-1,-1,-1
466,4,778.79,183.08,165.27,510.86,0.8902,-1,-1,-1
466,66,1125.12,285.85,78.08,252.17,0.7105,-1,-1,-1
466,76,935.04,277.05,82.66,239.75,0.8412,-1,-1,-1
466,82,730.18,229.39,81.88,341.24,0.7210,-1,-1,-1
467,56,1008.71,204.04,126.61,444.93,0.8715,-1,-1,-1
467,62,1213.99,118.72,338.34,844.73,0.9376,-1,-1,-1
467,72,625.55,277.44,95.65,292.97,0.8358,-1,-1,-1
467,4,775.07,179.98,166.70,510.48,0.8921,-1,-1,-1
467,66,1124.62,282.90,78.10,254.39,0.7375,-1,-1,-1
467,76,934.04,275.31,83.04,240.40,0.8535,-1,-1,-1
467,82,724.52,224.69,83.73,346.64,0.8224,-1,-1,-1
468,56,1005.55,203.51,127.02,445.15,0.8724,-1,-1,-1
468,62,1207.64,117.39,343.31,853.05,0.9398,-1,-1,-1
468,72,619.86,276.57,95.86,293.06,0.5411,-1,-1,-1
468,4,771.58,179.36,167.75,510.32,0.9030,-1,-1,-1
468,66,1121.79,280.10,77.85,254.05,0.6897,-1,-1,-1
468,76,932.11,275.43,83.25,241.26,0.8203,-1,-1,-1
468,82,717.99,220.36,85.29,352.19,0.8351,-1,-1,-1
468,81,621.79,275.59,85.87,294.85,0.5272,-1,-1,-1
469,56,1002.46,202.68,127.02,444.90,0.8799,-1,-1,-1
469,62,1202.52,116.81,348.09,861.93,0.9387,-1,-1,-1
469,72,613.80,272.83,96.66,296.24,0.8564,-1,-1,-1
469,4,769.54,178.32,167.94,508.55,0.9007,-1,-1,-1
469,66,1117.83,279.28,78.43,253.84,0.6858,-1,-1,-1
469,76,928.56,273.32,83.94,243.14,0.8683,-1,-1,-1
469,82,709.93,218.52,85.64,353.61,0.8325,-1,-1,-1
470,56,999.43,202.80,127.14,443.61,0.8769,-1,-1,-1
470,62,1197.43,117.25,351.12,867.40,0.9411,-1,-1,-1
470,72,605.62,268.29,98.42,301.51,0.8657,-1,-1,-1
470,4,767.95,178.22,168.38,507.61,0.9063,-1,-1,-1
470,66,1114.58,277.42,79.38,256.30,0.7279,-1,-1,-1
470,76,924.77,272.53,83.65,243.13,0.8809,-1,-1,-1
470,82,703.81,215.09,87.06,358.57,0.8436,-1,-1,-1
471,56,996.77,200.97,127.57,443.33,0.8688,-1,-1,-1
471,62,1192.40,118.63,353.31,870.42,0.9441,-1,-1,-1
471,72,597.73,265.43,99.69,306.05,0.8326,-1,-1,-1
471,4,766.39,178.24,167.91,504.28,0.8821,-1,-1,-1
471,66,1109.95,275.51,80.27,258.55,0.4590,-1,-1,-1
471,76,921.50,272.62,83.43,242.32,0.8794,-1,-1,-1
471,82,696.29,211.95,88.17,361.32,0.8518,-1,-1,-1
472,56,994.51,198.88,127.68,442.88,0.8823,-1,-1,-1
472,62,1188.28,117.87,355.66,875.45,0.9411,-1,-1,-1
472,72,592.13,264.88,99.96,307.38,0.8622,-1,-1,-1
472,4,763.46,177.28,167.82,502.08,0.8902,-1,-1,-1
472,66,1105.97,272.81,81.17,262.22,0.6907,-1,-1,-1
472,76,919.13,272.17,83.03,241.34,0.8616,-1,-1,-1
472,82,690.86,207.44,89.46,363.49,0.8797,-1,-1,-1
473,56,990.61,197.23,127.62,443.12,0.8893,-1,-1,-1
473,62,1186.22,116.87,356.11,876.07,0.9397,-1,-1,-1
473,72,585.98,262.12,100.74,310.83,0.8736,-1,-1,-1
473,4,762.63,177.31,168.71,503.70,0.8925,-1,-1,-1
473,66,1105.50,271.69,81.99,264.59,0.7563,-1,-1,-1
473,76,917.75,272.82,82.60,240.38,0.8376,-1,-1,-1
473,82,686.10,204.39,90.89,365.04,0.8890,-1,-1,-1
474,56,987.93,195.76,127.21,442.23,0.9011,-1,-1,-1
474,62,1186.25,114.38,353.36,869.39,0.9418,-1,-1,-1
474,72,579.73,260.49,101.16,313.38,0.8868,-1,-1,-1
474,4,763.06,178.23,168.83,503.58,0.8919,-1,-1,-1
474,66,1101.76,270.32,82.71,268.15,0.8389,-1,-1,-1
474,76,916.93,275.63,81.78,239.41,0.6869,-1,-1,-1
474,82,681.86,202.95,92.88,368.41,0.8861,-1,-1,-1
475,56,985.47,194.21,125.10,436.46,0.8828,-1,-1,-1
475,62,1186.41,111.46,351.63,864.71,0.9426,-1,-1,-1
475,72,573.97,258.72,101.46,315.02,0.8913,-1,-1,-1
475,4,764.31,178.30,167.88,499.28,0.8788,-1,-1,-1
475,66,1097.46,267.58,83.10,270.74,0.8638,-1,-1,-1
475,76,916.14,277.09,80.93,238.42,0.7821,-1,-1,-1
475,82,675.68,201.48,94.91,371.10,0.8869,-1,-1,-1
476,56,982.15,192.25,124.01,433.94,0.6793,-1,-1,-1
476,62,1187.35,106.55,351.04,863.27,0.9416,-1,-1,-1
476,72,568.53,256.94,101.44,316.67,0.8860,-1,-1,-1
476,4,765.93,178.82,168.02,497.96,0.8755,-1,-1,-1
476,66,1095.56,266.22,82.64,271.30,0.8836,-1,-1,-1
476,76,916.31,278.22,80.05,237.17,0.6531,-1,-1,-1
476,82,670.53,200.56,97.31,375.13,0.8895,-1,-1,-1
477,62,1188.93,102.76,349.47,859.51,0.9406,-1,-1,-1
477,72,565.98,258.16,101.19,318.14,0.8765,-1,-1,-1
477,4,769.04,180.88,167.45,495.55,0.8842,-1,-1,-1
477,66,1095.02,266.02,82.25,271.99,0.8831,-1,-1,-1
477,76,916.79,281.82,78.76,234.26,0.6638,-1,-1,-1
477,82,666.08,200.94,100.01,379.62,0.8971,-1,-1,-1
478,62,1191.81,100.98,345.90,849.34,0.9367,-1,-1,-1
478,72,558.96,260.96,102.46,322.23,0.8744,-1,-1,-1
478,4,772.24,182.36,167.63,495.98,0.8846,-1,-1,-1
478,66,1094.08,267.08,81.90,271.88,0.8617,-1,-1,-1
478,76,916.83,282.84,78.75,234.94,0.6275,-1,-1,-1
478,82,661.77,202.41,103.09,385.37,0.9096,-1,-1,-1
478,56,977.27,190.69,125.87,441.52,0.8258,-1,-1,-1
479,62,1194.51,100.27,343.85,842.39,0.9402,-1,-1,-1
479,72,553.37,261.83,103.91,325.53,0.8736,-1,-1,-1
479,4,775.42,182.05,168.09,498.04,0.9025,-1,-1,-1
479,66,1093.85,265.48,81.76,273.76,0.8763,-1,-1,-1
479,82,659.24,202.96,105.95,389.06,0.9031,-1,-1,-1
479,56,976.78,191.62,125.97,442.20,0.7806,-1,-1,-1
480,62,1195.79,100.06,345.14,844.18,0.9397,-1,-1,-1
480,72,548.55,263.56,105.24,327.72,0.8781,-1,-1,-1
480,4,778.59,182.38,168.41,498.74,0.9078,-1,-1,-1
480,66,1094.08,265.15,81.97,276.52,0.8752,-1,-1,-1
480,82,656.94,203.34,109.18,392.24,0.9027,-1,-1,-1
480,56,975.71,191.89,126.66,445.14,0.8459,-1,-1,-1
481,62,1197.12,101.21,347.80,850.08,0.9435,-1,-1,-1
481,72,545.57,266.58,106.20,329.65,0.8784,-1,-1,-1
481,4,781.86,183.34,168.24,496.73,0.9082,-1,-1,-1
481,66,1095.66,269.80,81.41,275.34,0.8907,-1,-1,-1
481,82,655.95,205.11,112.56,395.84,0.9080,-1,-1,-1
481,56,976.49,195.62,125.87,440.81,0.8617,-1,-1,-1
482,62,1200.37,105.06,350.34,855.24,0.9410,-1,-1,-1
482,72,544.02,271.05,106.74,330.35,0.8488,-1,-1,-1
482,4,786.02,185.40,169.95,499.68,0.9019,-1,-1,-1
482,66,1097.10,274.19,80.98,273.70,0.8722,-1,-1,-1
482,82,656.35,208.33,115.50,398.77,0.9122,-1,-1,-1
482,56,977.42,199.45,126.42,440.30,0.8864,-1,-1,-1
483,62,1202.35,107.34,352.80,860.57,0.9385,-1,-1,-1
483,72,543.35,270.94,107.76,333.29,0.8699,-1,-1,-1
483,4,789.77,186.32,171.43,501.38,0.8951,-1,-1,-1
483,66,1100.86,274.64,81.38,274.42,0.8556,-1,-1,-1
483,82,656.93,208.86,118.80,402.45,0.9079,-1,-1,-1
483,56,981.20,200.29,127.70,443.62,0.9042,-1,-1,-1
484,62,1203.19,110.09,355.52,868.03,0.9419,-1,-1,-1
484,72,542.71,269.86,109.20,338.56,0.8604,-1,-1,-1
484,4,796.61,187.28,172.13,503.27,0.8996,-1,-1,-1
484,66,1104.19,276.17,81.55,273.16,0.7280,-1,-1,-1
484,82,656.43,208.05,121.64,406.38,0.9036,-1,-1,-1
484,56,985.05,203.07,127.72,444.55,0.9157,-1,-1,-1
485,62,1205.49,112.70,359.01,878.04,0.9399,-1,-1,-1
485,72,542.02,270.80,110.41,342.06,0.8720,-1,-1,-1
485,4,802.63,188.52,172.64,504.32,0.8873,-1,-1,-1
485,66,1106.12,277.98,81.95,273.20,0.8519,-1,-1,-1
485,82,656.12,206.90,124.26,411.54,0.9018,-1,-1,-1
485,56,989.91,206.24,127.49,445.91,0.9047,-1,-1,-1
486,62,1209.13,117.28,360.95,886.14,0.9421,-1,-1,-1
486,72,542.28,270.20,112.02,346.57,0.8862,-1,-1,-1
486,66,1109.89,279.51,83.89,274.74,0.8710,-1,-1,-1
486,82,658.10,207.34,126.59,414.75,0.8873,-1,-1,-1
486,56,994.16,209.67,127.15,447.67,0.8897,-1,-1,-1
487,62,1214.86,126.00,361.72,891.42,0.9408,-1,-1,-1
487,72,541.44,269.01,113.84,351.86,0.8916,-1,-1,-1
487,66,1114.32,282.49,85.59,277.90,0.8778,-1,-1,-1
487,82,662.83,208.79,129.77,418.31,0.8788,-1,-1,-1
487,56,1000.08,217.14,125.87,447.51,0.8673,-1,-1,-1
487,4,816.41,196.40,173.66,508.05,0.9250,-1,-1,-1
488,62,1219.52,134.50,360.74,892.03,0.9409,-1,-1,-1
488,72,542.04,270.46,115.02,355.20,0.8906,-1,-1,-1
488,66,1119.67,285.18,86.26,277.46,0.8619,-1,-1,-1
488,82,665.64,210.71,132.00,420.00,0.8780,-1,-1,-1
488,56,1004.09,222.19,125.11,446.65,0.8676,-1,-1,-1
488,4,823.77,201.78,174.15,509.22,0.9248,-1,-1,-1
489,62,1222.66,139.01,359.87,893.05,0.9403,-1,-1,-1
489,72,542.23,270.20,116.85,359.57,0.8821,-1,-1,-1
489,66,1126.84,289.89,86.76,279.17,0.8900,-1,-1,-1
489,82,670.06,211.72,134.37,420.25,0.8663,-1,-1,-1
489,56,1008.99,226.12,124.54,445.16,0.8621,-1,-1,-1
489,4,832.27,206.13,174.82,509.51,0.9113,-1,-1,-1
490,62,1226.39,142.80,358.57,891.70,0.9416,-1,-1,-1
490,72,540.76,270.81,119.09,362.76,0.8876,-1,-1,-1
490,66,1132.84,294.65,87.07,279.64,0.8866,-1,-1,-1
490,82,671.74,213.21,137.18,423.58,0.8659,-1,-1,-1
490,56,1012.50,227.13,125.66,449.17,0.8748,-1,-1,-1
490,4,838.96,213.06,174.83,508.42,0.9123,-1,-1,-1
491,62,1227.46,143.74,358.91,893.41,0.9400,-1,-1,-1
491,72,537.96,273.00,120.91,363.58,0.8640,-1,-1,-1
491,66,1137.33,298.68,87.40,278.79,0.8978,-1,-1,-1
491,82,672.91,213.68,140.59,428.27,0.8852,-1,-1,-1
491,56,1014.52,227.33,125.94,450.64,0.8880,-1,-1,-1
491,4,845.11,217.79,175.01,508.01,0.9045,-1,-1,-1
492,62,1228.96,142.45,360.55,895.48,0.9416,-1,-1,-1
492,72,536.07,273.02,123.24,364.77,0.8830,-1,-1,-1
492,66,1139.89,302.52,88.46,279.63,0.8893,-1,-1,-1
492,82,672.82,213.52,143.01,431.55,0.8944,-1,-1,-1
492,56,1015.48,229.52,126.54,453.44,0.8926,-1,-1,-1
492,4,849.84,222.02,175.16,507.47,0.8899,-1,-1,-1
493,62,1225.28,139.70,362.31,900.25,0.9337,-1,-1,-1
493,72,532.10,273.08,126.50,369.44,0.8702,-1,-1,-1
493,66,1141.25,306.90,89.35,278.62,0.8732,-1,-1,-1
493,82,669.76,214.43,145.98,435.28,0.8879,-1,-1,-1
493,56,1016.27,231.44,126.99,454.49,0.8921,-1,-1,-1
493,4,852.84,225.57,174.70,504.87,0.8737,-1,-1,-1
494,62,1219.21,135.96,360.29,896.60,0.9338,-1,-1,-1
494,72,527.64,274.45,129.94,375.45,0.8761,-1,-1,-1
494,66,1140.94,309.59,90.50,277.81,0.8637,-1,-1,-1
494,82,666.52,215.29,149.16,441.19,0.8953,-1,-1,-1
494,56,1015.95,232.56,126.46,451.90,0.8949,-1,-1,-1
494,4,856.13,227.40,174.07,503.05,0.8767,-1,-1,-1
495,62,1215.37,131.36,357.59,890.65,0.9351,-1,-1,-1
495,72,521.49,276.11,132.84,381.27,0.8563,-1,-1,-1
495,66,1140.56,311.42,91.71,278.73,0.8682,-1,-1,-1
495,82,662.02,216.01,152.60,447.64,0.8911,-1,-1,-1
495,56,1014.38,234.44,125.97,449.02,0.8935,-1,-1,-1
495,4,858.62,228.83,173.52,502.13,0.8885,-1,-1,-1
496,62,1214.49,127.10,355.06,885.28,0.9358,-1,-1,-1
496,72,517.00,279.67,134.37,383.84,0.8663,-1,-1,-1
496,66,1142.55,312.45,92.44,279.48,0.8466,-1,-1,-1
496,82,656.16,216.61,156.53,453.07,0.8960,-1,-1,-1
496,56,1014.69,235.67,125.60,446.96,0.8861,-1,-1,-1
496,4,860.64,229.74,172.97,500.57,0.8660,-1,-1,-1
497,62,1213.37,122.45,354.72,885.79,0.9356,-1,-1,-1
497,72,513.35,282.26,135.45,385.05,0.8820,-1,-1,-1
497,66,1143.21,312.72,93.37,281.14,0.8107,-1,-1,-1
497,82,650.59,215.97,159.64,455.76,0.8948,-1,-1,-1
497,56,1013.88,235.91,125.78,447.08,0.8831,-1,-1,-1
497,4,865.21,230.51,167.18,480.21,0.8599,-1,-1,-1
498,62,1211.08,119.20,356.30,891.69,0.9324,-1,-1,-1
498,72,508.70,285.02,135.76,385.13,0.8866,-1,-1,-1
498,66,1142.71,312.29,94.76,284.32,0.6512,-1,-1,-1
498,82,644.52,214.20,162.99,461.03,0.9020,-1,-1,-1
498,56,1012.62,236.32,126.22,448.04,0.8855,-1,-1,-1
498,4,867.30,228.45,163.47,464.19,0.8270,-1,-1,-1
499,62,1208.75,115.62,359.25,902.05,0.9337,-1,-1,-1
499,72,502.14,287.57,137.30,387.59,0.8912,-1,-1,-1
499,66,1143.66,311.83,94.96,285.13,0.8235,-1,-1,-1
499,82,636.59,214.84,165.69,466.08,0.9125,-1,-1,-1
499,56,1011.83,235.68,126.44,448.67,0.8820,-1,-1,-1
499,4,864.82,227.90,169.98,480.99,0.8644,-1,-1,-1
500,62,1205.94,114.51,362.05,912.02,0.9332,-1,-1,-1
500,72,496.21,289.50,138.53,390.20,0.8951,-1,-1,-1
500,66,1143.04,312.02,95.43,286.22,0.8542,-1,-1,-1
500,82,630.29,214.69,168.15,471.66,0.8885,-1,-1,-1
500,56,1009.95,235.03,126.72,450.66,0.8875,-1,-1,-1
500,4,863.63,227.48,171.81,484.74,0.8741,-1,-1,-1
501,62,1204.02,113.34,364.33,921.36,0.9363,-1,-1,-1
501,72,488.84,286.16,141.47,398.33,0.9034,-1,-1,-1
501,66,1143.28,311.77,95.38,286.35,0.8686,-1,-1,-1
501,82,622.21,211.13,171.02,480.85,0.8744,-1,-1,-1
501,56,1008.91,235.49,126.86,451.39,0.8873,-1,-1,-1
501,4,861.97,227.55,174.04,489.38,0.8792,-1,-1,-1
502,62,1203.57,113.50,365.07,927.25,0.9393,-1,-1,-1
502,72,481.16,284.61,143.31,404.53,0.8905,-1,-1,-1
502,66,1142.66,311.77,95.18,285.23,0.9015,-1,-1,-1
502,82,616.46,212.25,172.12,483.82,0.8581,-1,-1,-1
502,56,1007.59,236.45,126.54,451.22,0.8876,-1,-1,-1
502,4,861.38,228.89,175.24,491.64,0.8843,-1,-1,-1
503,62,1203.11,114.89,364.89,930.94,0.9413,-1,-1,-1
503,72,471.80,280.15,145.15,410.83,0.8904,-1,-1,-1
503,66,1140.31,309.88,95.44,285.74,0.9083,-1,-1,-1
503,82,607.71,209.80,173.17,487.78,0.8899,-1,-1,-1
503,56,1006.71,236.37,126.08,449.30,0.8780,-1,-1,-1
503,4,859.07,227.74,176.46,493.99,0.8800,-1,-1,-1
504,62,1201.87,115.87,365.08,935.22,0.9423,-1,-1,-1
504,72,463.52,277.18,146.30,414.00,0.8884,-1,-1,-1
504,66,1138.75,306.68,96.50,288.43,0.9068,-1,-1,-1
504,82,599.85,201.60,176.05,497.27,0.8918,-1,-1,-1
504,56,1005.90,234.93,125.95,449.10,0.8799,-1,-1,-1
504,4,856.50,226.65,177.22,494.56,0.8756,-1,-1,-1
505,62,1202.23,115.67,365.30,939.88,0.9416,-1,-1,-1
505,72,451.94,271.78,148.57,420.91,0.8934,-1,-1,-1
505,66,1136.91,304.14,96.70,288.76,0.8909,-1,-1,-1
505,82,590.74,196.92,177.48,501.87,0.9175,-1,-1,-1
505,56,1003.14,232.92,125.29,448.98,0.8550,-1,-1,-1
505,4,857.41,224.94,177.82,495.28,0.8708,-1,-1,-1
506,62,1202.77,114.61,365.09,943.01,0.9414,-1,-1,-1
506,72,442.62,266.72,151.25,427.85,0.7619,-1,-1,-1
506,66,1133.63,300.95,98.12,291.04,0.8880,-1,-1,-1
506,82,581.82,189.07,178.92,508.21,0.8999,-1,-1,-1
506,56,1001.79,232.20,124.49,448.21,0.8483,-1,-1,-1
506,4,856.58,223.31,179.67,500.05,0.8669,-1,-1,-1
507,62,1206.26,112.54,361.43,936.34,0.9418,-1,-1,-1
507,72,432.27,262.16,153.37,434.66,0.9030,-1,-1,-1
507,66,1131.73,298.32,98.89,292.47,0.8932,-1,-1,-1
507,82,571.89,187.42,178.21,508.51,0.8980,-1,-1,-1
507,56,1000.69,232.14,123.68,448.51,0.8346,-1,-1,-1
507,4,856.85,222.55,180.28,503.09,0.8742,-1,-1,-1
508,62,1207.81,109.45,359.10,933.40,0.9426,-1,-1,-1
508,72,419.25,259.66,154.42,439.04,0.9024,-1,-1,-1
508,66,1131.87,296.10,98.92,293.39,0.8851,-1,-1,-1
508,82,560.04,183.04,179.82,516.52,0.8795,-1,-1,-1
508,56,997.67,231.15,122.03,447.30,0.8084,-1,-1,-1
508,4,855.32,222.00,179.56,502.77,0.8681,-1,-1,-1
509,62,1207.47,106.36,357.54,932.35,0.9410,-1,-1,-1
509,72,407.94,256.51,154.92,441.81,0.9152,-1,-1,-1
509,66,1128.15,294.49,98.65,293.63,0.8755,-1,-1,-1
509,82,548.71,178.93,180.70,521.49,0.9123,-1,-1,-1
509,56,994.05,230.81,120.12,447.88,0.7779,-1,-1,-1
509,4,856.36,220.84,177.18,498.86,0.8554,-1,-1,-1
510,62,1208.09,102.24,357.05,931.47,0.9373,-1,-1,-1
510,72,392.78,253.55,157.06,449.83,0.9088,-1,-1,-1
510,66,1123.65,292.62,98.69,294.37,0.8590,-1,-1,-1
510,82,535.77,174.03,183.64,531.85,0.9197,-1,-1,-1
510,56,989.79,227.95,118.49,451.17,0.7815,-1,-1,-1
510,4,854.65,219.73,175.24,495.91,0.8089,-1,-1,-1
511,62,1208.70,96.82,354.49,923.28,0.9358,-1,-1,-1
511,72,378.32,251.86,160.59,460.75,0.9133,-1,-1,-1
511,66,1120.17,289.67,98.76,296.14,0.8513,-1,-1,-1
511,82,523.72,172.69,185.66,539.82,0.8251,-1,-1,-1
511,56,986.10,224.00,118.17,456.34,0.7173,-1,-1,-1
511,4,857.35,218.02,171.77,490.09,0.8050,-1,-1,-1
512,62,1209.48,90.93,349.85,909.85,0.9343,-1,-1,-1
512,72,363.91,250.86,163.12,469.92,0.9058,-1,-1,-1
512,66,1115.40,285.78,99.42,298.94,0.8753,-1,-1,-1
512,82,509.96,168.36,186.70,545.40,0.7765,-1,-1,-1
512,56,984.41,220.55,117.79,460.24,0.7796,-1,-1,-1
512,4,855.46,216.34,169.83,486.20,0.8148,-1,-1,-1
513,62,1211.55,85.69,346.34,899.07,0.9337,-1,-1,-1
513,72,351.16,248.26,165.19,477.03,0.9144,-1,-1,-1
513,66,1111.72,284.61,99.10,298.27,0.8536,-1,-1,-1
513,82,498.90,162.71,188.99,554.05,0.6968,-1,-1,-1
513,56,978.87,221.30,112.57,450.64,0.7000,-1,-1,-1
513,4,852.92,213.75,168.92,484.63,0.8538,-1,-1,-1
514,62,1211.82,77.03,346.46,898.97,0.9274,-1,-1,-1
514,72,341.09,246.63,166.33,479.78,0.8953,-1,-1,-1
514,66,1109.42,280.93,99.06,297.89,0.8781,-1,-1,-1
514,82,488.87,158.51,194.01,568.27,0.8643,-1,-1,-1
514,56,977.21,216.02,110.48,451.24,0.8117,-1,-1,-1
514,4,850.56,206.47,169.16,487.98,0.8334,-1,-1,-1
515,62,1211.93,69.07,348.77,906.44,0.9417,-1,-1,-1
515,72,330.51,245.68,167.43,482.10,0.9171,-1,-1,-1
515,66,1106.45,277.20,99.75,299.07,0.8951,-1,-1,-1
515,82,480.34,154.44,197.53,579.81,0.8769,-1,-1,-1
515,56,977.48,212.74,108.69,452.17,0.8218,-1,-1,-1
515,4,849.45,202.92,167.93,486.79,0.8437,-1,-1,-1
516,62,1213.08,63.24,349.35,910.15,0.9372,-1,-1,-1
516,72,319.61,244.85,170.27,489.51,0.9187,-1,-1,-1
516,66,1104.96,273.34,100.51,301.19,0.8926,-1,-1,-1
516,82,473.46,151.28,199.62,585.06,0.8823,-1,-1,-1
516,56,977.79,208.03,106.40,450.22,0.8187,-1,-1,-1
516,4,847.75,199.48,167.58,487.95,0.8745,-1,-1,-1
517,62,1213.59,58.72,352.09,921.00,0.9370,-1,-1,-1
517,72,308.04,240.57,174.13,501.98,0.9176,-1,-1,-1
517,66,1105.02,269.93,101.50,303.68,0.8900,-1,-1,-1
517,82,467.18,149.36,202.92,594.24,0.9025,-1,-1,-1
517,56,978.22,205.09,102.77,442.11,0.8142,-1,-1,-1
517,4,848.14,196.69,167.03,489.95,0.8736,-1,-1,-1
518,62,1213.88,56.03,354.39,931.12,0.9381,-1,-1,-1
518,72,297.49,237.37,177.90,514.27,0.9279,-1,-1,-1
518,66,1104.41,268.22,102.63,305.97,0.8824,-1,-1,-1
518,82,460.98,145.90,206.79,604.83,0.8951,-1,-1,-1
518,56,978.16,202.12,99.77,436.93,0.4190,-1,-1,-1
518,4,848.11,194.57,166.69,493.23,0.8408,-1,-1,-1
519,62,1214.61,55.16,355.08,937.10,0.9349,-1,-1,-1
519,72,287.46,231.69,181.78,526.71,0.9173,-1,-1,-1
519,66,1102.58,263.89,104.10,309.26,0.8848,-1,-1,-1
519,82,453.99,140.85,211.49,617.62,0.8777,-1,-1,-1
519,56,977.56,200.15,97.42,433.78,0.7550,-1,-1,-1
519,4,847.54,193.32,166.41,495.65,0.8617,-1,-1,-1
519,85,1052.08,285.39,63.97,225.03,0.5959,-1,-1,-1
520,62,1217.02,53.74,355.94,944.79,0.9343,-1,-1,-1
520,72,277.17,226.16,184.66,534.74,0.9050,-1,-1,-1
520,66,1103.40,263.03,104.08,307.84,0.8766,-1,-1,-1
520,82,448.44,136.43,215.80,628.10,0.8806,-1,-1,-1
520,56,976.81,197.29,96.30,435.72,0.7708,-1,-1,-1
520,4,848.90,191.47,165.65,496.87,0.8480,-1,-1,-1
520,85,1052.67,287.98,63.53,223.90,0.5977,-1,-1,-1
521,62,1221.57,56.96,355.66,949.08,0.9336,-1,-1,-1
521,72,271.35,226.43,185.84,537.84,0.8962,-1,-1,-1
521,66,1107.13,262.55,104.78,308.28,0.8701,-1,-1,-1
521,82,445.74,133.11,219.28,635.93,0.8811,-1,-1,-1
521,56,979.44,195.41,95.05,437.01,0.8212,-1,-1,-1
521,4,851.21,192.42,164.88,498.49,0.8502,-1,-1,-1
521,85,1056.06,292.14,61.94,218.74,0.6531,-1,-1,-1
522,62,1222.66,58.29,354.36,952.60,0.9351,-1,-1,-1
522,72,264.97,222.74,189.07,547.21,0.8949,-1,-1,-1
522,66,1108.38,260.30,105.04,307.75,0.8677,-1,-1,-1
522,82,442.14,128.85,222.50,643.20,0.8943,-1,-1,-1
522,56,980.64,193.61,93.90,438.59,0.7802,-1,-1,-1
522,4,853.41,193.64,163.19,496.22,0.8538,-1,-1,-1
522,85,1058.29,288.88,61.45,217.18,0.6654,-1,-1,-1
523,62,1222.17,56.27,353.86,959.46,0.9353,-1,-1,-1
523,72,257.32,217.98,192.83,556.48,0.9056,-1,-1,-1
523,66,1108.57,257.63,105.63,307.64,0.8601,-1,-1,-1
523,82,438.38,119.89,227.11,654.64,0.8983,-1,-1,-1
523,56,981.69,191.53,93.10,441.26,0.7963,-1,-1,-1
523,85,1059.79,287.33,59.97,211.65,0.7292,-1,-1,-1
524,62,1223.43,54.33,351.40,960.49,0.9350,-1,-1,-1
524,72,250.13,215.14,195.83,563.29,0.9019,-1,-1,-1
524,66,1108.34,255.69,106.88,308.62,0.8589,-1,-1,-1
524,82,435.36,116.68,230.02,660.71,0.8978,-1,-1,-1
524,56,983.78,190.83,92.14,442.82,0.7571,-1,-1,-1
524,85,1060.58,283.39,61.02,214.92,0.7645,-1,-1,-1
524,4,862.02,195.49,160.77,493.53,0.8767,-1,-1,-1
525,62,1225.27,51.35,349.91,962.95,0.9299,-1,-1,-1
525,72,242.50,211.80,198.28,568.78,0.8920,-1,-1,-1
525,66,1112.00,254.20,107.72,308.59,0.8439,-1,-1,-1
525,82,434.28,111.80,233.52,668.42,0.9036,-1,-1,-1
525,56,988.83,197.43,91.06,441.38,0.4131,-1,-1,-1
525,85,1064.31,282.01,61.27,215.81,0.7202,-1,-1,-1
525,4,866.89,193.89,159.13,491.66,0.8814,-1,-1,-1
526,62,1229.21,49.12,348.08,964.08,0.9286,-1,-1,-1
526,72,234.24,208.26,201.29,575.98,0.8810,-1,-1,-1
526,66,1115.25,253.51,109.28,310.95,0.8490,-1,-1,-1
526,82,433.26,109.46,236.55,673.93,0.9100,-1,-1,-1
526,56,992.54,200.06,91.42,445.33,0.4331,-1,-1,-1
526,85,1067.77,278.62,62.29,220.50,0.6740,-1,-1,-1
526,4,871.59,195.69,158.77,493.78,0.9149,-1,-1,-1
527,62,1234.09,49.71,345.61,963.32,0.9343,-1,-1,-1
527,72,226.99,205.97,203.92,582.57,0.8874,-1,-1,-1
527,66,1120.18,254.78,110.60,312.10,0.8803,-1,-1,-1
527,82,430.95,107.13,239.91,679.04,0.9140,-1,-1,-1
527,56,995.49,202.60,91.78,448.40,0.5294,-1,-1,-1
527,85,1070.71,278.94,63.55,225.48,0.5614,-1,-1,-1
527,4,875.87,196.72,157.49,492.06,0.8751,-1,-1,-1
528,62,1237.22,48.19,344.13,962.88,0.9325,-1,-1,-1
528,72,222.66,204.32,206.92,590.38,0.8820,-1,-1,-1
528,66,1124.72,256.12,111.23,313.51,0.8998,-1,-1,-1
528,82,427.79,105.85,243.57,684.21,0.9144,-1,-1,-1
528,56,998.68,204.40,92.12,450.41,0.3848,-1,-1,-1
528,85,1075.12,277.51,63.86,226.99,0.7737,-1,-1,-1
528,4,877.82,196.47,157.29,491.71,0.8803,-1,-1,-1
529,62,1240.37,48.65,341.46,957.19,0.9325,-1,-1,-1
529,72,218.65,203.87,211.86,605.52,0.8703,-1,-1,-1
529,66,1129.93,257.95,111.27,314.09,0.8691,-1,-1,-1
529,82,424.25,103.20,249.10,693.94,0.9080,-1,-1,-1
529,56,1000.33,204.48,92.15,452.22,0.4622,-1,-1,-1
529,85,1080.07,280.37,64.14,229.33,0.7036,-1,-1,-1
529,4,877.67,196.78,155.79,486.32,0.8750,-1,-1,-1
530,62,1247.22,47.52,338.78,947.85,0.9301,-1,-1,-1
530,72,211.52,203.88,218.58,625.19,0.8829,-1,-1,-1
530,66,1133.97,260.52,111.05,314.03,0.6683,-1,-1,-1
530,82,416.64,100.68,256.94,708.57,0.9202,-1,-1,-1
530,56,1004.68,206.89,91.77,452.16,0.7055,-1,-1,-1
530,85,1087.37,290.16,61.55,219.78,0.7186,-1,-1,-1
530,4,882.20,195.99,154.52,485.76,0.8588,-1,-1,-1
531,62,1250.89,46.86,338.23,943.72,0.9356,-1,-1,-1
531,72,205.57,204.56,222.33,636.46,0.8980,-1,-1,-1
531,66,1140.25,261.60,110.82,314.76,0.8919,-1,-1,-1
531,82,409.66,95.48,266.81,732.10,0.9221,-1,-1,-1
531,56,1009.35,207.92,91.67,450.44,0.8250,-1,-1,-1
531,85,1093.57,290.52,61.85,220.27,0.7306,-1,-1,-1
531,4,880.88,195.68,155.26,487.32,0.8630,-1,-1,-1
532,62,1254.21,46.48,340.35,947.18,0.9346,-1,-1,-1
532,72,201.52,206.86,223.65,639.18,0.9035,-1,-1,-1
532,66,1143.95,262.86,110.83,316.13,0.9004,-1,-1,-1
532,82,404.12,92.80,274.52,749.85,0.9238,-1,-1,-1
532,56,1013.80,206.36,91.88,450.95,0.7552,-1,-1,-1
532,85,1097.69,290.18,62.95,223.79,0.6498,-1,-1,-1
532,4,885.04,197.30,155.29,488.21,0.8886,-1,-1,-1
533,62,1257.52,46.29,343.24,952.22,0.9299,-1,-1,-1
533,72,195.96,208.83,226.07,646.66,0.9061,-1,-1,-1
533,66,1147.83,266.25,110.86,318.04,0.8863,-1,-1,-1
533,82,398.18,90.98,279.71,759.49,0.9175,-1,-1,-1
533,56,1015.39,204.48,92.70,455.75,0.8447,-1,-1,-1
533,4,889.40,199.41,154.96,488.67,0.8967,-1,-1,-1
534,62,1263.24,44.86,347.58,961.50,0.9296,-1,-1,-1
534,72,188.56,210.73,226.85,649.56,0.9143,-1,-1,-1
534,66,1151.56,268.56,110.78,319.14,0.8629,-1,-1,-1
534,82,391.87,90.33,283.13,763.44,0.9166,-1,-1,-1
534,56,1016.97,203.32,93.77,462.45,0.7844,-1,-1,-1
534,4,892.24,201.90,155.72,492.65,0.9041,-1,-1,-1
535,62,1265.65,43.47,352.13,972.89,0.9305,-1,-1,-1
535,72,177.11,208.81,233.95,671.18,0.9226,-1,-1,-1
535,66,1154.44,269.93,110.29,317.43,0.8600,-1,-1,-1
535,82,381.92,87.10,289.73,777.19,0.9129,-1,-1,-1
535,56,1017.52,201.39,94.92,469.19,0.8031,-1,-1,-1
535,4,895.18,203.82,155.83,493.26,0.9062,-1,-1,-1
536,62,1267.63,41.73,356.86,983.46,0.9287,-1,-1,-1
536,72,167.20,208.27,237.67,682.86,0.8672,-1,-1,-1
536,66,1156.07,269.78,110.53,317.83,0.8630,-1,-1,-1
536,82,372.16,83.05,298.83,801.70,0.9124,-1,-1,-1
536,56,1018.77,199.81,95.03,469.37,0.8288,-1,-1,-1
536,4,898.34,204.11,156.03,495.22,0.8924,-1,-1,-1
537,62,1269.18,40.56,360.86,991.55,0.9303,-1,-1,-1
537,72,154.29,206.24,241.64,694.48,0.9013,-1,-1,-1
537,66,1156.99,270.03,110.64,317.57,0.8403,-1,-1,-1
537,82,361.90,79.15,306.87,824.70,0.9150,-1,-1,-1
537,56,1019.98,200.36,94.61,466.44,0.8244,-1,-1,-1
537,4,901.09,207.06,155.34,494.41,0.8898,-1,-1,-1
538,62,1271.92,40.19,364.70,998.84,0.9328,-1,-1,-1
538,72,138.67,200.78,246.17,707.64,0.8944,-1,-1,-1
538,66,1157.84,268.79,111.58,320.46,0.8541,-1,-1,-1
538,82,347.35,69.77,312.79,844.98,0.9129,-1,-1,-1
538,56,1022.84,200.67,94.96,464.50,0.8145,-1,-1,-1
538,4,903.46,210.11,154.46,492.08,0.8827,-1,-1,-1
539,62,1273.38,39.36,368.41,1006.22,0.9369,-1,-1,-1
539,72,117.78,190.41,250.86,721.19,0.9014,-1,-1,-1
539,66,1155.51,265.76,112.60,323.78,0.8511,-1,-1,-1
539,82,337.58,57.26,318.38,863.68,0.9001,-1,-1,-1
539,56,1024.84,199.70,95.08,460.05,0.8033,-1,-1,-1
539,4,903.03,210.26,154.31,492.18,0.8863,-1,-1,-1
540,62,1274.94,40.05,371.27,1013.13,0.9381,-1,-1,-1
540,72,98.33,181.61,254.26,733.79,0.9212,-1,-1,-1
540,66,1152.05,265.56,112.05,323.99,0.8805,-1,-1,-1
540,82,325.08,50.94,321.67,875.12,0.8888,-1,-1,-1
540,56,1023.42,198.97,94.92,460.13,0.7481,-1,-1,-1
540,4,903.39,211.17,154.14,492.02,0.8876,-1,-1,-1
541,62,1275.79,46.61,371.91,1012.88,0.9338,-1,-1,-1
541,72,77.93,177.73,257.96,745.61,0.9323,-1,-1,-1
541,66,1142.81,266.54,113.15,325.24,0.8809,-1,-1,-1
541,82,303.54,43.52,324.88,887.94,0.9052,-1,-1,-1
541,56,1021.03,199.27,95.22,459.86,0.8092,-1,-1,-1
541,4,903.01,213.22,152.44,487.78,0.8615,-1,-1,-1
542,62,1276.72,50.50,371.57,1009.59,0.9312,-1,-1,-1
542,72,55.05,167.03,262.37,759.23,0.9260,-1,-1,-1
542,66,1140.46,265.76,113.23,326.31,0.8994,-1,-1,-1
542,82,284.17,34.91,327.20,900.11,0.9217,-1,-1,-1
542,56,1017.11,198.26,94.38,459.00,0.7461,-1,-1,-1
542,4,900.27,209.46,153.37,490.85,0.8578,-1,-1,-1
543,62,1279.28,50.82,370.70,1005.35,0.9332,-1,-1,-1
543,72,32.00,159.89,266.46,771.93,0.9123,-1,-1,-1
543,66,1134.74,264.23,113.57,327.20,0.8554,-1,-1,-1
543,82,259.36,22.03,333.22,918.67,0.9173,-1,-1,-1
543,56,1014.13,194.97,93.94,460.09,0.7265,-1,-1,-1
543,4,896.49,206.53,153.68,490.85,0.8655,-1,-1,-1
543,87,584.42,287.99,69.39,254.41,0.6210,-1,-1,-1
544,62,1280.32,51.39,371.88,1007.88,0.9410,-1,-1,-1
544,72,9.93,154.51,270.50,783.29,0.9167,-1,-1,-1
544,66,1124.98,262.91,114.74,327.91,0.8840,-1,-1,-1
544,82,244.13,12.33,336.77,935.93,0.9383,-1,-1,-1
544,56,1011.72,193.51,93.91,462.03,0.5892,-1,-1,-1
544,4,894.44,203.59,153.18,488.83,0.8777,-1,-1,-1
544,87,581.82,287.21,70.03,256.50,0.6903,-1,-1,-1
545,62,1282.15,52.64,370.96,1004.60,0.9455,-1,-1,-1
545,72,-7.77,147.04,274.40,800.58,0.9161,-1,-1,-1
545,66,1116.88,263.97,115.98,328.22,0.8836,-1,-1,-1
545,82,221.17,4.46,340.98,950.73,0.9172,-1,-1,-1
545,56,1010.86,195.70,93.25,459.28,0.5733,-1,-1,-1
545,4,892.72,203.58,152.18,484.67,0.8681,-1,-1,-1
545,87,579.76,289.55,69.61,254.76,0.7308,-1,-1,-1
546,62,1282.15,53.35,370.67,1002.95,0.9454,-1,-1,-1
546,72,-20.55,141.29,277.16,821.07,0.9150,-1,-1,-1
546,66,1113.41,267.12,115.49,325.16,0.8708,-1,-1,-1
546,82,202.48,1.71,343.82,959.57,0.9265,-1,-1,-1
546,4,889.37,203.57,152.17,482.87,0.8651,-1,-1,-1
546,87,576.01,289.47,69.34,253.68,0.7751,-1,-1,-1
547,62,1281.59,52.98,368.69,996.68,0.9459,-1,-1,-1
547,72,-30.11,132.85,276.70,837.58,0.9244,-1,-1,-1
547,66,1110.35,268.52,114.69,323.76,0.8425,-1,-1,-1
547,82,184.75,-0.09,346.14,965.73,0.9279,-1,-1,-1
547,4,883.14,201.95,152.52,482.79,0.8742,-1,-1,-1
547,87,567.59,289.74,69.16,254.00,0.7061,-1,-1,-1
548,62,1281.83,52.52,364.93,984.96,0.9448,-1,-1,-1
548,72,-35.82,125.87,271.95,844.61,0.8920,-1,-1,-1
548,66,1101.91,270.17,114.95,324.25,0.8684,-1,-1,-1
548,82,165.39,-1.54,354.07,985.65,0.9334,-1,-1,-1
548,4,877.38,202.77,152.93,483.06,0.8863,-1,-1,-1
548,87,560.91,287.87,70.30,259.15,0.7438,-1,-1,-1
549,62,1281.50,51.66,361.17,972.98,0.9432,-1,-1,-1
549,72,-38.65,125.18,266.36,850.52,0.8800,-1,-1,-1
549,66,1097.32,271.36,114.72,324.38,0.8915,-1,-1,-1
549,82,135.35,-1.94,369.23,1019.13,0.9248,-1,-1,-1
549,4,871.30,202.03,154.55,488.27,0.8968,-1,-1,-1
549,87,554.43,290.34,69.35,256.15,0.7717,-1,-1,-1
549,56,1013.90,216.11,93.67,435.25,0.6112,-1,-1,-1
550,62,1279.39,50.14,360.95,971.91,0.9422,-1,-1,-1
550,72,-46.57,149.53,252.24,837.48,0.8609,-1,-1,-1
550,66,1092.69,271.68,113.92,325.60,0.8835,-1,-1,-1
550,82,103.80,-0.86,383.25,1054.26,0.9212,-1,-1,-1
550,4,867.03,202.68,155.49,492.23,0.8950,-1,-1,-1
550,87,547.96,287.29,70.55,260.05,0.7603,-1,-1,-1
550,56,1032.69,260.70,82.26,373.15,0.5836,-1,-1,-1
551,62,1276.43,49.20,364.03,981.14,0.9368,-1,-1,-1
551,72,-41.18,219.52,224.01,768.80,0.8243,-1,-1,-1
551,66,1089.54,272.96,112.35,323.99,0.8692,-1,-1,-1
551,82,77.98,-1.72,389.95,1068.61,0.9128,-1,-1,-1
551,4,862.90,205.49,154.32,490.71,0.8915,-1,-1,-1
551,87,538.54,284.54,71.10,263.84,0.8331,-1,-1,-1
551,56,1038.43,276.07,79.52,351.59,0.6586,-1,-1,-1
552,62,1274.01,48.46,365.96,988.70,0.9358,-1,-1,-1
552,72,-43.27,238.49,210.36,752.39,0.7569,-1,-1,-1
552,66,1086.78,275.31,110.56,322.73,0.7103,-1,-1,-1
552,82,47.47,-1.07,395.04,1072.71,0.9339,-1,-1,-1
552,4,858.47,210.15,151.80,483.67,0.9003,-1,-1,-1
552,87,533.35,283.92,71.39,265.67,0.8335,-1,-1,-1
552,56,1037.32,280.37,80.15,346.18,0.5537,-1,-1,-1
553,62,1273.61,47.27,367.25,996.41,0.9317,-1,-1,-1
553,66,1084.80,275.24,109.39,325.45,0.8277,-1,-1,-1
553,82,23.35,-0.50,399.56,1072.83,0.9368,-1,-1,-1
553,4,851.59,213.11,150.79,482.09,0.8902,-1,-1,-1
553,87,528.80,289.22,70.42,262.09,0.8025,-1,-1,-1
553,56,1035.85,276.33,82.51,352.93,0.5295,-1,-1,-1
554,62,1269.21,46.94,367.92,1003.01,0.9371,-1,-1,-1
554,66,1084.45,276.74,108.44,328.63,0.7667,-1,-1,-1
554,82,10.69,0.98,402.27,1071.43,0.9450,-1,-1,-1
554,4,847.23,217.60,149.17,480.79,0.8924,-1,-1,-1
554,87,525.19,288.36,71.14,265.58,0.8202,-1,-1,-1
554,56,1034.17,275.79,86.22,361.19,0.5689,-1,-1,-1
554,88,965.78,213.86,88.00,435.13,0.5311,-1,-1,-1
555,62,1264.01,49.13,367.95,1007.51,0.9385,-1,-1,-1
555,66,1082.97,278.00,107.77,333.63,0.4804,-1,-1,-1
555,82,-8.23,1.67,399.84,1070.26,0.9161,-1,-1,-1
555,4,845.19,220.48,147.46,480.68,0.8975,-1,-1,-1
555,87,522.77,289.42,71.67,266.79,0.8269,-1,-1,-1
555,56,1035.84,276.45,89.96,365.94,0.4934,-1,-1,-1
555,90,1610.28,291.57,72.08,168.07,0.7681,-1,-1,-1
556,62,1260.38,51.79,368.65,1014.22,0.9248,-1,-1,-1
556,82,-21.95,3.00,394.39,1067.31,0.9403,-1,-1,-1
556,4,843.43,222.17,145.91,479.89,0.8967,-1,-1,-1
556,87,519.17,290.42,71.96,268.27,0.8211,-1,-1,-1
556,56,1045.75,272.71,94.13,362.07,0.6610,-1,-1,-1
556,90,1608.66,291.87,73.16,170.40,0.7644,-1,-1,-1
556,88,962.16,217.11,89.12,440.38,0.7200,-1,-1,-1
557,62,1260.34,54.11,366.88,1015.39,0.9243,-1,-1,-1
557,82,-28.97,2.80,389.66,1068.41,0.9386,-1,-1,-1
557,4,840.77,222.11,145.03,480.14,0.9011,-1,-1,-1
557,87,515.81,291.87,72.24,269.26,0.8235,-1,-1,-1
557,56,1051.57,267.19,98.91,371.00,0.8286,-1,-1,-1
557,90,1606.73,289.35,75.07,174.60,0.6005,-1,-1,-1
557,88,961.32,217.07,91.09,449.83,0.7828,-1,-1,-1
558,62,1262.28,55.46,364.44,1017.21,0.9202,-1,-1,-1
558,82,-30.80,2.65,385.23,1070.13,0.9113,-1,-1,-1
558,4,837.16,221.71,144.88,480.74,0.9049,-1,-1,-1
558,87,514.19,292.12,72.63,271.01,0.8347,-1,-1,-1
558,56,1055.58,261.37,102.79,381.42,0.8712,-1,-1,-1
558,90,1607.29,288.07,75.99,176.06,0.5043,-1,-1,-1
558,88,960.52,218.05,92.77,457.62,0.8699,-1,-1,-1
559,62,1266.31,56.43,360.30,1015.75,0.9254,-1,-1,-1
559,82,-23.90,4.42,382.13,1069.07,0.9288,-1,-1,-1
559,4,833.95,221.40,145.33,480.86,0.9080,-1,-1,-1
559,87,515.49,290.77,73.44,275.24,0.8264,-1,-1,-1
559,56,1056.79,259.66,105.46,386.13,0.8654,-1,-1,-1
559,90,1610.14,289.96,76.93,176.30,0.5375,-1,-1,-1
559,88,962.51,217.45,93.03,457.11,0.8471,-1,-1,-1
560,62,1269.79,58.60,355.03,1012.13,0.9156,-1,-1,-1
560,82,-22.67,3.92,378.20,1067.88,0.8716,-1,-1,-1
560,4,830.54,221.65,145.54,476.82,0.9017,-1,-1,-1
560,87,516.76,291.89,73.68,276.83,0.8134,-1,-1,-1
560,56,1063.01,263.19,105.32,383.47,0.8343,-1,-1,-1
560,90,1612.71,291.88,78.23,176.25,0.6993,-1,-1,-1
560,88,963.71,220.65,92.42,450.80,0.8428,-1,-1,-1
561,62,1275.37,56.97,351.90,1013.21,0.9198,-1,-1,-1
561,82,-22.99,4.56,373.87,1066.78,0.9121,-1,-1,-1
561,4,828.78,220.17,146.49,474.69,0.9105,-1,-1,-1
561,87,519.89,289.55,74.42,279.59,0.7886,-1,-1,-1
561,56,1077.21,268.58,104.67,378.92,0.8065,-1,-1,-1
561,90,1620.15,286.68,82.52,181.14,0.5982,-1,-1,-1
561,88,964.74,219.66,93.17,449.40,0.8789,-1,-1,-1
562,62,1278.90,55.07,349.84,1018.24,0.9275,-1,-1,-1
562,82,-21.94,8.54,368.75,1062.73,0.8854,-1,-1,-1
562,4,826.21,219.47,147.94,473.23,0.9078,-1,-1,-1
562,87,521.81,289.76,74.10,278.75,0.7795,-1,-1,-1
562,56,1092.08,270.86,105.34,378.69,0.8238,-1,-1,-1
562,90,1628.18,285.95,84.35,181.08,0.7436,-1,-1,-1
562,88,964.62,216.71,95.36,454.08,0.8857,-1,-1,-1
563,62,1287.71,53.73,347.18,1017.43,0.9334,-1,-1,-1
563,82,-25.16,6.54,364.51,1064.88,0.9017,-1,-1,-1
563,4,824.71,219.18,150.12,474.52,0.9053,-1,-1,-1
563,87,524.83,289.45,74.39,280.57,0.8393,-1,-1,-1
563,56,1106.99,274.63,107.72,378.25,0.8049,-1,-1,-1
563,90,1639.79,283.90,87.84,184.17,0.6578,-1,-1,-1
563,88,966.49,217.11,96.88,455.82,0.8801,-1,-1,-1
564,62,1297.16,52.50,347.49,1020.63,0.9400,-1,-1,-1
564,82,-28.06,5.75,359.32,1066.29,0.8868,-1,-1,-1
564,4,826.77,219.57,152.37,476.95,0.9005,-1,-1,-1
564,87,530.16,291.88,74.10,280.52,0.8537,-1,-1,-1
564,56,1125.80,275.23,112.68,382.27,0.7388,-1,-1,-1
564,90,1649.19,280.38,91.24,189.09,0.7592,-1,-1,-1
564,88,970.90,217.79,98.52,458.84,0.8684,-1,-1,-1
564,66,1060.43,271.77,108.30,344.56,0.5927,-1,-1,-1
565,62,1307.98,52.42,349.27,1022.94,0.9404,-1,-1,-1
565,82,-31.92,8.58,352.05,1064.48,0.8477,-1,-1,-1
565,4,832.70,223.09,153.39,477.42,0.9089,-1,-1,-1
565,87,539.30,300.02,73.47,275.94,0.7793,-1,-1,-1
565,56,1147.71,276.00,118.67,385.60,0.8578,-1,-1,-1
565,90,1663.94,280.35,95.47,194.39,0.6947,-1,-1,-1
565,88,977.15,217.47,100.90,463.05,0.8670,-1,-1,-1
565,66,1070.28,273.60,105.80,343.17,0.7423,-1,-1,-1
566,62,1319.18,52.89,349.67,1018.09,0.9389,-1,-1,-1
566,82,-37.15,8.40,343.46,1062.81,0.8517,-1,-1,-1
566,4,838.77,225.00,154.35,477.94,0.9176,-1,-1,-1
566,87,545.53,302.79,73.47,274.87,0.7857,-1,-1,-1
566,56,1163.94,274.36,127.10,391.26,0.8519,-1,-1,-1
566,90,1675.79,280.91,96.53,195.45,0.7697,-1,-1,-1
566,88,983.34,216.60,102.86,463.73,0.8609,-1,-1,-1
566,66,1080.05,269.98,106.03,344.31,0.7334,-1,-1,-1
567,62,1332.22,53.57,350.69,1010.38,0.9480,-1,-1,-1
567,82,-42.74,6.00,334.47,1063.65,0.7583,-1,-1,-1
567,4,846.04,227.27,155.73,479.82,0.9139,-1,-1,-1
567,87,551.43,304.97,73.60,273.93,0.8206,-1,-1,-1
567,56,1175.09,274.96,136.09,395.08,0.8689,-1,-1,-1
567,90,1691.24,281.32,96.97,194.82,0.7278,-1,-1,-1
567,88,988.50,221.25,103.60,459.87,0.7371,-1,-1,-1
567,66,1088.42,271.37,107.07,347.47,0.3427,-1,-1,-1
568,62,1335.21,53.75,357.22,1014.73,0.9432,-1,-1,-1
568,4,851.03,228.48,157.26,481.60,0.9078,-1,-1,-1
568,87,557.20,303.10,74.70,276.67,0.8042,-1,-1,-1
568,56,1179.11,282.62,140.83,392.51,0.8991,-1,-1,-1
568,90,1704.15,282.36,98.46,197.19,0.7081,-1,-1,-1
568,88,995.96,224.86,105.10,459.82,0.8996,-1,-1,-1
568,66,1095.58,273.56,108.55,349.33,0.8176,-1,-1,-1
569,62,1342.17,54.07,362.89,1016.77,0.9391,-1,-1,-1
569,4,855.43,229.38,158.06,482.95,0.9090,-1,-1,-1
569,87,562.79,301.19,76.18,281.04,0.8141,-1,-1,-1
569,56,1181.85,286.38,145.98,392.38,0.9043,-1,-1,-1
569,90,1717.84,285.01,99.72,198.51,0.7036,-1,-1,-1
569,88,1003.25,227.04,106.71,462.81,0.9042,-1,-1,-1
569,66,1102.33,273.40,110.73,355.27,0.8494,-1,-1,-1
570,62,1346.95,54.52,369.93,1019.88,0.9409,-1,-1,-1
570,4,861.76,235.81,156.57,478.61,0.9192,-1,-1,-1
570,87,566.92,297.50,77.82,286.23,0.8304,-1,-1,-1
570,56,1188.53,285.78,152.10,396.85,0.7092,-1,-1,-1
570,90,1730.25,287.86,100.01,198.44,0.7047,-1,-1,-1
570,88,1009.57,229.94,107.65,463.70,0.9072,-1,-1,-1
570,66,1110.75,273.96,111.63,355.45,0.8385,-1,-1,-1
571,62,1352.11,55.56,374.82,1020.03,0.9397,-1,-1,-1
571,4,868.57,240.76,155.66,475.60,0.9003,-1,-1,-1
571,87,571.52,302.46,77.42,284.00,0.8689,-1,-1,-1
571,56,1192.49,282.27,160.27,406.84,0.8802,-1,-1,-1
571,90,1740.93,289.32,101.27,200.49,0.6352,-1,-1,-1
571,88,1013.46,231.85,108.53,465.73,0.8914,-1,-1,-1
571,66,1116.29,273.56,113.66,355.92,0.8555,-1,-1,-1
572,62,1354.49,55.48,380.88,1021.94,0.9377,-1,-1,-1
572,4,873.14,240.44,156.14,477.33,0.8975,-1,-1,-1
572,87,575.95,305.12,76.25,279.96,0.8864,-1,-1,-1
572,56,1205.13,285.32,163.30,407.58,0.8768,-1,-1,-1
572,90,1751.91,290.50,102.29,201.75,0.5832,-1,-1,-1
572,88,1018.01,232.70,108.61,462.67,0.8754,-1,-1,-1
572,66,1122.74,273.69,116.29,358.31,0.8397,-1,-1,-1
573,62,1358.89,54.77,386.69,1021.52,0.9327,-1,-1,-1
573,4,877.40,240.49,155.71,477.12,0.9017,-1,-1,-1
573,87,579.32,308.44,75.58,278.19,0.8711,-1,-1,-1
573,56,1217.53,286.52,165.08,408.82,0.8753,-1,-1,-1
573,90,1762.95,292.39,102.04,200.50,0.6595,-1,-1,-1
573,88,1023.87,233.79,108.77,459.64,0.8690,-1,-1,-1
573,66,1128.87,276.28,118.56,359.05,0.8518,-1,-1,-1
574,62,1365.87,55.63,391.44,1018.69,0.9351,-1,-1,-1
574,4,882.09,240.65,156.01,477.75,0.9027,-1,-1,-1
574,87,586.52,307.79,76.97,280.55,0.6284,-1,-1,-1
574,56,1231.30,282.10,167.48,415.95,0.8349,-1,-1,-1
574,90,1775.03,293.53,103.67,203.25,0.6778,-1,-1,-1
574,88,1028.71,236.18,109.27,459.33,0.8693,-1,-1,-1
574,66,1133.73,279.74,119.79,357.29,0.8646,-1,-1,-1
575,62,1372.24,58.19,394.35,1014.21,0.9346,-1,-1,-1
575,4,885.53,240.40,156.00,477.46,0.9111,-1,-1,-1
575,87,590.83,307.97,77.58,280.89,0.7159,-1,-1,-1
575,56,1245.44,284.02,166.49,417.77,0.7564,-1,-1,-1
575,90,1786.83,295.14,102.42,201.15,0.3081,-1,-1,-1
575,88,1031.83,235.62,110.54,464.50,0.8710,-1,-1,-1
575,66,1138.77,280.36,121.34,358.61,0.8680,-1,-1,-1
576,62,1377.64,61.60,396.57,1009.22,0.9336,-1,-1,-1
576,4,888.50,240.07,155.44,475.55,0.9080,-1,-1,-1
576,87,592.78,312.84,76.90,277.69,0.7648,-1,-1,-1
576,56,1258.22,285.25,165.56,421.51,0.8583,-1,-1,-1
576,90,1792.03,296.29,104.25,203.42,0.6382,-1,-1,-1
576,88,1032.93,234.38,111.91,470.02,0.8825,-1,-1,-1
576,66,1143.83,279.83,123.29,361.32,0.9008,-1,-1,-1
577,62,1380.41,62.86,399.60,1006.84,0.9338,-1,-1,-1
577,4,891.63,238.55,154.59,473.11,0.9091,-1,-1,-1
577,87,594.24,316.79,77.05,274.45,0.6808,-1,-1,-1
577,56,1276.87,283.28,164.42,426.27,0.8315,-1,-1,-1
577,90,1799.77,296.59,104.64,201.75,0.6672,-1,-1,-1
577,88,1033.10,230.88,112.97,474.83,0.8785,-1,-1,-1
577,66,1146.63,279.77,125.09,363.12,0.8913,-1,-1,-1
578,62,1384.77,63.17,403.17,1006.58,0.9309,-1,-1,-1
578,4,892.91,237.50,154.64,473.48,0.9092,-1,-1,-1
578,87,594.05,316.92,78.13,275.61,0.7437,-1,-1,-1
578,56,1297.58,280.06,164.55,435.06,0.7564,-1,-1,-1
578,90,1804.77,299.11,105.97,201.61,0.6322,-1,-1,-1
578,88,1033.13,227.58,113.09,475.06,0.7730,-1,-1,-1
578,66,1146.15,279.55,126.23,366.41,0.8926,-1,-1,-1
579,62,1394.74,68.40,403.06,1000.23,0.9339,-1,-1,-1
579,4,891.15,240.41,154.10,471.89,0.9149,-1,-1,-1
579,87,590.00,310.79,80.89,287.12,0.7920,-1,-1,-1
579,56,1311.31,283.17,162.05,438.41,0.8245,-1,-1,-1
579,90,1807.68,302.54,109.71,207.37,0.5946,-1,-1,-1
579,88,1031.66,232.36,113.37,474.72,0.8073,-1,-1,-1
579,66,1146.25,280.92,127.75,369.57,0.8980,-1,-1,-1
580,62,1403.26,71.23,403.79,997.23,0.9354,-1,-1,-1
580,4,890.78,242.73,152.60,468.68,0.9126,-1,-1,-1
580,87,588.53,306.33,82.86,293.16,0.6477,-1,-1,-1
580,56,1318.82,284.22,161.49,446.43,0.8472,-1,-1,-1
580,90,1810.30,304.22,111.92,211.81,0.6455,-1,-1,-1
580,88,1028.31,234.36,113.52,473.33,0.8875,-1,-1,-1
580,66,1145.39,283.63,128.40,370.71,0.8871,-1,-1,-1
581,62,1413.62,70.07,405.47,999.17,0.9364,-1,-1,-1
581,4,887.73,243.63,152.23,468.78,0.9062,-1,-1,-1
581,87,583.20,307.29,81.36,292.28,0.8104,-1,-1,-1
581,56,1328.95,282.56,163.58,455.65,0.8138,-1,-1,-1
581,90,1813.86,305.53,112.69,215.31,0.5587,-1,-1,-1
581,88,1026.04,234.56,113.41,469.44,0.8790,-1,-1,-1
581,66,1144.68,284.86,127.70,371.21,0.8796,-1,-1,-1
582,62,1425.12,69.80,407.39,1001.69,0.9378,-1,-1,-1
582,4,885.09,245.70,151.27,468.31,0.9091,-1,-1,-1
582,87,580.54,307.55,80.39,292.34,0.8475,-1,-1,-1
582,56,1339.06,282.32,164.35,456.89,0.7669,-1,-1,-1
582,90,1819.33,306.42,111.03,215.84,0.5200,-1,-1,-1
582,88,1024.20,234.68,113.77,466.67,0.8810,-1,-1,-1
582,66,1144.89,285.32,126.78,370.88,0.8717,-1,-1,-1
583,62,1433.36,70.34,408.99,1003.13,0.9367,-1,-1,-1
583,4,881.58,247.15,150.97,469.53,0.9190,-1,-1,-1
583,87,576.84,309.52,79.33,291.20,0.8223,-1,-1,-1
583,56,1344.38,281.47,164.80,457.82,0.3052,-1,-1,-1
583,90,1825.26,307.61,108.96,217.30,0.5635,-1,-1,-1
583,88,1022.00,233.55,115.11,467.16,0.8797,-1,-1,-1
583,66,1143.26,286.27,126.16,371.20,0.8791,-1,-1,-1
584,62,1441.65,70.15,410.04,1003.58,0.9344,-1,-1,-1
584,4,876.50,250.66,151.80,473.12,0.9157,-1,-1,-1
584,87,573.27,307.20,79.88,295.71,0.7645,-1,-1,-1
584,56,1345.94,283.85,165.23,458.89,0.5070,-1,-1,-1
584,90,1828.65,308.17,108.15,222.20,0.5918,-1,-1,-1
584,88,1019.92,233.65,116.59,468.11,0.8813,-1,-1,-1
584,66,1143.09,287.66,126.08,371.90,0.8752,-1,-1,-1
584,92,1233.68,312.65,63.41,284.28,0.6104,-1,-1,-1
585,62,1447.40,69.92,410.99,1003.53,0.9362,-1,-1,-1
585,4,868.11,252.67,151.64,474.37,0.9198,-1,-1,-1
585,87,570.44,309.18,78.85,294.98,0.8144,-1,-1,-1
585,56,1345.15,282.75,164.05,455.53,0.5996,-1,-1,-1
585,90,1832.65,306.10,106.77,227.38,0.5726,-1,-1,-1
585,88,1015.55,233.51,118.24,469.43,0.8926,-1,-1,-1
585,66,1141.93,288.34,126.30,373.64,0.8713,-1,-1,-1
585,92,1232.60,311.40,62.02,277.78,0.5542,-1,-1,-1
586,62,1453.60,69.06,412.45,1006.10,0.9320,-1,-1,-1
586,4,862.50,253.41,151.54,475.44,0.9179,-1,-1,-1
586,87,566.37,302.40,80.12,302.61,0.8138,-1,-1,-1
586,56,1346.10,284.73,164.92,455.97,0.7833,-1,-1,-1
586,90,1836.36,307.23,103.72,229.17,0.4759,-1,-1,-1
586,88,1012.32,235.01,119.03,469.28,0.8967,-1,-1,-1
586,66,1142.09,287.83,127.03,374.96,0.8657,-1,-1,-1
587,62,1460.23,67.82,412.85,1007.12,0.9311,-1,-1,-1
587,4,859.43,255.23,150.49,474.42,0.9053,-1,-1,-1
587,87,561.81,305.76,78.89,300.25,0.7532,-1,-1,-1
587,56,1347.91,284.48,166.65,456.81,0.8141,-1,-1,-1
587,90,1839.89,309.26,99.51,227.96,0.5153,-1,-1,-1
587,88,1009.19,236.23,119.36,468.97,0.9022,-1,-1,-1
587,66,1140.39,287.68,127.46,377.22,0.8593,-1,-1,-1
588,62,1464.72,66.96,412.85,1008.66,0.9325,-1,-1,-1
588,4,856.47,256.23,148.94,473.03,0.8984,-1,-1,-1
588,87,557.02,314.19,76.78,292.26,0.8014,-1,-1,-1
588,56,1348.30,282.68,169.34,458.67,0.7763,-1,-1,-1
588,90,1843.01,309.63,95.47,226.72,0.6184,-1,-1,-1
588,88,1006.31,237.76,119.34,468.10,0.8916,-1,-1,-1
588,66,1142.65,287.27,128.60,378.51,0.8378,-1,-1,-1
589,62,1468.12,65.32,413.18,1010.19,0.9264,-1,-1,-1
589,4,850.97,254.72,148.29,474.63,0.9024,-1,-1,-1
589,87,552.46,320.30,74.97,286.16,0.8099,-1,-1,-1
589,56,1348.04,271.25,177.09,475.07,0.6525,-1,-1,-1
589,90,1846.46,311.73,91.28,224.85,0.5634,-1,-1,-1
589,88,1002.68,237.42,120.43,470.26,0.8955,-1,-1,-1
589,66,1144.45,287.11,130.24,379.96,0.8637,-1,-1,-1
590,62,1468.36,64.41,414.51,1012.48,0.9213,-1,-1,-1
590,4,845.99,252.65,148.10,476.77,0.9045,-1,-1,-1
590,87,549.46,318.67,75.88,289.36,0.7629,-1,-1,-1
590,56,1350.67,258.53,184.30,492.60,0.3611,-1,-1,-1
590,90,1849.75,313.89,87.37,223.43,0.4475,-1,-1,-1
590,88,993.00,239.08,122.54,470.93,0.8982,-1,-1,-1
590,66,1143.90,285.07,132.94,385.52,0.8789,-1,-1,-1
591,62,1470.43,63.36,414.61,1011.19,0.9304,-1,-1,-1
591,4,838.31,250.91,147.59,474.16,0.9123,-1,-1,-1
591,87,545.56,319.07,76.53,290.33,0.7748,-1,-1,-1
591,56,1364.23,257.72,184.13,495.29,0.3519,-1,-1,-1
591,90,1852.85,314.93,84.01,223.45,0.4500,-1,-1,-1
591,88,989.12,240.30,123.88,471.29,0.8874,-1,-1,-1
591,66,1143.21,282.65,134.70,389.33,0.8835,-1,-1,-1
592,62,1471.86,61.68,415.33,1011.25,0.9350,-1,-1,-1
592,4,831.08,250.07,146.36,468.15,0.9109,-1,-1,-1
592,87,541.75,311.76,78.96,298.44,0.7581,-1,-1,-1
592,56,1381.37,267.28,178.30,485.67,0.5653,-1,-1,-1
592,88,986.93,240.37,125.17,472.70,0.8853,-1,-1,-1
592,66,1142.75,279.14,136.20,393.65,0.8771,-1,-1,-1
593,62,1471.60,60.51,416.82,1012.34,0.9260,-1,-1,-1
593,4,826.66,248.91,145.99,465.43,0.9047,-1,-1,-1
593,87,540.91,307.02,81.47,304.90,0.7056,-1,-1,-1
593,56,1400.34,299.40,166.07,459.88,0.5354,-1,-1,-1
593,88,985.40,240.29,125.83,473.29,0.8928,-1,-1,-1
593,66,1143.16,279.75,136.70,395.16,0.8802,-1,-1,-1
594,62,1474.18,60.94,416.67,1011.58,0.9245,-1,-1,-1
594,4,820.10,247.89,146.97,464.52,0.9025,-1,-1,-1
594,87,538.92,309.82,82.13,303.55,0.5741,-1,-1,-1
594,88,983.49,242.84,125.95,472.75,0.8900,-1,-1,-1
594,66,1144.92,280.94,136.93,396.70,0.8661,-1,-1,-1
595,62,1479.58,61.37,415.77,1010.43,0.9334,-1,-1,-1
595,4,814.63,247.61,148.28,464.98,0.9151,-1,-1,-1
595,87,531.72,307.49,83.05,308.47,0.8422,-1,-1,-1
595,88,983.39,245.21,125.25,468.96,0.8864,-1,-1,-1
595,66,1147.54,281.05,137.35,398.25,0.8466,-1,-1,-1
595,94,1105.92,318.75,56.10,249.28,0.6196,-1,-1,-1
596,62,1483.39,59.96,414.86,1011.22,0.9363,-1,-1,-1
596,4,810.00,247.61,149.97,465.90,0.9113,-1,-1,-1
596,87,528.43,308.46,82.84,309.21,0.8326,-1,-1,-1
596,88,982.11,245.79,126.27,468.84,0.8827,-1,-1,-1
596,66,1147.68,277.60,138.30,402.65,0.8214,-1,-1,-1
596,94,1106.14,317.68,56.48,250.53,0.4281,-1,-1,-1
597,62,1488.68,56.79,413.98,1014.90,0.9373,-1,-1,-1
597,4,806.36,247.98,151.78,468.10,0.9095,-1,-1,-1
597,87,527.30,308.39,82.71,311.07,0.8277,-1,-1,-1
597,88,982.37,246.37,127.22,466.99,0.8801,-1,-1,-1
597,66,1151.39,276.37,138.98,404.89,0.8387,-1,-1,-1
597,94,1106.64,318.76,56.62,250.33,0.4695,-1,-1,-1
598,62,1493.95,56.50,411.62,1016.80,0.9391,-1,-1,-1
598,4,804.66,250.51,154.23,472.76,0.8986,-1,-1,-1
598,87,525.90,308.32,82.86,315.06,0.8236,-1,-1,-1
598,88,984.73,250.78,129.44,470.90,0.8908,-1,-1,-1
598,66,1154.58,280.37,140.14,405.68,0.8538,-1,-1,-1
599,62,1497.46,57.06,409.84,1018.70,0.9440,-1,-1,-1
599,4,804.45,253.44,155.47,473.50,0.8989,-1,-1,-1
599,87,530.75,310.34,84.02,316.55,0.7783,-1,-1,-1
599,88,988.38,252.77,130.68,472.90,0.8924,-1,-1,-1
599,66,1159.06,282.43,141.62,406.48,0.8494,-1,-1,-1
600,62,1501.90,55.24,409.62,1022.59,0.9458,-1,-1,-1
600,4,806.29,255.74,156.26,474.41,0.8938,-1,-1,-1
600,87,534.98,310.77,85.45,318.91,0.7928,-1,-1,-1
600,88,991.68,250.97,132.12,477.50,0.8792,-1,-1,-1
600,66,1164.35,284.15,142.54,406.32,0.8441,-1,-1,-1
601,62,1507.13,55.07,409.50,1023.54,0.9455,-1,-1,-1
601,4,807.96,258.56,156.72,476.00,0.8878,-1,-1,-1
601,87,537.63,312.97,86.30,320.25,0.8077,-1,-1,-1
601,88,994.82,251.57,132.03,477.80,0.8906,-1,-1,-1
601,66,1169.10,284.79,143.91,406.72,0.8630,-1,-1,-1
602,62,1511.09,56.41,408.86,1021.57,0.9495,-1,-1,-1
602,4,812.51,263.08,156.92,476.26,0.8907,-1,-1,-1
602,87,540.35,316.87,86.57,319.23,0.8106,-1,-1,-1
602,88,996.09,252.55,132.47,480.63,0.8812,-1,-1,-1
602,66,1180.31,284.80,144.62,409.71,0.7918,-1,-1,-1
603,62,1515.57,59.54,407.16,1018.31,0.9523,-1,-1,-1
603,4,818.61,268.66,156.19,475.55,0.8798,-1,-1,-1
603,87,542.43,326.32,85.43,314.51,0.8306,-1,-1,-1
603,88,1000.28,255.30,131.83,480.89,0.8700,-1,-1,-1
603,66,1188.24,287.50,146.22,413.96,0.7539,-1,-1,-1
603,94,1129.69,346.49,52.65,229.16,0.5675,-1,-1,-1
604,62,1519.64,61.40,405.31,1015.84,0.9506,-1,-1,-1
604,4,823.73,272.29,154.73,472.13,0.9099,-1,-1,-1
604,87,549.24,333.02,85.24,312.14,0.7919,-1,-1,-1
604,88,1005.77,258.87,130.89,480.11,0.8736,-1,-1,-1
604,66,1198.97,285.10,148.20,422.05,0.5749,-1,-1,-1
604,94,1135.52,349.04,53.92,231.56,0.7264,-1,-1,-1
605,62,1521.63,61.12,404.33,1015.79,0.9479,-1,-1,-1
605,4,831.20,275.10,154.23,470.58,0.9185,-1,-1,-1
605,87,551.83,335.46,85.39,313.82,0.8072,-1,-1,-1
605,88,1011.81,260.64,128.81,473.46,0.8757,-1,-1,-1
605,66,1207.23,286.11,148.94,426.25,0.7702,-1,-1,-1
605,94,1139.41,350.83,55.16,233.34,0.7736,-1,-1,-1
606,62,1526.56,61.94,401.52,1012.76,0.9438,-1,-1,-1
606,4,840.19,276.88,154.38,471.55,0.8999,-1,-1,-1
606,87,555.41,331.97,86.20,318.94,0.7943,-1,-1,-1
606,88,1016.14,261.72,127.64,469.47,0.8729,-1,-1,-1
606,66,1221.43,286.73,148.72,428.14,0.7195,-1,-1,-1
606,94,1145.66,353.49,55.65,231.84,0.7631,-1,-1,-1
606,92,1208.23,320.70,67.22,294.76,0.6231,-1,-1,-1
607,62,1532.23,64.05,397.67,1008.07,0.9391,-1,-1,-1
607,4,847.92,279.43,152.92,468.73,0.8961,-1,-1,-1
607,87,562.81,329.48,87.23,323.45,0.8638,-1,-1,-1
607,88,1024.07,263.50,126.24,466.27,0.3164,-1,-1,-1
607,66,1231.33,286.83,148.48,431.54,0.7076,-1,-1,-1
607,94,1152.41,346.13,58.50,240.90,0.8226,-1,-1,-1
607,92,1208.85,324.39,77.40,349.98,0.3988,-1,-1,-1
608,62,1539.19,65.96,393.45,1004.25,0.9422,-1,-1,-1
608,4,853.38,279.13,151.84,465.30,0.8887,-1,-1,-1
608,87,568.40,331.05,86.57,322.06,0.8319,-1,-1,-1
608,88,1033.67,265.30,125.56,462.88,0.8951,-1,-1,-1
608,66,1242.41,290.97,148.38,431.09,0.4957,-1,-1,-1
608,94,1159.38,347.71,59.34,240.52,0.7553,-1,-1,-1
608,92,1220.53,319.12,77.71,340.23,0.5789,-1,-1,-1
609,62,1545.61,68.25,389.63,1002.83,0.9425,-1,-1,-1
609,4,858.63,277.56,151.12,465.09,0.8824,-1,-1,-1
609,87,574.81,330.55,87.23,323.28,0.7912,-1,-1,-1
609,88,1039.46,266.26,126.69,463.77,0.9049,-1,-1,-1
609,66,1254.60,288.30,147.97,432.23,0.8030,-1,-1,-1
609,94,1166.15,351.37,60.05,239.26,0.5342,-1,-1,-1
609,92,1231.17,324.76,74.85,317.96,0.6450,-1,-1,-1
610,62,1552.15,71.16,385.46,1001.82,0.9424,-1,-1,-1
610,4,866.34,277.09,150.14,464.40,0.9065,-1,-1,-1
610,87,581.07,329.02,88.68,326.18,0.7857,-1,-1,-1
610,88,1043.62,266.51,128.30,467.44,0.8945,-1,-1,-1
610,66,1268.60,287.72,148.13,434.24,0.8115,-1,-1,-1
610,94,1169.96,349.99,61.75,243.15,0.4147,-1,-1,-1
610,92,1238.65,327.46,75.91,314.86,0.6691,-1,-1,-1
611,62,1560.09,70.26,381.82,1005.20,0.9329,-1,-1,-1
611,4,871.07,278.37,149.25,463.22,0.9030,-1,-1,-1
611,87,584.70,330.60,88.59,325.28,0.7965,-1,-1,-1
611,88,1045.01,268.37,129.11,468.81,0.8724,-1,-1,-1
611,66,1277.92,289.72,148.02,437.28,0.7903,-1,-1,-1
611,94,1172.34,346.35,62.76,243.24,0.7428,-1,-1,-1
611,92,1244.59,332.83,75.96,308.23,0.5996,-1,-1,-1
612,62,1570.28,73.61,375.85,1004.91,0.9321,-1,-1,-1
612,4,874.81,280.97,147.66,459.84,0.9094,-1,-1,-1
612,87,585.60,335.02,87.19,321.75,0.8213,-1,-1,-1
612,88,1041.01,271.13,131.40,471.82,0.8674,-1,-1,-1
612,66,1283.18,289.08,148.14,440.42,0.7743,-1,-1,-1
612,94,1175.41,347.16,63.94,245.12,0.7686,-1,-1,-1
612,92,1247.15,339.06,75.34,300.63,0.6623,-1,-1,-1
613,62,1580.67,76.81,368.07,1000.85,0.9296,-1,-1,-1
613,4,876.73,283.46,147.26,459.54,0.9093,-1,-1,-1
613,87,586.51,335.79,86.93,321.81,0.8172,-1,-1,-1
613,88,1038.83,273.57,134.85,476.98,0.8887,-1,-1,-1
613,66,1290.44,290.89,148.56,448.05,0.7273,-1,-1,-1
613,94,1179.07,351.90,63.76,242.21,0.7859,-1,-1,-1
613,92,1249.66,338.06,77.83,305.96,0.5976,-1,-1,-1
614,62,1590.34,78.96,360.51,998.41,0.9326,-1,-1,-1
614,4,880.29,287.44,147.54,462.14,0.9135,-1,-1,-1
614,87,586.52,336.51,86.89,323.66,0.8279,-1,-1,-1
614,88,1040.22,277.07,137.92,478.26,0.8891,-1,-1,-1
614,66,1299.08,294.78,146.76,449.27,0.6959,-1,-1,-1
614,94,1184.02,358.12,64.03,243.64,0.6997,-1,-1,-1
614,92,1255.94,326.90,84.85,330.85,0.5668,-1,-1,-1
615,62,1601.79,81.16,352.03,995.37,0.9099,-1,-1,-1
615,4,884.18,290.03,147.47,462.70,0.9140,-1,-1,-1
615,87,589.53,343.37,86.20,321.17,0.7903,-1,-1,-1
615,88,1040.07,279.78,139.99,477.63,0.8851,-1,-1,-1
615,66,1307.55,295.55,143.99,447.93,0.7912,-1,-1,-1
615,94,1187.03,361.13,64.03,242.73,0.7303,-1,-1,-1
615,92,1263.61,323.82,89.07,345.19,0.6897,-1,-1,-1
616,62,1610.10,82.33,344.54,994.79,0.9022,-1,-1,-1
616,4,885.71,293.53,147.19,461.38,0.9059,-1,-1,-1
616,87,597.24,345.27,88.15,321.60,0.8028,-1,-1,-1
616,88,1043.58,282.55,141.92,476.75,0.8075,-1,-1,-1
616,66,1313.35,297.18,144.07,455.61,0.8442,-1,-1,-1
616,94,1190.09,363.16,64.25,243.45,0.6551,-1,-1,-1
616,92,1268.14,322.40,91.32,353.41,0.6821,-1,-1,-1
617,62,1621.62,89.01,334.28,987.19,0.8953,-1,-1,-1
617,4,886.74,296.14,148.46,463.96,0.9136,-1,-1,-1
617,87,595.67,343.58,90.12,326.50,0.8158,-1,-1,-1
617,88,1044.23,285.36,144.23,477.01,0.9020,-1,-1,-1
617,66,1317.55,297.73,143.61,461.78,0.8448,-1,-1,-1
617,94,1192.31,367.65,64.03,243.18,0.6789,-1,-1,-1
617,92,1271.07,323.76,93.34,361.04,0.6784,-1,-1,-1
618,62,1631.70,97.69,323.93,978.45,0.8848,-1,-1,-1
618,4,887.37,298.78,149.76,467.27,0.9057,-1,-1,-1
618,87,590.02,338.50,91.79,334.54,0.8469,-1,-1,-1
618,88,1044.53,288.20,146.71,477.08,0.8525,-1,-1,-1
618,66,1320.64,299.87,142.32,464.06,0.8508,-1,-1,-1
618,94,1191.57,371.44,64.19,243.73,0.6215,-1,-1,-1
618,92,1273.13,327.16,94.49,364.52,0.6642,-1,-1,-1
619,62,1637.53,105.44,315.15,971.38,0.9011,-1,-1,-1
619,4,884.80,301.20,149.29,466.34,0.9037,-1,-1,-1
619,87,586.87,339.08,91.99,336.78,0.8057,-1,-1,-1
619,88,1040.93,290.62,149.05,478.31,0.8601,-1,-1,-1
619,66,1324.86,302.38,141.69,465.16,0.8590,-1,-1,-1
619,94,1189.71,370.00,64.90,246.64,0.5844,-1,-1,-1
619,92,1274.57,328.62,96.04,370.01,0.6843,-1,-1,-1
620,62,1646.85,113.66,306.14,964.95,0.8897,-1,-1,-1
620,4,880.07,303.90,147.93,464.84,0.8942,-1,-1,-1
620,87,584.02,339.77,92.89,339.65,0.7516,-1,-1,-1
620,88,1039.77,291.13,150.51,476.69,0.8279,-1,-1,-1
620,66,1325.32,303.08,140.73,467.42,0.8602,-1,-1,-1
620,94,1188.82,370.81,64.28,244.18,0.6465,-1,-1,-1
620,92,1271.78,329.40,98.58,376.56,0.6663,-1,-1,-1
621,62,1655.55,122.02,296.40,955.04,0.8854,-1,-1,-1
621,4,874.19,304.00,146.13,462.40,0.8878,-1,-1,-1
621,87,581.06,337.59,94.18,344.01,0.7449,-1,-1,-1
621,88,1035.86,292.53,150.64,473.54,0.7485,-1,-1,-1
621,66,1324.50,302.97,139.60,469.40,0.8448,-1,-1,-1
621,94,1187.82,371.53,63.11,238.57,0.4894,-1,-1,-1
621,92,1270.13,330.82,100.16,380.08,0.6735,-1,-1,-1
622,62,1659.93,124.00,290.12,954.25,0.8900,-1,-1,-1
622,4,872.15,304.10,146.39,461.26,0.8906,-1,-1,-1
622,87,572.99,341.37,91.81,341.62,0.8075,-1,-1,-1
622,88,1028.91,299.70,149.01,468.94,0.7978,-1,-1,-1
622,66,1324.91,304.15,138.62,471.15,0.7876,-1,-1,-1
622,94,1189.99,376.92,56.08,207.68,0.3574,-1,-1,-1
622,92,1266.79,330.69,102.69,385.39,0.6209,-1,-1,-1
623,62,1664.80,124.02,284.01,953.46,0.8247,-1,-1,-1
623,4,865.33,304.51,146.95,463.66,0.8684,-1,-1,-1
623,87,568.95,341.44,91.79,344.18,0.7669,-1,-1,-1
623,88,1018.67,289.57,151.42,479.23,0.8555,-1,-1,-1
623,66,1325.36,306.27,138.03,473.40,0.7789,-1,-1,-1
623,94,1189.45,382.16,52.23,189.47,0.3398,-1,-1,-1
623,92,1262.22,331.49,105.18,390.18,0.6042,-1,-1,-1
623,95,1125.31,330.63,93.07,369.11,0.7482,-1,-1,-1
624,62,1669.15,121.19,278.82,955.40,0.9193,-1,-1,-1
624,4,860.37,304.17,147.56,461.36,0.9020,-1,-1,-1
624,87,565.19,342.65,90.87,342.58,0.8108,-1,-1,-1
624,88,1012.39,284.45,151.24,482.57,0.8700,-1,-1,-1
624,66,1324.07,305.99,137.12,475.32,0.8209,-1,-1,-1
624,92,1257.48,331.30,107.43,398.24,0.7118,-1,-1,-1
624,95,1120.61,333.36,96.04,381.12,0.7452,-1,-1,-1
625,62,1672.85,118.21,273.88,957.20,0.9212,-1,-1,-1
625,4,856.46,304.07,147.60,458.37,0.9048,-1,-1,-1
625,87,559.42,343.70,90.97,344.18,0.8065,-1,-1,-1
625,88,1006.36,284.47,149.01,479.39,0.8750,-1,-1,-1
625,66,1322.84,305.64,136.09,476.90,0.8260,-1,-1,-1
625,92,1251.41,332.27,109.17,402.04,0.7567,-1,-1,-1
625,95,1114.78,334.34,98.97,393.18,0.8021,-1,-1,-1
626,62,1677.00,118.34,268.50,956.76,0.9219,-1,-1,-1
626,4,851.27,303.25,147.68,456.02,0.8964,-1,-1,-1
626,87,552.34,344.68,90.65,345.75,0.8036,-1,-1,-1
626,88,1000.43,283.34,146.84,477.67,0.8689,-1,-1,-1
626,66,1321.47,305.94,135.07,477.60,0.8551,-1,-1,-1
626,92,1247.64,332.04,110.75,405.88,0.7918,-1,-1,-1
626,95,1108.47,334.64,100.24,398.71,0.8375,-1,-1,-1
627,62,1680.81,119.28,263.04,954.62,0.9155,-1,-1,-1
627,4,845.12,301.69,149.30,457.24,0.9044,-1,-1,-1
627,87,545.39,344.25,91.08,349.89,0.6721,-1,-1,-1
627,88,993.74,279.53,146.48,480.05,0.8752,-1,-1,-1
627,66,1321.47,307.11,133.26,474.35,0.8254,-1,-1,-1
627,92,1242.08,331.98,111.61,407.13,0.7688,-1,-1,-1
627,95,1103.79,335.03,100.33,400.28,0.8279,-1,-1,-1
628,62,1681.74,117.65,259.04,954.74,0.9172,-1,-1,-1
628,4,836.87,301.26,151.06,456.73,0.9125,-1,-1,-1
628,87,539.43,341.90,90.98,352.21,0.8524,-1,-1,-1
628,88,989.42,279.62,146.48,478.84,0.8606,-1,-1,-1
628,66,1320.04,305.00,132.81,475.74,0.8583,-1,-1,-1
628,92,1239.39,331.81,111.65,407.62,0.7774,-1,-1,-1
628,95,1100.00,334.59,102.27,407.13,0.8155,-1,-1,-1
629,62,1672.97,114.58,257.96,955.00,0.9043,-1,-1,-1
629,4,832.71,301.77,152.47,456.43,0.9223,-1,-1,-1
629,87,536.53,342.29,91.69,353.78,0.7940,-1,-1,-1
629,88,980.34,280.46,145.27,477.88,0.8740,-1,-1,-1
629,66,1319.16,303.63,131.54,474.28,0.8420,-1,-1,-1
629,92,1235.55,331.93,112.53,412.56,0.7858,-1,-1,-1
629,95,1094.78,333.52,104.10,412.09,0.8558,-1,-1,-1
630,62,1651.08,115.42,261.60,954.62,0.8998,-1,-1,-1
630,4,829.36,303.70,152.94,454.97,0.9113,-1,-1,-1
630,87,530.29,340.63,92.63,358.55,0.8427,-1,-1,-1
630,88,971.25,281.63,143.33,474.23,0.9072,-1,-1,-1
630,66,1318.18,302.60,130.90,475.26,0.8549,-1,-1,-1
630,92,1236.50,329.61,112.41,417.33,0.7733,-1,-1,-1
630,95,1091.36,332.11,106.15,416.26,0.8836,-1,-1,-1
631,62,1666.06,111.62,259.61,958.30,0.9090,-1,-1,-1
631,4,825.93,305.74,153.89,455.04,0.9068,-1,-1,-1
631,87,528.97,342.81,92.94,357.51,0.7771,-1,-1,-1
631,88,966.37,280.79,142.34,474.66,0.5499,-1,-1,-1
631,66,1319.10,302.70,129.44,472.22,0.8295,-1,-1,-1
631,92,1235.07,330.31,112.50,420.07,0.7827,-1,-1,-1
631,95,1090.51,330.80,107.96,418.18,0.8900,-1,-1,-1
632,62,1675.81,109.45,256.88,961.69,0.9160,-1,-1,-1
632,4,822.18,306.47,155.23,455.07,0.9124,-1,-1,-1
632,87,523.35,344.03,92.30,358.42,0.8187,-1,-1,-1
632,88,963.69,280.60,141.26,475.12,0.8630,-1,-1,-1
632,66,1320.90,301.39,129.76,475.47,0.7903,-1,-1,-1
632,92,1235.77,328.70,113.40,425.62,0.7981,-1,-1,-1
632,95,1089.39,328.40,110.51,423.31,0.8997,-1,-1,-1
633,62,1684.42,106.02,253.48,965.75,0.9204,-1,-1,-1
633,4,819.81,308.24,156.67,455.40,0.9113,-1,-1,-1
633,87,520.89,343.49,92.23,360.84,0.8334,-1,-1,-1
633,88,963.68,280.25,140.84,477.93,0.8607,-1,-1,-1
633,66,1323.28,300.87,129.85,478.31,0.8147,-1,-1,-1
633,92,1236.35,324.49,114.29,430.69,0.7946,-1,-1,-1
633,95,1090.05,329.27,111.82,425.04,0.8736,-1,-1,-1
634,62,1692.70,100.19,250.40,975.04,0.9119,-1,-1,-1
634,4,818.30,309.90,158.24,456.32,0.9090,-1,-1,-1
634,87,519.00,346.98,91.46,359.99,0.8550,-1,-1,-1
634,88,963.49,281.70,139.58,477.23,0.8693,-1,-1,-1
634,66,1328.00,302.85,128.22,474.47,0.7625,-1,-1,-1
634,92,1237.08,321.84,115.67,435.71,0.7883,-1,-1,-1
634,95,1093.30,330.93,113.17,427.03,0.8958,-1,-1,-1
635,62,1697.32,92.27,246.84,981.49,0.9080,-1,-1,-1
635,4,817.89,311.02,160.17,458.07,0.8950,-1,-1,-1
635,87,517.91,349.58,91.02,360.77,0.8662,-1,-1,-1
635,88,968.00,282.67,138.50,479.12,0.8819,-1,-1,-1
635,66,1333.00,300.22,129.57,480.89,0.7480,-1,-1,-1
635,92,1242.06,320.62,115.53,436.28,0.6903,-1,-1,-1
635,95,1097.29,330.40,115.13,431.07,0.8972,-1,-1,-1
636,62,1698.69,87.03,243.75,987.12,0.9024,-1,-1,-1
636,4,818.13,315.03,161.03,456.24,0.8986,-1,-1,-1
636,87,516.46,352.60,90.96,363.27,0.8600,-1,-1,-1
636,88,973.64,286.09,138.09,482.58,0.8977,-1,-1,-1
636,66,1340.19,301.11,131.25,484.89,0.7767,-1,-1,-1
636,92,1245.45,317.90,116.57,440.79,0.6918,-1,-1,-1
636,95,1101.51,331.74,116.18,432.87,0.8941,-1,-1,-1
637,62,1700.69,86.32,239.90,988.23,0.8990,-1,-1,-1
637,4,822.05,319.13,159.54,448.03,0.9139,-1,-1,-1
637,87,517.60,357.78,90.89,363.16,0.8359,-1,-1,-1
637,88,978.61,291.10,136.48,483.75,0.9034,-1,-1,-1
637,66,1341.86,302.32,135.00,499.07,0.8477,-1,-1,-1
637,92,1249.20,319.13,115.12,434.74,0.6966,-1,-1,-1
637,95,1104.20,335.09,116.73,433.25,0.8975,-1,-1,-1
638,62,1699.27,86.38,237.15,989.24,0.8995,-1,-1,-1
638,4,826.76,319.29,159.53,447.40,0.9196,-1,-1,-1
638,87,517.31,355.33,92.06,368.10,0.8294,-1,-1,-1
638,88,981.36,293.31,134.64,483.71,0.8975,-1,-1,-1
638,66,1344.39,302.47,136.35,505.79,0.8567,-1,-1,-1
638,92,1252.20,317.75,115.00,434.56,0.6743,-1,-1,-1
638,95,1106.65,333.15,117.92,435.89,0.8960,-1,-1,-1
639,62,1698.41,84.25,234.97,990.44,0.9012,-1,-1,-1
639,4,830.88,319.22,160.33,451.02,0.9181,-1,-1,-1
639,87,518.67,362.71,90.73,361.83,0.8199,-1,-1,-1
639,88,983.91,297.78,131.52,480.80,0.8925,-1,-1,-1
639,66,1348.80,300.86,137.05,510.62,0.8365,-1,-1,-1
639,92,1255.61,315.57,117.08,441.06,0.7467,-1,-1,-1
639,95,1111.28,331.84,119.56,438.28,0.8849,-1,-1,-1
640,62,1695.70,81.18,234.21,994.48,0.8948,-1,-1,-1
640,4,836.61,319.38,159.45,450.41,0.9130,-1,-1,-1
640,87,523.18,365.84,92.02,361.18,0.7471,-1,-1,-1
640,88,988.23,300.22,129.38,480.41,0.8893,-1,-1,-1
640,66,1359.78,300.93,130.47,483.65,0.6052,-1,-1,-1
640,92,1257.83,315.51,119.99,450.68,0.7873,-1,-1,-1
640,95,1115.05,331.04,121.86,441.76,0.8333,-1,-1,-1
641,62,1694.92,79.47,232.30,991.66,0.8902,-1,-1,-1
641,4,842.62,319.18,158.90,450.81,0.9067,-1,-1,-1
641,87,525.49,362.41,94.88,367.67,0.7772,-1,-1,-1
641,88,993.09,303.49,126.49,476.55,0.8793,-1,-1,-1
641,66,1365.75,299.82,132.57,493.19,0.8346,-1,-1,-1
641,92,1260.32,312.70,122.94,459.94,0.4339,-1,-1,-1
641,95,1121.29,328.87,125.43,447.28,0.8410,-1,-1,-1
642,62,1694.09,83.45,230.59,987.50,0.8905,-1,-1,-1
642,4,848.55,320.23,158.84,451.87,0.8786,-1,-1,-1
642,87,529.43,360.50,97.58,372.97,0.8108,-1,-1,-1
642,88,998.29,306.18,125.25,476.39,0.8843,-1,-1,-1
642,66,1373.30,304.35,133.58,499.03,0.8500,-1,-1,-1
642,92,1265.84,314.23,124.50,464.00,0.8693,-1,-1,-1
642,95,1128.33,330.82,127.36,445.80,0.8613,-1,-1,-1
643,62,1691.13,89.19,229.79,983.29,0.8372,-1,-1,-1
643,4,853.81,320.97,157.57,449.58,0.9143,-1,-1,-1
643,87,531.20,361.85,99.00,374.21,0.8230,-1,-1,-1
643,88,1000.82,308.49,125.39,480.23,0.8592,-1,-1,-1
643,66,1379.69,304.67,135.15,505.61,0.8527,-1,-1,-1
643,92,1272.76,316.16,125.83,469.86,0.8205,-1,-1,-1
643,95,1131.21,328.48,131.71,454.84,0.8795,-1,-1,-1
644,62,1688.54,94.14,229.48,979.16,0.8700,-1,-1,-1
644,4,860.31,322.63,156.69,449.10,0.9139,-1,-1,-1
644,87,532.05,364.26,100.15,376.30,0.8444,-1,-1,-1
644,88,1004.24,309.10,124.92,483.70,0.8596,-1,-1,-1
644,66,1387.00,302.33,137.75,516.84,0.8663,-1,-1,-1
644,92,1280.71,317.43,126.39,473.90,0.8040,-1,-1,-1
644,95,1136.12,324.72,136.23,465.14,0.9012,-1,-1,-1
645,62,1697.50,198.29,209.63,876.28,0.8504,-1,-1,-1
645,4,865.97,324.51,156.26,449.72,0.9164,-1,-1,-1
645,87,532.67,363.94,100.70,378.23,0.8622,-1,-1,-1
645,88,1006.77,310.27,125.04,486.59,0.8799,-1,-1,-1
645,66,1393.81,298.11,140.55,528.65,0.8241,-1,-1,-1
645,92,1289.65,315.02,126.62,477.84,0.7565,-1,-1,-1
645,95,1140.23,321.74,140.38,474.07,0.9185,-1,-1,-1
646,62,1702.98,241.78,200.28,820.73,0.8385,-1,-1,-1
646,4,869.93,325.83,156.45,453.23,0.9008,-1,-1,-1
646,87,532.99,363.45,101.38,380.76,0.8419,-1,-1,-1
646,88,1007.75,310.16,125.31,486.65,0.8898,-1,-1,-1
646,66,1400.50,297.86,139.94,529.48,0.4745,-1,-1,-1
646,92,1295.59,311.32,128.19,486.87,0.7943,-1,-1,-1
646,95,1142.34,321.47,144.38,480.40,0.9212,-1,-1,-1
647,62,1703.28,268.37,198.87,799.53,0.8525,-1,-1,-1
647,4,874.09,328.36,155.57,452.38,0.9027,-1,-1,-1
647,87,534.46,364.85,101.49,380.39,0.7713,-1,-1,-1
647,88,1013.48,310.11,125.09,485.63,0.8884,-1,-1,-1
647,66,1409.84,294.16,137.18,519.41,0.7700,-1,-1,-1
647,92,1303.08,308.59,128.54,492.06,0.7721,-1,-1,-1
647,95,1143.69,320.79,148.20,486.30,0.9213,-1,-1,-1
648,62,1704.12,282.01,199.43,789.03,0.8895,-1,-1,-1
648,4,875.96,330.60,154.97,452.79,0.9281,-1,-1,-1
648,87,533.97,362.34,102.66,385.20,0.8405,-1,-1,-1
648,88,1017.57,310.67,124.28,484.63,0.8896,-1,-1,-1
648,66,1416.68,295.51,136.37,516.33,0.7357,-1,-1,-1
648,92,1306.37,307.59,130.34,500.50,0.8400,-1,-1,-1
648,95,1146.02,322.82,151.43,488.28,0.9258,-1,-1,-1
649,62,1706.17,288.51,199.88,780.80,0.8761,-1,-1,-1
649,4,877.27,333.12,153.82,451.16,0.9250,-1,-1,-1
649,87,534.77,361.90,103.30,387.19,0.8342,-1,-1,-1
649,88,1019.65,310.18,123.14,482.47,0.6755,-1,-1,-1
649,66,1420.99,294.87,138.42,526.63,0.8494,-1,-1,-1
649,92,1308.49,306.38,131.09,502.50,0.8517,-1,-1,-1
649,95,1146.78,324.65,154.52,489.75,0.9303,-1,-1,-1
650,62,1711.15,292.13,199.88,775.98,0.8270,-1,-1,-1
650,4,879.24,335.44,153.48,450.20,0.9203,-1,-1,-1
650,87,535.92,361.84,104.27,388.87,0.8333,-1,-1,-1
650,88,1023.80,310.39,121.55,479.39,0.8741,-1,-1,-1
650,66,1426.22,292.71,140.83,537.46,0.8563,-1,-1,-1
650,92,1310.03,305.76,132.04,503.41,0.8629,-1,-1,-1
650,95,1146.07,320.01,160.63,501.43,0.9184,-1,-1,-1
651,62,1715.10,292.68,199.80,773.42,0.5774,-1,-1,-1
651,4,881.29,337.07,153.68,449.39,0.9260,-1,-1,-1
651,87,536.16,361.62,105.14,389.97,0.8199,-1,-1,-1
651,88,1027.05,309.53,120.20,477.04,0.8676,-1,-1,-1
651,66,1431.73,291.66,143.38,547.19,0.8730,-1,-1,-1
651,92,1313.24,305.71,133.39,506.72,0.8782,-1,-1,-1
651,95,1145.46,320.14,164.29,504.86,0.9139,-1,-1,-1
651,98,825.89,404.59,61.32,222.19,0.6085,-1,-1,-1
652,62,1733.42,292.96,175.81,668.16,0.6688,-1,-1,-1
652,4,881.39,338.92,153.63,446.44,0.9152,-1,-1,-1
652,87,537.08,363.32,105.94,388.02,0.8199,-1,-1,-1
652,88,1027.99,308.56,120.12,480.26,0.7664,-1,-1,-1
652,66,1436.21,293.60,143.79,548.11,0.8608,-1,-1,-1
652,92,1315.52,305.30,134.86,509.20,0.8578,-1,-1,-1
652,95,1144.03,319.85,168.06,508.11,0.8936,-1,-1,-1
652,98,823.41,405.89,62.14,224.77,0.7445,-1,-1,-1
653,62,1743.28,293.23,167.27,628.83,0.8148,-1,-1,-1
653,4,881.30,338.36,152.82,440.57,0.9032,-1,-1,-1
653,87,534.00,362.31,107.67,391.90,0.8180,-1,-1,-1
653,88,1029.45,308.53,119.67,481.77,0.8919,-1,-1,-1
653,66,1440.91,294.34,144.35,549.67,0.8419,-1,-1,-1
653,92,1317.82,306.30,135.64,508.59,0.8513,-1,-1,-1
653,95,1138.98,316.42,174.34,521.19,0.8853,-1,-1,-1
653,98,818.36,402.97,64.17,231.32,0.7647,-1,-1,-1
654,62,1746.59,291.21,173.85,657.77,0.7920,-1,-1,-1
654,4,878.92,336.66,153.81,439.78,0.9003,-1,-1,-1
654,87,527.64,359.21,108.46,397.02,0.8244,-1,-1,-1
654,88,1029.55,307.31,119.41,483.23,0.8799,-1,-1,-1
654,66,1444.23,293.11,145.05,551.91,0.8348,-1,-1,-1
654,92,1318.89,304.26,137.20,511.39,0.8637,-1,-1,-1
654,95,1134.27,312.01,180.67,534.40,0.8439,-1,-1,-1
654,98,813.36,399.40,65.55,235.40,0.8024,-1,-1,-1
655,62,1747.22,289.83,181.68,697.84,0.7717,-1,-1,-1
655,4,874.02,335.13,156.74,445.12,0.8948,-1,-1,-1
655,87,528.34,358.18,109.87,397.93,0.8599,-1,-1,-1
655,88,1027.38,307.01,119.01,480.55,0.8620,-1,-1,-1
655,66,1447.06,292.64,145.34,554.07,0.8236,-1,-1,-1
655,92,1319.18,300.42,139.43,517.36,0.8851,-1,-1,-1
655,95,1129.95,310.24,184.89,540.80,0.6973,-1,-1,-1
655,98,809.91,399.92,65.22,233.27,0.8101,-1,-1,-1
656,62,1750.23,287.74,186.37,732.14,0.8145,-1,-1,-1
656,4,870.87,333.52,157.77,446.10,0.8947,-1,-1,-1
656,87,522.02,358.16,111.32,401.98,0.8172,-1,-1,-1
656,88,1027.46,307.24,118.12,477.60,0.8890,-1,-1,-1
656,66,1448.50,293.26,146.23,559.12,0.8157,-1,-1,-1
656,92,1318.90,300.47,141.19,521.55,0.8875,-1,-1,-1
656,95,1125.37,311.17,187.68,543.85,0.5855,-1,-1,-1
656,98,808.18,403.28,64.50,230.11,0.8302,-1,-1,-1
657,62,1756.99,294.77,184.09,742.25,0.7840,-1,-1,-1
657,4,867.04,334.81,157.60,443.25,0.9062,-1,-1,-1
657,87,519.09,359.78,112.37,403.19,0.7886,-1,-1,-1
657,88,1025.28,308.45,118.17,479.01,0.8795,-1,-1,-1
657,66,1449.73,294.45,146.31,560.40,0.8370,-1,-1,-1
657,92,1317.96,302.19,143.16,525.99,0.8845,-1,-1,-1
657,95,1122.65,312.99,187.68,538.93,0.8307,-1,-1,-1
657,98,803.79,401.19,65.87,235.31,0.8068,-1,-1,-1
658,62,1763.58,293.09,181.27,753.28,0.7722,-1,-1,-1
658,4,861.53,332.62,159.77,446.28,0.9194,-1,-1,-1
658,87,515.48,360.59,113.19,402.58,0.8239,-1,-1,-1
658,88,1022.90,308.44,117.78,478.11,0.8746,-1,-1,-1
658,66,1451.83,293.64,146.41,560.45,0.8333,-1,-1,-1
658,92,1316.40,301.02,145.15,530.19,0.8912,-1,-1,-1
658,95,1121.12,312.32,186.88,531.25,0.8804,-1,-1,-1
658,98,799.12,405.47,65.18,232.24,0.7710,-1,-1,-1
659,62,1770.61,290.69,177.30,762.25,0.7527,-1,-1,-1
659,4,858.45,331.35,160.23,444.53,0.9172,-1,-1,-1
659,87,506.35,362.41,112.24,401.61,0.7781,-1,-1,-1
659,88,1019.58,308.09,117.51,478.02,0.8844,-1,-1,-1
659,66,1456.98,291.27,144.79,553.11,0.7213,-1,-1,-1
659,92,1315.14,300.40,147.22,533.78,0.9098,-1,-1,-1
659,95,1116.90,309.21,191.81,541.46,0.8591,-1,-1,-1
659,98,795.25,404.49,64.90,229.75,0.8088,-1,-1,-1
660,62,1776.67,286.84,173.57,774.25,0.7877,-1,-1,-1
660,4,855.67,330.18,161.33,444.81,0.9180,-1,-1,-1
660,87,500.18,362.40,111.60,401.19,0.8142,-1,-1,-1
660,88,1016.39,308.23,117.83,480.31,0.8867,-1,-1,-1
660,66,1458.19,289.27,146.68,559.22,0.7897,-1,-1,-1
660,92,1313.26,297.73,150.12,540.09,0.9083,-1,-1,-1
660,95,1112.60,305.03,196.49,551.87,0.8266,-1,-1,-1
660,98,791.39,398.57,66.44,233.70,0.8253,-1,-1,-1
661,62,1781.70,285.20,169.05,782.76,0.7991,-1,-1,-1
661,4,851.86,328.66,162.95,447.78,0.9207,-1,-1,-1
661,87,498.23,361.08,113.15,404.33,0.8502,-1,-1,-1
661,88,1012.29,307.71,118.58,484.94,0.8809,-1,-1,-1
661,66,1457.47,287.65,148.47,565.29,0.7857,-1,-1,-1
661,92,1311.26,294.78,153.17,547.13,0.9038,-1,-1,-1
661,95,1110.43,304.97,198.80,556.64,0.8468,-1,-1,-1
661,98,787.44,395.15,67.99,239.33,0.8228,-1,-1,-1
662,62,1785.51,287.89,163.15,781.94,0.7865,-1,-1,-1
662,4,848.79,328.57,165.22,453.40,0.9180,-1,-1,-1
662,87,491.11,361.17,113.24,406.34,0.8641,-1,-1,-1
662,88,1009.70,309.12,118.15,487.29,0.8816,-1,-1,-1
662,66,1457.58,286.07,149.87,568.91,0.7513,-1,-1,-1
662,92,1309.22,291.10,155.83,552.13,0.8992,-1,-1,-1
662,95,1105.66,303.29,201.24,562.64,0.8842,-1,-1,-1
662,98,782.43,391.49,69.72,245.61,0.8170,-1,-1,-1
663,62,1787.29,287.00,158.67,784.75,0.7845,-1,-1,-1
663,4,842.68,329.08,165.04,450.81,0.9166,-1,-1,-1
663,87,482.91,360.11,113.89,410.28,0.8824,-1,-1,-1
663,88,1006.72,313.20,117.75,488.64,0.8837,-1,-1,-1
663,66,1456.81,287.08,150.38,568.39,0.7270,-1,-1,-1
663,92,1303.75,290.61,158.60,556.47,0.8966,-1,-1,-1
663,95,1100.41,301.15,203.59,568.41,0.8944,-1,-1,-1
664,62,1789.26,287.78,154.26,785.80,0.7847,-1,-1,-1
664,4,839.50,330.39,164.44,446.35,0.9120,-1,-1,-1
664,87,479.77,357.00,116.10,415.34,0.8763,-1,-1,-1
664,88,1003.41,314.44,117.13,489.04,0.9044,-1,-1,-1
664,66,1457.03,286.26,152.00,570.76,0.7245,-1,-1,-1
664,92,1298.31,289.57,161.08,558.39,0.8736,-1,-1,-1
664,95,1094.20,298.17,206.65,578.08,0.9066,-1,-1,-1
664,98,775.39,394.29,67.66,238.85,0.6483,-1,-1,-1
665,62,1791.76,284.78,150.62,790.42,0.7589,-1,-1,-1
665,4,840.44,331.41,161.71,440.50,0.9044,-1,-1,-1
665,87,471.76,355.48,117.35,420.07,0.8131,-1,-1,-1
665,88,1000.78,312.01,116.93,489.27,0.8868,-1,-1,-1
665,66,1454.82,284.99,153.48,573.13,0.7352,-1,-1,-1
665,92,1293.79,282.38,165.48,569.79,0.8832,-1,-1,-1
665,95,1092.47,295.16,209.18,583.33,0.9067,-1,-1,-1
665,98,769.11,395.59,68.51,239.53,0.8231,-1,-1,-1
666,62,1788.68,279.06,148.80,796.78,0.7587,-1,-1,-1
666,4,839.04,333.71,162.19,444.09,0.9144,-1,-1,-1
666,87,464.66,353.93,118.25,422.51,0.7977,-1,-1,-1
666,88,995.62,309.57,117.16,490.65,0.8944,-1,-1,-1
666,66,1455.02,283.93,154.40,571.04,0.6388,-1,-1,-1
666,92,1285.44,280.97,169.25,577.18,0.6862,-1,-1,-1
666,95,1090.36,291.26,213.75,593.94,0.9127,-1,-1,-1
666,98,765.44,395.63,69.12,241.76,0.8236,-1,-1,-1
667,62,1784.22,274.15,147.80,801.28,0.7626,-1,-1,-1
667,4,837.04,333.17,161.59,444.47,0.9204,-1,-1,-1
667,87,453.75,354.42,117.33,421.95,0.8177,-1,-1,-1
667,88,991.34,306.83,114.93,479.73,0.8960,-1,-1,-1
667,66,1449.94,285.81,156.95,574.35,0.7204,-1,-1,-1
667,92,1280.09,275.41,172.46,585.02,0.4080,-1,-1,-1
667,95,1087.45,287.62,219.77,609.73,0.9152,-1,-1,-1
667,98,760.97,396.42,69.35,242.34,0.8394,-1,-1,-1
668,62,1783.21,272.07,146.39,803.02,0.7692,-1,-1,-1
668,4,835.27,333.23,160.38,441.49,0.9190,-1,-1,-1
668,87,444.95,352.79,117.16,424.24,0.8657,-1,-1,-1
668,88,984.89,304.94,116.65,486.88,0.8818,-1,-1,-1
668,66,1448.54,286.65,159.30,575.40,0.6881,-1,-1,-1
668,92,1276.27,272.95,174.83,589.73,0.3269,-1,-1,-1
668,95,1083.79,284.80,223.54,618.68,0.9211,-1,-1,-1
668,98,757.01,391.21,71.03,248.29,0.8393,-1,-1,-1
669,62,1785.98,266.77,144.91,808.56,0.7969,-1,-1,-1
669,4,835.58,332.57,158.29,434.92,0.9164,-1,-1,-1
669,87,438.52,348.22,118.13,429.88,0.8570,-1,-1,-1
669,88,979.71,302.22,117.41,488.59,0.8832,-1,-1,-1
669,66,1447.85,284.18,162.30,578.44,0.5873,-1,-1,-1
669,92,1270.82,266.93,176.98,594.26,0.4748,-1,-1,-1
669,95,1079.48,282.14,229.30,633.62,0.9260,-1,-1,-1
669,98,751.83,390.56,71.43,249.57,0.8331,-1,-1,-1
670,62,1788.01,259.89,143.37,813.88,0.8166,-1,-1,-1
670,4,833.65,332.10,156.67,430.60,0.9124,-1,-1,-1
670,87,431.91,347.76,118.79,433.94,0.8839,-1,-1,-1
670,88,976.66,299.36,117.65,488.63,0.8812,-1,-1,-1
670,66,1447.10,279.99,165.32,582.37,0.5068,-1,-1,-1
670,92,1270.11,261.15,179.48,601.38,0.8943,-1,-1,-1
670,95,1075.58,280.36,234.84,648.81,0.9267,-1,-1,-1
670,98,746.00,388.66,73.28,252.93,0.8451,-1,-1,-1
671,62,1787.23,242.71,143.96,830.56,0.7803,-1,-1,-1
671,4,830.85,331.59,156.22,432.07,0.9176,-1,-1,-1
671,87,426.93,347.97,118.88,435.82,0.8931,-1,-1,-1
671,88,974.42,298.21,117.68,486.75,0.8956,-1,-1,-1
671,66,1447.96,277.39,168.13,585.71,0.3059,-1,-1,-1
671,92,1271.58,258.00,181.43,608.00,0.9041,-1,-1,-1
671,95,1073.45,279.99,239.94,664.23,0.9268,-1,-1,-1
671,98,742.30,385.09,74.93,257.24,0.8600,-1,-1,-1
672,62,1786.12,227.28,144.38,845.41,0.8203,-1,-1,-1
672,4,831.22,331.34,155.71,433.23,0.9173,-1,-1,-1
672,87,424.14,348.41,119.91,439.48,0.8843,-1,-1,-1
672,88,972.86,296.79,118.82,488.32,0.8938,-1,-1,-1
672,66,1448.12,274.53,170.79,589.81,0.4627,-1,-1,-1
672,92,1273.02,255.59,183.63,616.53,0.9061,-1,-1,-1
672,95,1072.07,278.70,245.79,682.84,0.9304,-1,-1,-1
672,98,739.58,383.47,76.43,260.56,0.8541,-1,-1,-1
673,62,1779.97,162.30,152.64,910.58,0.7541,-1,-1,-1
673,4,830.75,330.44,154.21,433.17,0.9189,-1,-1,-1
673,87,420.56,350.73,119.93,439.67,0.8809,-1,-1,-1
673,88,972.37,295.08,118.87,485.06,0.8918,-1,-1,-1
673,66,1447.98,272.38,173.50,594.81,0.3929,-1,-1,-1
673,92,1273.04,246.96,187.39,632.09,0.8808,-1,-1,-1
673,95,1072.56,274.38,250.62,697.34,0.9252,-1,-1,-1
673,98,737.45,380.72,77.54,263.83,0.8614,-1,-1,-1
674,62,1777.63,156.67,151.87,915.62,0.8250,-1,-1,-1
674,4,831.04,330.11,152.33,432.14,0.9178,-1,-1,-1
674,87,418.22,352.11,120.16,441.08,0.8691,-1,-1,-1
674,88,971.86,294.67,119.14,483.60,0.8937,-1,-1,-1
674,66,1452.34,273.05,174.49,593.38,0.5229,-1,-1,-1
674,92,1273.06,240.06,191.81,650.97,0.8967,-1,-1,-1
674,95,1073.25,267.81,255.69,710.53,0.9215,-1,-1,-1
674,98,737.02,380.72,78.25,265.82,0.8630,-1,-1,-1
675,62,1776.35,188.80,146.53,882.03,0.8399,-1,-1,-1
675,4,832.08,330.26,151.09,432.37,0.9198,-1,-1,-1
675,87,416.80,350.02,121.84,446.43,0.8659,-1,-1,-1
675,88,971.33,293.75,120.80,487.52,0.8917,-1,-1,-1
675,66,1456.12,273.32,175.97,593.18,0.8620,-1,-1,-1
675,92,1276.59,244.09,194.70,663.87,0.8807,-1,-1,-1
675,95,1073.18,264.12,260.11,720.09,0.9207,-1,-1,-1
675,98,736.53,382.34,78.01,264.99,0.8673,-1,-1,-1
676,62,1774.37,209.59,143.78,860.06,0.8552,-1,-1,-1
676,4,832.18,331.01,150.55,434.23,0.9179,-1,-1,-1
676,87,415.68,350.26,123.35,449.98,0.8662,-1,-1,-1
676,88,971.38,293.58,121.74,488.35,0.8948,-1,-1,-1
676,66,1461.52,272.78,175.86,588.56,0.5318,-1,-1,-1
676,92,1281.83,237.27,198.53,679.89,0.8510,-1,-1,-1
676,95,1073.88,260.28,264.34,725.01,0.9033,-1,-1,-1
676,98,735.13,382.43,78.71,266.21,0.8584,-1,-1,-1
677,62,1769.56,225.28,143.29,844.92,0.8598,-1,-1,-1
677,4,832.97,329.76,150.43,436.46,0.9080,-1,-1,-1
677,87,413.20,346.83,125.49,455.71,0.8514,-1,-1,-1
677,88,972.70,292.89,121.54,486.07,0.8940,-1,-1,-1
677,66,1465.73,269.34,177.42,590.24,0.8681,-1,-1,-1
677,92,1290.19,229.26,203.74,696.50,0.8252,-1,-1,-1
677,95,1077.69,253.85,262.67,708.64,0.8902,-1,-1,-1
677,98,734.94,380.58,79.96,269.13,0.8739,-1,-1,-1
678,62,1765.15,231.90,144.86,840.28,0.8788,-1,-1,-1
678,4,833.49,328.72,150.13,438.12,0.9100,-1,-1,-1
678,87,411.14,345.64,127.29,459.35,0.8430,-1,-1,-1
678,88,973.77,292.28,122.72,487.81,0.8738,-1,-1,-1
678,66,1469.54,266.48,179.20,594.29,0.8601,-1,-1,-1
678,92,1298.22,225.82,206.77,705.58,0.8514,-1,-1,-1
678,95,1080.33,245.39,266.48,706.26,0.9002,-1,-1,-1
678,98,734.67,379.80,80.78,270.80,0.8686,-1,-1,-1
679,62,1761.06,239.78,146.60,834.28,0.8580,-1,-1,-1
679,4,834.59,329.06,149.41,436.95,0.9086,-1,-1,-1
679,87,409.17,345.09,128.22,461.16,0.8310,-1,-1,-1
679,88,979.10,292.30,123.08,485.49,0.3335,-1,-1,-1
679,66,1475.92,264.79,179.95,595.50,0.8533,-1,-1,-1
679,92,1303.40,226.13,210.66,722.44,0.8721,-1,-1,-1
679,95,1078.27,238.85,278.23,727.89,0.8983,-1,-1,-1
679,98,734.43,378.61,81.16,271.30,0.8609,-1,-1,-1
680,62,1757.02,244.11,147.39,818.44,0.8002,-1,-1,-1
680,4,838.30,328.93,150.90,438.51,0.9085,-1,-1,-1
680,87,410.09,344.56,129.81,463.87,0.8218,-1,-1,-1
680,88,981.60,292.42,122.76,483.07,0.8754,-1,-1,-1
680,66,1484.25,263.19,182.50,602.45,0.8631,-1,-1,-1
680,92,1313.04,232.11,212.43,732.15,0.7861,-1,-1,-1
680,95,1070.03,233.63,288.63,755.25,0.8925,-1,-1,-1
680,98,735.66,377.71,82.05,273.35,0.8635,-1,-1,-1
681,62,1757.66,248.22,140.06,746.27,0.7415,-1,-1,-1
681,4,841.33,330.03,152.48,439.17,0.9011,-1,-1,-1
681,87,411.77,343.99,131.00,465.72,0.8243,-1,-1,-1
681,88,983.63,294.34,122.46,481.94,0.8954,-1,-1,-1
681,66,1490.35,261.17,185.38,611.59,0.8822,-1,-1,-1
681,92,1322.17,236.56,212.16,734.71,0.8032,-1,-1,-1
681,95,1067.93,227.78,295.90,778.08,0.9065,-1,-1,-1
681,98,737.60,380.61,83.03,273.66,0.8516,-1,-1,-1
682,62,1764.88,253.49,121.78,599.72,0.4077,-1,-1,-1
682,4,844.35,331.52,154.54,441.14,0.8961,-1,-1,-1
682,87,410.82,344.93,130.78,465.77,0.8659,-1,-1,-1
682,88,987.87,295.13,122.68,484.89,0.7918,-1,-1,-1
682,66,1495.31,258.89,187.54,621.91,0.8780,-1,-1,-1
682,92,1332.75,235.63,212.94,740.18,0.8905,-1,-1,-1
682,95,1071.15,223.90,299.36,790.91,0.9149,-1,-1,-1
682,98,739.37,381.37,84.52,275.53,0.8457,-1,-1,-1
683,62,1770.06,257.55,116.05,536.64,0.6059,-1,-1,-1
683,4,849.92,333.13,153.57,433.49,0.8733,-1,-1,-1
683,87,411.69,347.12,130.23,464.84,0.8591,-1,-1,-1
683,88,993.27,295.06,123.16,487.76,0.8933,-1,-1,-1
683,66,1497.00,255.32,185.42,620.74,0.3559,-1,-1,-1
683,92,1345.61,231.91,215.64,749.52,0.9176,-1,-1,-1
683,95,1075.49,220.00,304.82,809.21,0.9036,-1,-1,-1
683,98,741.35,382.59,85.07,274.99,0.8369,-1,-1,-1
684,4,852.46,335.51,154.90,435.47,0.8986,-1,-1,-1
684,87,413.81,346.82,130.37,466.72,0.8724,-1,-1,-1
684,88,997.94,295.99,123.17,490.88,0.8967,-1,-1,-1
684,92,1357.52,225.69,219.10,760.19,0.9172,-1,-1,-1
684,95,1079.15,216.33,313.71,839.08,0.8679,-1,-1,-1
684,98,746.39,383.00,86.06,277.94,0.8189,-1,-1,-1
685,4,859.69,334.60,155.67,437.44,0.7605,-1,-1,-1
685,87,416.68,342.09,131.57,472.45,0.8798,-1,-1,-1
685,88,1003.56,296.31,122.02,489.50,0.9036,-1,-1,-1
685,92,1369.39,220.37,220.98,766.07,0.9015,-1,-1,-1
685,95,1083.72,213.22,319.36,859.25,0.9315,-1,-1,-1
685,98,751.61,382.04,87.38,282.82,0.8687,-1,-1,-1
686,4,867.41,334.54,154.25,436.07,0.9264,-1,-1,-1
686,87,419.37,341.73,131.08,472.57,0.8897,-1,-1,-1
686,88,1011.19,294.79,121.82,491.47,0.8992,-1,-1,-1
686,92,1384.18,211.44,226.10,781.30,0.8790,-1,-1,-1
686,95,1089.55,208.91,321.44,869.27,0.9260,-1,-1,-1
686,98,755.91,381.82,87.13,282.39,0.8778,-1,-1,-1
687,4,876.19,331.86,155.03,437.80,0.9105,-1,-1,-1
687,87,423.13,337.30,131.23,475.94,0.8867,-1,-1,-1
687,88,1017.25,296.03,122.04,492.31,0.8894,-1,-1,-1
687,92,1406.61,203.75,233.42,791.83,0.7850,-1,-1,-1
687,95,1096.35,205.87,322.19,873.88,0.9299,-1,-1,-1
687,98,762.63,379.71,87.60,284.28,0.8889,-1,-1,-1
687,62,1798.42,302.07,105.94,474.25,0.5563,-1,-1,-1
688,4,880.53,328.60,153.84,435.03,0.9053,-1,-1,-1
688,87,427.89,332.41,130.98,477.96,0.8549,-1,-1,-1
688,88,1025.54,294.85,121.07,488.89,0.8967,-1,-1,-1
688,92,1423.76,194.22,241.72,803.32,0.8809,-1,-1,-1
688,95,1101.92,198.91,324.44,881.53,0.9375,-1,-1,-1
688,98,766.41,377.16,87.93,283.84,0.8698,-1,-1,-1
688,62,1804.40,328.34,112.03,502.90,0.6651,-1,-1,-1
689,4,887.78,324.61,152.22,430.77,0.8952,-1,-1,-1
689,87,431.27,329.92,129.37,475.40,0.8755,-1,-1,-1
689,88,1034.48,292.11,119.37,482.72,0.8829,-1,-1,-1
689,92,1438.60,188.61,248.24,808.54,0.9148,-1,-1,-1
689,95,1106.41,179.73,330.78,899.87,0.9292,-1,-1,-1
689,98,772.36,372.20,89.05,284.77,0.8656,-1,-1,-1
689,62,1816.35,362.32,107.62,491.34,0.4880,-1,-1,-1
690,4,896.04,319.56,152.66,430.76,0.8823,-1,-1,-1
690,87,434.17,325.67,127.84,473.14,0.8524,-1,-1,-1
690,88,1041.41,288.18,118.89,481.24,0.9080,-1,-1,-1
690,92,1453.91,180.05,257.00,816.02,0.9079,-1,-1,-1
690,95,1111.93,172.45,332.61,901.95,0.9263,-1,-1,-1
690,98,775.33,364.70,90.61,288.83,0.8503,-1,-1,-1
691,4,904.38,314.18,153.68,430.51,0.8757,-1,-1,-1
691,87,436.36,321.38,127.42,475.12,0.8080,-1,-1,-1
691,88,1047.82,285.33,118.95,482.55,0.8850,-1,-1,-1
691,92,1467.61,167.17,268.91,831.50,0.9186,-1,-1,-1
691,95,1114.54,172.00,334.71,903.69,0.9316,-1,-1,-1
691,98,778.74,360.03,92.23,293.00,0.8749,-1,-1,-1
692,4,905.14,309.48,152.95,430.98,0.8620,-1,-1,-1
692,87,437.74,315.87,128.09,480.76,0.8272,-1,-1,-1
692,88,1051.88,281.38,119.77,487.02,0.8692,-1,-1,-1
692,92,1475.86,155.64,282.98,855.01,0.9246,-1,-1,-1
692,95,1115.24,157.83,342.30,918.66,0.9260,-1,-1,-1
692,98,780.41,357.78,92.09,292.55,0.8755,-1,-1,-1
693,4,908.32,304.43,153.28,433.71,0.8736,-1,-1,-1
693,87,440.75,311.03,128.93,483.06,0.7165,-1,-1,-1
693,88,1051.94,274.82,124.52,514.12,0.6421,-1,-1,-1
693,92,1482.46,146.90,298.36,882.08,0.9273,-1,-1,-1
693,95,1117.02,138.62,351.24,935.21,0.8976,-1,-1,-1
693,98,780.46,355.56,92.02,291.95,0.8817,-1,-1,-1
694,4,907.74,300.63,153.01,436.20,0.8865,-1,-1,-1
694,87,438.03,306.14,129.31,486.49,0.7937,-1,-1,-1
694,88,1052.64,269.29,121.88,511.83,0.5748,-1,-1,-1
694,92,1488.51,139.04,314.08,908.94,0.9264,-1,-1,-1
694,95,1120.10,127.36,359.79,946.79,0.8965,-1,-1,-1
694,98,781.09,351.18,92.84,294.90,0.8682,-1,-1,-1
694,101,865.19,368.04,61.11,219.42,0.5239,-1,-1,-1
695,4,909.39,298.44,152.00,436.34,0.8789,-1,-1,-1
695,87,434.73,300.83,129.68,490.84,0.8770,-1,-1,-1
695,92,1497.84,131.46,326.39,922.30,0.9315,-1,-1,-1
695,95,1120.22,113.88,370.79,960.47,0.8876,-1,-1,-1
695,98,780.49,347.62,92.71,295.95,0.8705,-1,-1,-1
695,101,866.49,365.38,61.87,222.09,0.6472,-1,-1,-1
696,4,908.85,298.54,150.20,434.81,0.9008,-1,-1,-1
696,87,432.02,297.03,130.42,495.59,0.8918,-1,-1,-1
696,92,1503.76,125.00,339.74,938.60,0.9403,-1,-1,-1
696,95,1121.45,101.05,381.12,974.40,0.9127,-1,-1,-1
696,98,778.40,344.79,93.01,296.95,0.8822,-1,-1,-1
696,101,865.69,365.44,63.31,227.53,0.6029,-1,-1,-1
696,88,1049.46,254.43,152.03,634.48,0.5240,-1,-1,-1
697,4,910.58,296.16,148.16,432.89,0.8850,-1,-1,-1
697,87,428.45,294.33,130.86,497.41,0.8906,-1,-1,-1
697,92,1509.21,117.09,352.96,956.23,0.9290,-1,-1,-1
697,95,1128.69,86.45,391.67,989.39,0.9146,-1,-1,-1
697,98,777.33,339.64,93.72,299.02,0.8734,-1,-1,-1
697,101,865.25,362.17,64.33,231.38,0.7200,-1,-1,-1
697,88,1043.87,248.70,159.44,668.35,0.4873,-1,-1,-1
698,4,914.20,292.26,148.28,435.41,0.8889,-1,-1,-1
698,87,426.52,287.48,131.75,501.03,0.8763,-1,-1,-1
698,92,1516.20,110.56,361.88,960.46,0.9385,-1,-1,-1
698,95,1128.21,70.32,402.56,1006.16,0.9291,-1,-1,-1
698,98,777.46,337.32,94.35,299.79,0.8684,-1,-1,-1
698,101,863.77,358.63,64.65,232.29,0.7350,-1,-1,-1
698,88,1045.06,234.62,166.50,697.97,0.6809,-1,-1,-1
699,4,917.60,288.46,148.71,436.77,0.8953,-1,-1,-1
699,87,426.22,282.31,132.49,501.19,0.8740,-1,-1,-1
699,92,1522.26,98.96,370.92,968.55,0.9396,-1,-1,-1
699,95,1131.09,53.08,413.41,1024.88,0.9268,-1,-1,-1
699,98,777.63,333.59,95.82,301.60,0.8774,-1,-1,-1
699,101,863.63,353.31,64.62,231.73,0.7514,-1,-1,-1
699,88,1044.07,214.59,172.74,726.77,0.7000,-1,-1,-1
700,4,919.54,283.49,150.02,441.31,0.8764,-1,-1,-1
700,87,423.79,277.96,133.51,504.13,0.8945,-1,-1,-1
700,92,1523.63,83.85,380.86,984.43,0.9441,-1,-1,-1
700,95,1139.28,35.88,422.59,1041.17,0.9329,-1,-1,-1
700,98,776.85,330.62,97.54,304.33,0.8630,-1,-1,-1
700,101,864.23,348.55,64.74,232.16,0.6756,-1,-1,-1
700,88,1044.05,199.47,175.61,745.73,0.8214,-1,-1,-1
701,4,921.41,280.48,149.40,440.38,0.8894,-1,-1,-1
701,87,419.00,273.94,134.98,509.66,0.9080,-1,-1,-1
701,92,1526.21,73.94,386.39,992.45,0.9437,-1,-1,-1
701,95,1145.54,23.48,429.00,1051.68,0.9331,-1,-1,-1
701,98,776.35,329.00,98.18,305.04,0.8636,-1,-1,-1
701,101,864.14,345.70,65.41,234.13,0.7532,-1,-1,-1
701,88,1040.64,192.85,174.46,756.57,0.8400,-1,-1,-1
702,4,920.48,278.67,146.68,435.50,0.8734,-1,-1,-1
702,87,414.54,267.00,136.43,516.44,0.9030,-1,-1,-1
702,92,1526.14,65.04,390.85,999.13,0.9424,-1,-1,-1
702,95,1147.74,11.64,435.09,1061.67,0.9330,-1,-1,-1
702,98,775.68,325.49,98.28,305.79,0.8781,-1,-1,-1
702,101,862.44,340.16,67.15,238.72,0.8184,-1,-1,-1
702,88,1043.72,183.40,176.69,766.86,0.8569,-1,-1,-1
703,4,918.69,274.27,145.64,436.97,0.8834,-1,-1,-1
703,87,408.89,262.55,137.39,520.22,0.8684,-1,-1,-1
703,92,1525.64,51.38,397.93,1017.23,0.9418,-1,-1,-1
703,95,1153.66,2.48,440.18,1070.46,0.9367,-1,-1,-1
703,98,774.54,320.01,99.85,310.30,0.8651,-1,-1,-1
703,101,861.84,334.54,69.23,245.60,0.7753,-1,-1,-1
703,88,1043.56,172.87,179.08,776.71,0.8911,-1,-1,-1
704,4,916.55,271.78,142.53,433.33,0.8793,-1,-1,-1
704,87,402.72,258.76,137.43,520.04,0.7999,-1,-1,-1
704,92,1528.07,38.67,402.23,1032.27,0.9457,-1,-1,-1
704,95,1159.59,-2.71,443.35,1074.62,0.9412,-1,-1,-1
704,98,775.31,314.81,101.16,313.04,0.8621,-1,-1,-1
704,101,859.80,328.36,70.79,251.37,0.7579,-1,-1,-1
704,88,1045.97,161.32,184.18,786.56,0.9021,-1,-1,-1
705,4,914.33,263.48,140.52,432.98,0.8773,-1,-1,-1
705,87,400.22,254.36,138.32,519.14,0.8958,-1,-1,-1
705,92,1531.34,17.33,406.56,1052.19,0.9415,-1,-1,-1
705,95,1164.78,-4.03,444.74,1074.91,0.9392,-1,-1,-1
705,98,774.03,309.69,101.62,315.26,0.8501,-1,-1,-1
705,101,856.35,322.41,70.95,251.55,0.7397,-1,-1,-1
705,88,1037.75,149.31,188.68,797.42,0.8902,-1,-1,-1
706,4,914.24,256.56,138.54,432.38,0.8528,-1,-1,-1
706,87,396.29,245.82,140.44,525.12,0.8650,-1,-1,-1
706,92,1537.15,4.92,406.29,1063.16,0.9459,-1,-1,-1
706,95,1175.15,-3.77,446.53,1075.20,0.9486,-1,-1,-1
706,98,771.35,303.26,102.15,318.33,0.8573,-1,-1,-1
706,101,854.09,317.71,71.54,253.23,0.7789,-1,-1,-1
706,88,1021.57,139.05,194.65,813.02,0.8560,-1,-1,-1
707,4,914.16,250.35,136.53,431.79,0.8383,-1,-1,-1
707,87,391.72,238.07,141.42,528.00,0.8807,-1,-1,-1
707,92,1547.44,-0.48,403.34,1072.27,0.6261,-1,-1,-1
707,95,1188.42,-3.05,449.56,1075.86,0.9516,-1,-1,-1
707,98,771.88,296.59,100.82,317.34,0.8572,-1,-1,-1
707,101,854.00,313.34,71.13,251.05,0.7800,-1,-1,-1
707,88,1006.94,124.98,203.60,843.63,0.8529,-1,-1,-1
708,4,911.33,242.26,134.58,433.53,0.7977,-1,-1,-1
708,87,390.09,230.93,142.87,531.67,0.8608,-1,-1,-1
708,92,1561.42,-1.76,396.72,1076.16,0.9383,-1,-1,-1
708,95,1201.53,-2.72,453.67,1075.17,0.9569,-1,-1,-1
708,98,771.72,289.97,101.30,318.42,0.8520,-1,-1,-1
708,101,852.79,307.20,72.66,256.45,0.6874,-1,-1,-1
708,88,992.20,110.44,212.30,873.53,0.8737,-1,-1,-1
709,4,907.62,231.57,133.69,436.04,0.6618,-1,-1,-1
709,87,384.58,221.72,144.43,536.65,0.8797,-1,-1,-1
709,92,1579.56,-0.19,386.83,1076.70,0.9183,-1,-1,-1
709,95,1220.39,-1.27,457.46,1072.10,0.9527,-1,-1,-1
709,98,769.67,281.30,102.82,321.77,0.8375,-1,-1,-1
709,101,851.78,300.86,72.44,255.37,0.6008,-1,-1,-1
709,88,988.26,98.49,223.14,902.44,0.9069,-1,-1,-1
710,87,380.03,213.32,145.31,539.64,0.8580,-1,-1,-1
710,92,1600.07,0.11,374.12,1074.05,0.9121,-1,-1,-1
710,95,1243.69,-1.78,463.58,1071.07,0.9557,-1,-1,-1
710,98,768.53,273.42,104.32,325.78,0.8377,-1,-1,-1
710,101,852.76,296.47,71.91,253.82,0.5062,-1,-1,-1
710,88,973.76,86.48,235.96,926.84,0.9273,-1,-1,-1
711,87,375.71,206.74,146.49,543.21,0.8774,-1,-1,-1
711,92,1625.17,0.67,357.91,1067.41,0.8895,-1,-1,-1
711,95,1272.06,-2.26,474.17,1070.58,0.9521,-1,-1,-1
711,98,770.38,267.78,104.63,328.76,0.8250,-1,-1,-1
711,101,851.91,293.63,72.40,256.32,0.4664,-1,-1,-1
711,88,961.84,77.93,247.47,945.57,0.9373,-1,-1,-1
712,87,371.73,201.98,147.75,547.47,0.8807,-1,-1,-1
712,92,1668.48,-0.83,307.58,950.66,0.7748,-1,-1,-1
712,95,1295.88,1.17,482.75,1067.65,0.9491,-1,-1,-1
712,98,767.23,263.73,106.43,331.68,0.8101,-1,-1,-1
712,101,851.36,292.43,71.25,253.04,0.5988,-1,-1,-1
712,88,949.56,65.13,260.71,970.63,0.9425,-1,-1,-1
713,87,366.31,196.28,149.20,552.72,0.8783,-1,-1,-1
713,92,1711.65,1.84,265.57,859.02,0.5931,-1,-1,-1
713,95,1322.08,1.95,494.99,1068.87,0.9440,-1,-1,-1
713,98,764.95,258.42,109.31,336.77,0.8300,-1,-1,-1
713,101,851.61,285.64,72.42,256.82,0.4334,-1,-1,-1
713,88,937.77,53.28,274.24,1000.16,0.9400,-1,-1,-1
714,87,363.63,193.53,149.77,554.38,0.8744,-1,-1,-1
714,95,1345.18,-0.52,508.54,1071.20,0.9503,-1,-1,-1
714,98,761.86,255.45,111.35,340.07,0.8401,-1,-1,-1
714,101,850.00,282.43,73.62,262.73,0.6278,-1,-1,-1
714,88,925.03,43.18,284.17,1020.03,0.9083,-1,-1,-1
715,87,360.83,191.46,150.73,556.84,0.8058,-1,-1,-1
715,95,1347.89,-0.63,520.09,1069.70,0.9507,-1,-1,-1
715,98,762.08,252.99,113.19,341.87,0.8308,-1,-1,-1
715,101,844.45,277.94,74.33,269.42,0.4676,-1,-1,-1
715,88,911.62,35.41,291.85,1033.65,0.9150,-1,-1,-1
716,87,355.12,186.79,152.12,563.58,0.8754,-1,-1,-1
716,95,1339.29,-0.99,532.68,1070.12,0.9532,-1,-1,-1
716,98,761.46,251.93,114.32,342.42,0.8286,-1,-1,-1
716,88,895.22,15.92,301.84,1058.96,0.9100,-1,-1,-1
717,87,351.58,184.20,152.90,567.17,0.8475,-1,-1,-1
717,95,1328.99,-1.26,544.44,1069.54,0.9527,-1,-1,-1
717,98,759.95,247.32,117.20,347.62,0.8630,-1,-1,-1
717,88,879.38,3.82,310.24,1075.71,0.9274,-1,-1,-1
717,102,1235.47,310.95,68.64,211.22,0.5301,-1,-1,-1
718,87,351.07,186.29,153.80,566.70,0.6576,-1,-1,-1
718,95,1320.49,-0.83,555.58,1069.77,0.9438,-1,-1,-1
718,98,755.34,244.28,118.55,352.81,0.8811,-1,-1,-1
718,88,863.07,5.46,312.91,1073.60,0.9328,-1,-1,-1
718,102,1236.09,307.45,69.87,215.04,0.5978,-1,-1,-1
719,87,347.00,179.69,156.24,573.85,0.6354,-1,-1,-1
719,95,1314.97,-0.51,565.79,1070.99,0.9424,-1,-1,-1
719,98,749.69,240.61,118.70,357.58,0.8443,-1,-1,-1
719,88,841.86,0.40,317.09,1074.32,0.9287,-1,-1,-1
719,102,1240.77,309.76,68.78,211.25,0.5984,-1,-1,-1
720,87,342.57,175.06,158.11,581.49,0.4048,-1,-1,-1
720,95,1314.61,-0.02,572.10,1068.14,0.9432,-1,-1,-1
720,98,745.10,239.46,115.16,356.48,0.6907,-1,-1,-1
720,88,817.92,-1.07,321.94,1075.98,0.9124,-1,-1,-1
720,102,1243.02,304.40,70.69,216.75,0.6980,-1,-1,-1
720,103,1108.70,167.89,94.51,514.48,0.8358,-1,-1,-1
721,87,338.29,172.72,159.97,588.01,0.7104,-1,-1,-1
721,95,1319.68,0.72,575.97,1065.37,0.9167,-1,-1,-1
721,88,793.47,-2.30,327.49,1081.77,0.9339,-1,-1,-1
721,102,1243.40,300.09,71.52,218.73,0.7001,-1,-1,-1
721,103,1108.88,166.27,95.73,517.65,0.8749,-1,-1,-1
722,87,333.18,168.70,161.98,594.69,0.8518,-1,-1,-1
722,95,1324.10,0.44,579.53,1065.26,0.9399,-1,-1,-1
722,88,772.20,-2.32,331.63,1081.78,0.9362,-1,-1,-1
722,102,1244.09,299.32,71.56,218.63,0.5770,-1,-1,-1
722,103,1108.95,163.57,96.92,517.43,0.8858,-1,-1,-1
723,87,328.27,165.99,163.33,598.31,0.8141,-1,-1,-1
723,95,1327.66,0.69,581.69,1064.60,0.9331,-1,-1,-1
723,88,749.52,-0.94,334.81,1078.45,0.9341,-1,-1,-1
723,102,1245.74,307.68,70.20,214.39,0.5627,-1,-1,-1
723,103,1105.74,161.90,97.77,512.67,0.9102,-1,-1,-1
723,104,1296.14,109.81,182.79,544.51,0.8351,-1,-1,-1
724,87,322.67,162.02,164.63,603.40,0.6830,-1,-1,-1
724,95,1331.69,2.85,582.65,1063.98,0.9349,-1,-1,-1
724,88,728.81,0.17,339.29,1074.06,0.9399,-1,-1,-1
724,103,1103.27,159.64,99.65,510.06,0.9105,-1,-1,-1
724,104,1263.97,101.60,210.75,628.87,0.8408,-1,-1,-1
725,95,1339.35,3.73,582.24,1064.30,0.8881,-1,-1,-1
725,88,697.00,0.11,345.41,1074.97,0.9273,-1,-1,-1
725,103,1100.12,157.37,102.11,508.53,0.8988,-1,-1,-1
725,104,1241.46,100.11,223.67,668.09,0.8897,-1,-1,-1
726,95,1346.86,7.31,578.92,1060.56,0.7710,-1,-1,-1
726,88,666.45,0.71,351.48,1075.67,0.9352,-1,-1,-1
726,103,1098.83,154.38,105.47,507.54,0.8982,-1,-1,-1
726,104,1222.06,99.36,236.61,706.68,0.8842,-1,-1,-1
726,87,311.02,157.17,164.32,602.67,0.8468,-1,-1,-1
727,95,1364.10,4.00,575.89,1064.45,0.8069,-1,-1,-1
727,88,637.98,1.92,357.05,1074.48,0.9416,-1,-1,-1
727,103,1095.18,153.10,109.31,507.67,0.9050,-1,-1,-1
727,104,1205.99,101.17,240.85,714.05,0.9007,-1,-1,-1
727,87,301.89,152.61,165.59,606.57,0.8048,-1,-1,-1
727,4,952.46,193.45,123.98,430.18,0.7121,-1,-1,-1
728,95,1428.07,3.27,555.56,1060.61,0.7339,-1,-1,-1
728,88,606.69,2.79,364.80,1073.66,0.9449,-1,-1,-1
728,103,1085.27,150.07,111.61,507.97,0.8149,-1,-1,-1
728,104,1186.01,99.58,245.59,716.48,0.8986,-1,-1,-1
728,87,292.93,145.34,167.97,615.39,0.5265,-1,-1,-1
728,4,943.95,186.44,124.73,437.43,0.8723,-1,-1,-1
729,95,1515.79,20.61,516.78,1042.63,0.6999,-1,-1,-1
729,88,567.55,0.79,373.83,1075.26,0.9421,-1,-1,-1
729,103,1075.47,146.47,113.25,509.28,0.8638,-1,-1,-1
729,104,1169.26,95.62,251.68,718.14,0.8967,-1,-1,-1
729,87,282.00,134.02,170.41,625.09,0.9068,-1,-1,-1
729,4,938.91,186.26,124.01,435.76,0.9058,-1,-1,-1
730,88,523.73,1.29,383.55,1075.03,0.9525,-1,-1,-1
730,103,1067.26,143.22,115.61,512.31,0.8843,-1,-1,-1
730,104,1157.76,94.76,257.05,715.05,0.9327,-1,-1,-1
730,87,271.02,127.05,171.97,629.99,0.8835,-1,-1,-1
730,4,932.09,185.65,126.45,435.20,0.9029,-1,-1,-1
731,88,478.29,1.59,393.43,1074.68,0.9429,-1,-1,-1
731,103,1059.92,139.98,117.22,514.80,0.8897,-1,-1,-1
731,104,1150.39,94.03,263.12,714.59,0.9293,-1,-1,-1
731,87,257.02,121.51,173.84,636.84,0.7459,-1,-1,-1
731,4,922.52,184.26,128.82,436.62,0.8882,-1,-1,-1
732,88,428.18,2.67,403.97,1069.31,0.9464,-1,-1,-1
732,103,1054.97,136.92,118.12,517.05,0.8924,-1,-1,-1
732,104,1135.71,89.25,272.12,719.22,0.9196,-1,-1,-1
732,87,240.80,112.74,173.95,644.32,0.7816,-1,-1,-1
732,4,917.41,183.37,132.16,436.96,0.8812,-1,-1,-1
733,88,352.64,1.04,422.82,1068.98,0.9285,-1,-1,-1
733,103,1048.64,133.56,118.35,516.49,0.8687,-1,-1,-1
733,104,1124.28,81.25,280.31,726.40,0.9110,-1,-1,-1
733,4,913.49,181.61,135.70,435.70,0.8854,-1,-1,-1
734,88,300.59,0.61,437.87,1068.29,0.9524,-1,-1,-1
734,103,1042.69,133.80,119.01,518.40,0.8725,-1,-1,-1
734,104,1105.66,79.99,289.25,736.91,0.9118,-1,-1,-1
734,4,904.07,181.92,136.44,434.59,0.9017,-1,-1,-1
734,98,748.40,226.16,118.20,381.88,0.5127,-1,-1,-1
735,88,247.35,1.97,453.75,1065.01,0.9149,-1,-1,-1
735,103,1033.53,137.23,118.68,518.38,0.8682,-1,-1,-1
735,104,1082.94,78.88,297.26,747.26,0.7948,-1,-1,-1
735,4,895.99,182.71,135.26,427.79,0.9149,-1,-1,-1
735,98,737.71,207.30,121.36,401.74,0.8028,-1,-1,-1
736,88,166.63,1.22,477.06,1065.72,0.9029,-1,-1,-1
736,103,1021.97,136.96,118.22,520.38,0.8057,-1,-1,-1
736,104,1061.55,77.01,295.91,737.42,0.9074,-1,-1,-1
736,4,889.10,181.22,136.63,432.11,0.9098,-1,-1,-1
736,98,722.49,188.86,123.16,403.12,0.6586,-1,-1,-1
737,88,105.73,2.53,498.12,1065.95,0.9195,-1,-1,-1
737,103,1008.98,138.67,116.25,518.00,0.6831,-1,-1,-1
737,104,1043.08,72.50,293.06,733.29,0.8966,-1,-1,-1
737,4,879.87,177.87,137.50,436.01,0.6889,-1,-1,-1
737,98,693.77,178.74,131.13,420.48,0.8151,-1,-1,-1
738,88,75.45,1.97,515.22,1064.91,0.9140,-1,-1,-1
738,103,995.16,141.82,112.57,513.49,0.4486,-1,-1,-1
738,104,1012.72,68.49,291.95,739.95,0.8946,-1,-1,-1
738,4,867.73,176.52,136.56,433.12,0.8705,-1,-1,-1
738,98,668.35,173.06,138.88,433.54,0.8535,-1,-1,-1
739,88,51.83,0.67,530.36,1069.90,0.9257,-1,-1,-1
739,104,979.84,67.99,285.41,738.67,0.8674,-1,-1,-1
739,4,848.74,176.13,136.85,433.87,0.9184,-1,-1,-1
739,98,643.97,167.14,145.07,443.43,0.8604,-1,-1,-1
740,88,27.00,2.75,535.56,1067.07,0.9271,-1,-1,-1
740,104,946.57,68.43,276.77,735.50,0.8811,-1,-1,-1
740,4,833.72,177.48,137.55,432.43,0.8991,-1,-1,-1
740,98,624.56,164.35,149.27,452.25,0.8779,-1,-1,-1
741,88,1.39,3.41,534.94,1063.49,0.8940,-1,-1,-1
741,104,918.37,67.24,274.93,750.74,0.9141,-1,-1,-1
741,4,822.05,177.31,138.36,433.50,0.8839,-1,-1,-1
741,98,607.04,161.57,153.43,458.63,0.9055,-1,-1,-1
742,88,-34.26,2.99,526.93,1063.32,0.8661,-1,-1,-1
742,104,892.97,66.47,272.37,759.44,0.8811,-1,-1,-1
742,4,809.31,177.53,139.48,435.97,0.8776,-1,-1,-1
742,98,590.49,157.62,157.14,464.40,0.9027,-1,-1,-1
743,88,-85.49,7.03,500.07,1052.08,0.7520,-1,-1,-1
743,104,872.32,66.37,269.35,764.22,0.8705,-1,-1,-1
743,4,799.64,179.58,139.37,435.37,0.8947,-1,-1,-1
743,98,577.39,156.10,159.20,470.75,0.8328,-1,-1,-1
744,104,839.15,64.28,267.31,766.32,0.8739,-1,-1,-1
744,4,783.48,181.14,140.08,434.94,0.8469,-1,-1,-1
744,98,559.99,156.17,162.30,476.75,0.8862,-1,-1,-1
745,104,808.40,60.75,267.36,765.78,0.8363,-1,-1,-1
745,4,767.37,180.60,138.67,431.37,0.7928,-1,-1,-1
745,98,543.58,156.27,166.67,485.70,0.8907,-1,-1,-1
745,106,1064.93,227.66,99.25,308.16,0.7492,-1,-1,-1
745,88,-96.25,44.76,372.83,827.72,0.9101,-1,-1,-1
746,104,764.41,57.76,276.55,779.49,0.8495,-1,-1,-1
746,4,751.38,180.97,136.01,426.42,0.8110,-1,-1,-1
746,98,524.26,154.59,170.52,493.38,0.8831,-1,-1,-1
746,106,1054.64,223.73,100.94,313.21,0.7893,-1,-1,-1
746,88,-91.91,54.16,329.62,774.49,0.8888,-1,-1,-1
747,104,731.38,54.15,285.24,783.31,0.8765,-1,-1,-1
747,4,732.69,183.12,128.35,404.87,0.6726,-1,-1,-1
747,98,506.42,154.66,173.97,498.27,0.8759,-1,-1,-1
747,106,1048.10,221.51,101.94,317.01,0.7630,-1,-1,-1
747,88,-93.27,54.85,306.84,766.11,0.8668,-1,-1,-1
748,104,699.13,53.78,294.39,784.53,0.9063,-1,-1,-1
748,4,713.67,175.73,125.64,403.39,0.5650,-1,-1,-1
748,98,491.27,152.68,177.14,502.00,0.8688,-1,-1,-1
748,106,1039.33,218.51,103.35,322.24,0.7356,-1,-1,-1
748,88,-93.80,62.17,286.28,762.26,0.8525,-1,-1,-1
749,104,691.06,52.85,299.00,784.04,0.7556,-1,-1,-1
749,4,695.82,183.59,114.99,375.34,0.3094,-1,-1,-1
749,98,473.95,149.33,183.19,514.39,0.8838,-1,-1,-1
749,106,1030.54,220.15,103.21,322.73,0.7392,-1,-1,-1
749,88,-85.95,95.02,255.83,726.01,0.7968,-1,-1,-1
750,104,670.36,52.87,307.87,790.80,0.8881,-1,-1,-1
750,98,455.28,151.13,183.21,514.93,0.7582,-1,-1,-1
750,106,1026.58,224.33,102.06,320.08,0.8000,-1,-1,-1
750,88,-75.09,159.55,217.93,659.70,0.7244,-1,-1,-1
751,104,652.07,52.23,317.58,799.91,0.9208,-1,-1,-1
751,98,441.86,151.80,187.70,525.14,0.7801,-1,-1,-1
751,106,1024.95,226.72,101.92,321.46,0.8004,-1,-1,-1
751,108,977.27,241.00,83.29,322.94,0.6956,-1,-1,-1
751,103,882.99,141.93,110.00,502.95,0.7778,-1,-1,-1
752,104,630.92,51.74,325.63,809.24,0.9116,-1,-1,-1
752,98,429.61,146.23,195.07,544.02,0.7351,-1,-1,-1
752,106,1023.69,227.22,101.98,323.43,0.8055,-1,-1,-1
752,108,973.47,243.29,84.63,326.84,0.7515,-1,-1,-1
752,103,872.54,140.85,113.30,514.06,0.6347,-1,-1,-1
753,104,612.89,47.61,332.48,819.69,0.9169,-1,-1,-1
753,98,421.57,145.24,197.70,545.47,0.6572,-1,-1,-1
753,106,1024.14,229.27,101.16,322.71,0.7444,-1,-1,-1
753,108,974.02,247.75,85.91,328.98,0.7809,-1,-1,-1
753,103,864.56,145.90,115.26,520.04,0.8312,-1,-1,-1
754,104,594.78,46.06,335.17,826.02,0.8821,-1,-1,-1
754,98,407.08,137.92,205.46,560.11,0.8670,-1,-1,-1
754,106,1023.52,231.74,101.64,325.62,0.7526,-1,-1,-1
754,108,972.19,249.69,87.42,330.88,0.7399,-1,-1,-1
754,103,858.81,150.38,117.13,522.55,0.8737,-1,-1,-1
754,110,1835.88,331.65,80.85,366.86,0.5801,-1,-1,-1
755,104,574.54,41.50,340.71,838.71,0.9217,-1,-1,-1
755,98,397.53,134.55,211.33,571.87,0.9022,-1,-1,-1
755,106,1025.56,231.27,101.75,327.18,0.7476,-1,-1,-1
755,108,970.96,249.54,89.41,333.78,0.7744,-1,-1,-1
755,103,853.66,152.00,119.36,524.59,0.8753,-1,-1,-1
755,110,1829.73,314.85,85.68,388.05,0.5909,-1,-1,-1
756,104,543.53,38.96,344.71,851.12,0.9025,-1,-1,-1
756,98,386.43,131.94,215.76,581.99,0.8940,-1,-1,-1
756,106,1027.31,230.37,102.84,330.61,0.7514,-1,-1,-1
756,108,968.38,249.19,91.47,336.53,0.7711,-1,-1,-1
756,103,850.64,153.58,121.39,525.22,0.8965,-1,-1,-1
756,110,1829.06,305.35,82.38,370.64,0.3162,-1,-1,-1
757,104,507.08,37.00,346.21,857.50,0.8865,-1,-1,-1
757,98,370.68,130.58,215.79,586.73,0.7976,-1,-1,-1
757,106,1029.26,230.19,103.71,332.18,0.7612,-1,-1,-1
757,108,966.27,249.13,94.05,341.06,0.8339,-1,-1,-1
757,103,847.99,156.81,123.44,523.13,0.8986,-1,-1,-1
757,110,1822.79,300.91,88.90,397.65,0.4480,-1,-1,-1
758,104,472.29,35.82,349.31,867.03,0.8464,-1,-1,-1
758,98,363.47,130.51,215.62,590.54,0.8213,-1,-1,-1
758,106,1038.69,227.83,102.00,321.46,0.7415,-1,-1,-1
758,108,968.31,250.01,96.72,343.82,0.8640,-1,-1,-1
758,103,847.79,161.79,124.55,521.01,0.9091,-1,-1,-1
758,110,1822.63,303.66,86.45,382.04,0.3256,-1,-1,-1
759,104,445.89,35.94,349.86,876.43,0.8162,-1,-1,-1
759,98,361.08,131.25,216.09,595.88,0.8470,-1,-1,-1
759,106,1042.28,228.15,106.47,334.68,0.7816,-1,-1,-1
759,108,970.84,252.56,98.93,345.75,0.8696,-1,-1,-1
759,103,846.53,166.22,125.70,521.30,0.9041,-1,-1,-1
760,104,426.32,40.86,345.33,879.16,0.8530,-1,-1,-1
760,98,358.37,131.21,218.52,607.17,0.8204,-1,-1,-1
760,106,1045.94,228.68,110.69,350.12,0.8007,-1,-1,-1
760,108,974.60,252.88,101.59,349.97,0.8679,-1,-1,-1
760,103,845.11,169.08,126.67,521.81,0.8995,-1,-1,-1
761,104,400.86,41.41,347.08,890.26,0.8268,-1,-1,-1
761,98,355.46,132.71,219.10,614.69,0.7349,-1,-1,-1
761,106,1050.97,229.37,111.10,353.41,0.8147,-1,-1,-1
761,108,977.89,253.77,104.24,353.48,0.8847,-1,-1,-1
761,103,845.26,170.38,127.91,524.18,0.8978,-1,-1,-1
761,111,704.65,201.13,150.87,441.30,0.8901,-1,-1,-1
762,104,380.31,40.16,350.22,899.83,0.8366,-1,-1,-1
762,98,350.89,135.62,218.01,617.36,0.7348,-1,-1,-1
762,106,1054.64,230.84,111.91,360.15,0.8412,-1,-1,-1
762,108,980.73,251.93,107.31,357.42,0.8746,-1,-1,-1
762,103,844.72,171.55,129.31,527.53,0.8929,-1,-1,-1
762,111,704.46,201.99,149.42,437.51,0.8905,-1,-1,-1
763,104,370.22,38.66,351.67,910.50,0.7916,-1,-1,-1
763,98,336.30,135.83,214.90,617.35,0.6940,-1,-1,-1
763,106,1059.72,232.09,112.22,363.20,0.8235,-1,-1,-1
763,108,985.01,251.37,110.55,360.38,0.8743,-1,-1,-1
763,103,846.23,172.08,129.75,526.89,0.8824,-1,-1,-1
763,111,704.12,203.41,152.15,445.87,0.9136,-1,-1,-1
764,104,344.01,37.58,357.86,917.87,0.8593,-1,-1,-1
764,98,321.92,128.89,215.57,626.87,0.4005,-1,-1,-1
764,106,1064.37,232.22,112.55,368.43,0.8162,-1,-1,-1
764,108,990.06,249.28,114.32,364.49,0.8561,-1,-1,-1
764,103,848.12,172.20,130.62,527.79,0.8939,-1,-1,-1
764,111,707.46,206.36,152.70,448.28,0.9036,-1,-1,-1
765,104,332.59,36.44,363.78,924.20,0.9002,-1,-1,-1
765,106,1068.86,230.23,113.54,376.43,0.7030,-1,-1,-1
765,108,994.55,248.89,118.40,368.99,0.8561,-1,-1,-1
765,103,852.71,171.15,130.52,521.06,0.8981,-1,-1,-1
765,111,710.08,208.00,152.45,448.52,0.9044,-1,-1,-1
766,104,320.25,33.45,371.05,931.28,0.9333,-1,-1,-1
766,106,1075.26,230.73,114.26,380.79,0.5492,-1,-1,-1
766,108,996.04,249.16,122.58,373.62,0.8786,-1,-1,-1
766,103,856.92,169.71,129.80,514.18,0.8897,-1,-1,-1
766,111,712.71,210.30,151.13,445.81,0.9014,-1,-1,-1
767,104,307.25,31.46,378.77,937.56,0.9370,-1,-1,-1
767,106,1083.90,226.92,116.41,387.60,0.7966,-1,-1,-1
767,108,996.30,250.18,127.33,377.03,0.8990,-1,-1,-1
767,103,858.57,166.82,130.31,512.09,0.8891,-1,-1,-1
767,111,715.08,211.87,149.66,442.91,0.9014,-1,-1,-1
767,112,637.22,273.17,94.44,339.11,0.8083,-1,-1,-1
768,104,291.88,31.04,386.47,942.19,0.9327,-1,-1,-1
768,106,1087.89,225.28,118.24,392.24,0.8313,-1,-1,-1
768,108,997.57,250.48,131.81,378.35,0.8917,-1,-1,-1
768,103,859.34,162.91,131.27,513.74,0.8933,-1,-1,-1
768,111,716.30,210.34,148.74,442.23,0.8970,-1,-1,-1
768,112,636.14,269.70,95.14,340.83,0.8252,-1,-1,-1
769,104,272.13,31.49,395.19,948.73,0.9407,-1,-1,-1
769,106,1089.12,225.59,119.34,396.05,0.8337,-1,-1,-1
769,108,997.30,249.94,137.55,382.73,0.8885,-1,-1,-1
769,103,858.26,160.28,133.03,516.78,0.9032,-1,-1,-1
769,111,716.98,209.12,147.05,439.23,0.6301,-1,-1,-1
769,112,634.94,266.83,96.24,343.74,0.8458,-1,-1,-1
770,104,249.02,26.45,405.86,961.00,0.9296,-1,-1,-1
770,106,1088.91,223.96,119.84,401.89,0.7772,-1,-1,-1
770,108,996.85,248.30,143.20,387.27,0.8788,-1,-1,-1
770,103,857.61,157.46,134.96,519.24,0.9064,-1,-1,-1
770,111,717.32,207.28,146.03,439.00,0.8924,-1,-1,-1
770,112,634.27,265.79,96.31,342.36,0.8530,-1,-1,-1
771,104,221.39,17.02,418.59,981.82,0.9316,-1,-1,-1
771,106,1089.32,220.21,120.31,408.63,0.7886,-1,-1,-1
771,108,994.50,244.61,148.99,393.43,0.8744,-1,-1,-1
771,103,854.47,154.16,137.17,521.40,0.9145,-1,-1,-1
771,111,715.82,199.92,146.02,442.62,0.9072,-1,-1,-1
771,112,632.49,259.02,97.24,343.69,0.8056,-1,-1,-1
772,104,196.51,12.86,422.95,983.03,0.9164,-1,-1,-1
772,106,1088.74,218.71,119.98,412.09,0.8443,-1,-1,-1
772,108,987.91,244.96,154.58,397.66,0.8845,-1,-1,-1
772,103,850.69,152.22,139.51,524.91,0.9180,-1,-1,-1
772,111,717.08,200.20,144.40,441.76,0.9081,-1,-1,-1
772,112,627.68,259.42,99.03,347.32,0.8754,-1,-1,-1
773,104,173.83,9.68,414.29,955.56,0.8879,-1,-1,-1
773,106,1087.78,214.36,120.48,416.95,0.8618,-1,-1,-1
773,108,982.34,243.26,160.19,402.73,0.8771,-1,-1,-1
773,103,845.14,152.19,140.53,526.71,0.9149,-1,-1,-1
773,111,714.83,199.42,142.40,440.42,0.8990,-1,-1,-1
773,112,622.99,259.22,100.24,348.90,0.9032,-1,-1,-1
774,104,145.66,5.95,410.45,948.87,0.9084,-1,-1,-1
774,106,1088.34,210.85,120.69,419.31,0.8548,-1,-1,-1
774,108,978.61,239.00,165.46,408.08,0.8938,-1,-1,-1
774,103,839.58,152.19,141.49,528.66,0.8976,-1,-1,-1
774,111,710.58,195.67,141.14,440.12,0.9023,-1,-1,-1
774,112,617.28,257.24,101.27,349.66,0.8854,-1,-1,-1
774,113,428.48,67.83,201.43,736.15,0.6064,-1,-1,-1
775,104,115.87,3.04,406.83,952.14,0.9110,-1,-1,-1
775,106,1086.69,205.78,121.89,423.29,0.8661,-1,-1,-1
775,108,974.54,233.45,171.20,414.78,0.9017,-1,-1,-1
775,103,829.36,152.60,140.36,527.00,0.8815,-1,-1,-1
775,111,706.45,191.51,140.77,441.04,0.9028,-1,-1,-1
775,112,612.03,252.49,103.76,355.62,0.8668,-1,-1,-1
775,113,409.74,59.19,211.54,772.58,0.8223,-1,-1,-1
776,104,88.28,0.12,405.56,963.83,0.8677,-1,-1,-1
776,106,1085.46,200.40,123.14,427.63,0.8801,-1,-1,-1
776,108,968.17,228.81,175.52,420.29,0.8926,-1,-1,-1
776,103,820.33,152.37,140.41,527.49,0.8517,-1,-1,-1
776,111,698.87,190.43,140.68,441.42,0.8935,-1,-1,-1
776,112,605.15,248.28,105.36,359.22,0.7806,-1,-1,-1
776,113,394.13,48.31,215.91,785.78,0.8043,-1,-1,-1
777,104,68.17,-0.68,399.20,963.01,0.9120,-1,-1,-1
777,106,1086.60,196.87,124.72,430.76,0.8912,-1,-1,-1
777,108,960.98,224.67,178.54,425.47,0.8763,-1,-1,-1
777,103,814.98,152.97,140.58,527.50,0.8728,-1,-1,-1
777,111,692.05,190.99,140.60,441.54,0.8733,-1,-1,-1
777,112,596.49,246.17,107.27,364.43,0.7928,-1,-1,-1
777,113,373.40,41.02,222.06,802.28,0.8477,-1,-1,-1
778,104,44.68,0.12,398.42,979.24,0.9284,-1,-1,-1
778,106,1085.73,193.74,126.97,437.56,0.8751,-1,-1,-1
778,108,954.52,221.50,180.42,429.18,0.8776,-1,-1,-1
778,103,812.05,153.37,140.61,527.77,0.8881,-1,-1,-1
778,111,682.64,189.64,141.91,447.35,0.8051,-1,-1,-1
778,112,588.73,245.26,106.97,362.94,0.8057,-1,-1,-1
778,113,356.55,35.35,232.13,830.68,0.8771,-1,-1,-1
779,104,19.65,-0.05,399.05,999.30,0.9253,-1,-1,-1
779,106,1082.78,193.45,127.77,440.82,0.8733,-1,-1,-1
779,108,951.32,217.30,181.65,434.48,0.8999,-1,-1,-1
779,103,805.07,155.11,139.75,523.39,0.8603,-1,-1,-1
779,111,673.95,189.75,140.46,442.87,0.8289,-1,-1,-1
779,112,578.53,243.23,108.55,365.82,0.8111,-1,-1,-1
779,113,345.46,29.99,241.19,857.02,0.8350,-1,-1,-1
780,104,-5.22,-0.68,394.10,1003.89,0.9321,-1,-1,-1
780,106,1080.13,193.10,129.32,444.85,0.8853,-1,-1,-1
780,108,946.50,214.42,181.90,438.75,0.9075,-1,-1,-1
780,103,795.33,154.70,141.50,527.96,0.8931,-1,-1,-1
780,111,664.91,189.15,141.59,446.87,0.8317,-1,-1,-1
780,112,570.85,243.23,108.59,363.86,0.7104,-1,-1,-1
780,113,333.08,25.37,249.24,879.78,0.8418,-1,-1,-1
781,104,-28.22,1.46,389.40,1007.88,0.9267,-1,-1,-1
781,106,1078.95,191.07,132.37,452.31,0.8847,-1,-1,-1
781,108,944.18,211.87,181.78,443.30,0.8984,-1,-1,-1
781,103,790.90,153.07,142.18,530.37,0.9082,-1,-1,-1
781,111,667.58,190.38,139.16,445.44,0.6773,-1,-1,-1
781,112,565.47,242.06,107.84,362.03,0.6523,-1,-1,-1
781,113,322.54,20.02,254.35,888.30,0.8432,-1,-1,-1
782,104,-42.03,2.55,382.43,1010.81,0.9326,-1,-1,-1
782,106,1079.22,188.75,134.77,454.58,0.8644,-1,-1,-1
782,108,940.93,208.65,183.21,451.96,0.9091,-1,-1,-1
782,103,787.58,152.48,142.41,530.11,0.9068,-1,-1,-1
782,111,668.18,190.16,137.95,445.97,0.7880,-1,-1,-1
782,112,554.29,240.97,111.84,377.19,0.6319,-1,-1,-1
782,113,308.25,12.26,264.05,907.47,0.9054,-1,-1,-1
783,104,-52.45,3.14,373.68,1014.53,0.9262,-1,-1,-1
783,106,1077.78,188.22,137.49,458.11,0.8799,-1,-1,-1
783,108,938.85,207.77,184.65,460.93,0.9137,-1,-1,-1
783,103,783.28,152.25,142.79,527.74,0.8950,-1,-1,-1
783,111,670.37,192.42,135.45,444.04,0.7615,-1,-1,-1
783,112,546.44,241.14,113.56,384.46,0.6582,-1,-1,-1
783,113,282.45,6.06,277.46,933.67,0.9159,-1,-1,-1
784,104,-58.65,4.58,363.57,1017.66,0.9192,-1,-1,-1
784,106,1076.35,187.93,141.25,464.82,0.8783,-1,-1,-1
784,108,937.12,205.52,186.37,471.13,0.9021,-1,-1,-1
784,103,782.08,151.62,142.56,528.03,0.8861,-1,-1,-1
784,111,672.20,192.71,133.67,444.93,0.8026,-1,-1,-1
784,112,541.63,241.78,113.37,385.30,0.6355,-1,-1,-1
784,113,263.03,0.52,291.65,962.53,0.9124,-1,-1,-1
785,104,-62.80,6.61,352.36,1019.78,0.9271,-1,-1,-1
785,106,1076.60,185.32,145.55,474.86,0.8918,-1,-1,-1
785,108,935.83,203.89,187.24,478.61,0.8896,-1,-1,-1
785,103,781.30,148.50,142.40,529.48,0.8829,-1,-1,-1
785,111,672.10,192.41,131.52,443.13,0.8094,-1,-1,-1
785,112,537.30,238.60,114.59,388.01,0.7294,-1,-1,-1
785,113,244.04,-1.25,301.09,978.35,0.9281,-1,-1,-1
786,104,-64.33,6.81,341.22,1022.83,0.6187,-1,-1,-1
786,106,1077.65,181.87,149.67,482.76,0.8897,-1,-1,-1
786,108,936.85,203.42,187.03,483.23,0.8835,-1,-1,-1
786,103,781.87,146.35,141.78,527.72,0.8981,-1,-1,-1
786,111,673.66,191.61,129.74,443.04,0.8182,-1,-1,-1
786,112,526.16,235.02,115.61,391.92,0.7629,-1,-1,-1
786,113,229.30,-2.32,309.23,990.61,0.9161,-1,-1,-1
787,104,-64.26,26.93,322.34,1003.49,0.8932,-1,-1,-1
787,106,1081.55,178.11,153.19,488.98,0.8918,-1,-1,-1
787,108,938.94,205.79,187.19,487.66,0.8892,-1,-1,-1
787,103,784.89,145.78,141.32,527.53,0.9051,-1,-1,-1
787,111,675.59,192.86,127.41,440.28,0.8432,-1,-1,-1
787,112,521.47,233.18,116.45,393.89,0.7299,-1,-1,-1
787,113,218.63,-2.19,315.33,995.42,0.9264,-1,-1,-1
788,104,-62.78,49.59,304.64,986.01,0.8896,-1,-1,-1
788,106,1084.97,176.91,156.58,495.74,0.8828,-1,-1,-1
788,108,942.56,207.81,188.13,492.77,0.8984,-1,-1,-1
788,103,787.69,146.34,140.51,525.22,0.9043,-1,-1,-1
788,111,675.39,191.89,125.99,439.93,0.8349,-1,-1,-1
788,112,517.10,234.18,116.57,396.94,0.7244,-1,-1,-1
788,113,205.25,-2.20,322.22,1003.04,0.9293,-1,-1,-1
789,104,-60.97,76.34,288.65,972.42,0.8727,-1,-1,-1
789,106,1083.07,173.13,159.71,504.32,0.8743,-1,-1,-1
789,108,940.85,208.22,191.33,501.29,0.8583,-1,-1,-1
789,103,788.28,147.96,139.59,523.82,0.9004,-1,-1,-1
789,111,678.57,192.96,126.81,444.83,0.8569,-1,-1,-1
789,112,509.07,230.29,118.23,408.10,0.4480,-1,-1,-1
789,113,191.81,-2.21,329.88,1013.59,0.9341,-1,-1,-1
789,114,603.93,248.42,107.70,381.10,0.8095,-1,-1,-1
790,104,-61.45,95.22,274.29,965.46,0.8495,-1,-1,-1
790,106,1084.49,169.83,161.89,509.86,0.8481,-1,-1,-1
790,108,942.29,204.12,195.53,508.78,0.7956,-1,-1,-1
790,103,790.41,148.24,138.96,522.94,0.8980,-1,-1,-1
790,111,684.51,193.52,125.16,439.96,0.8538,-1,-1,-1
790,112,508.52,227.14,115.42,401.35,0.4292,-1,-1,-1
790,113,181.95,-1.94,338.17,1025.68,0.9312,-1,-1,-1
790,114,604.28,249.29,108.61,384.15,0.7931,-1,-1,-1
791,104,-61.97,106.33,260.25,959.78,0.8194,-1,-1,-1
791,106,1091.05,168.87,164.39,514.35,0.8182,-1,-1,-1
791,108,953.62,200.41,198.91,519.66,0.8797,-1,-1,-1
791,103,795.81,150.63,138.32,522.25,0.8970,-1,-1,-1
791,111,689.27,195.00,126.95,445.95,0.8573,-1,-1,-1
791,112,511.91,229.95,116.71,406.28,0.6018,-1,-1,-1
791,113,171.54,-1.58,346.47,1036.19,0.9288,-1,-1,-1
791,114,607.14,251.92,109.02,384.85,0.8266,-1,-1,-1
792,104,-62.92,120.84,244.20,947.59,0.5759,-1,-1,-1
792,106,1103.09,167.72,163.05,507.06,0.7718,-1,-1,-1
792,108,963.04,198.78,201.44,525.19,0.8782,-1,-1,-1
792,103,802.93,154.41,136.97,520.27,0.8871,-1,-1,-1
792,111,693.45,195.56,128.83,452.50,0.8876,-1,-1,-1
792,112,512.37,232.73,117.93,411.28,0.7106,-1,-1,-1
792,113,170.86,-0.97,356.77,1046.19,0.9077,-1,-1,-1
792,114,612.64,257.20,109.06,384.45,0.8869,-1,-1,-1
793,106,1111.03,164.83,166.35,517.91,0.8908,-1,-1,-1
793,108,970.05,194.96,205.42,533.07,0.8619,-1,-1,-1
793,103,811.14,154.15,137.45,523.36,0.8851,-1,-1,-1
793,111,699.00,193.56,129.25,453.23,0.8807,-1,-1,-1
793,112,514.95,232.68,115.35,402.50,0.6238,-1,-1,-1
793,113,163.54,0.15,370.07,1055.58,0.9245,-1,-1,-1
793,114,617.87,256.85,110.45,388.78,0.8621,-1,-1,-1
794,106,1118.04,158.99,169.87,529.79,0.8763,-1,-1,-1
794,108,979.84,191.31,210.46,542.86,0.8326,-1,-1,-1
794,111,707.06,194.83,127.85,447.64,0.8717,-1,-1,-1
794,112,517.75,232.40,117.15,410.61,0.6841,-1,-1,-1
794,113,151.47,0.74,385.85,1070.92,0.9291,-1,-1,-1
794,114,621.95,256.45,112.03,391.97,0.8240,-1,-1,-1
795,106,1129.63,155.64,171.69,537.54,0.8830,-1,-1,-1
795,108,987.84,182.62,216.99,556.41,0.7065,-1,-1,-1
795,111,719.44,196.31,128.04,449.51,0.8561,-1,-1,-1
795,112,519.73,234.62,117.52,415.02,0.7344,-1,-1,-1
795,113,139.10,0.32,398.92,1074.85,0.9437,-1,-1,-1
795,114,625.62,256.48,113.59,395.11,0.8486,-1,-1,-1
795,103,832.00,157.15,137.74,526.59,0.9051,-1,-1,-1
796,106,1142.17,159.55,173.80,550.09,0.8928,-1,-1,-1
796,108,998.59,179.80,222.04,563.99,0.8803,-1,-1,-1
796,111,730.65,201.16,127.94,447.72,0.9028,-1,-1,-1
796,112,532.24,236.13,108.97,379.58,0.5472,-1,-1,-1
796,113,124.22,0.01,412.30,1075.32,0.9464,-1,-1,-1
796,114,630.89,258.01,115.08,399.55,0.3968,-1,-1,-1
796,117,-0.89,548.71,83.66,489.09,0.6368,-1,-1,-1
796,103,841.65,160.16,138.22,529.33,0.9061,-1,-1,-1
797,106,1152.25,160.84,177.64,569.43,0.8423,-1,-1,-1
797,108,1006.48,179.17,228.06,573.44,0.8695,-1,-1,-1
797,111,741.31,205.93,129.08,450.17,0.8931,-1,-1,-1
797,112,538.93,238.24,104.23,356.34,0.5488,-1,-1,-1
797,113,107.93,0.38,426.81,1074.54,0.9471,-1,-1,-1
797,114,631.31,258.68,118.36,406.23,0.8375,-1,-1,-1
797,103,850.54,164.88,137.68,530.72,0.8875,-1,-1,-1
798,108,1010.14,181.53,236.15,587.35,0.8764,-1,-1,-1
798,111,749.24,210.61,128.44,446.53,0.9076,-1,-1,-1
798,112,543.66,241.86,100.87,337.71,0.5471,-1,-1,-1
798,113,94.14,1.34,442.22,1069.02,0.9479,-1,-1,-1
798,114,636.77,259.73,120.57,411.82,0.8530,-1,-1,-1
798,103,858.14,169.01,137.58,533.81,0.8497,-1,-1,-1
799,108,1011.73,183.63,245.50,604.81,0.9023,-1,-1,-1
799,111,752.23,214.80,128.80,445.35,0.8946,-1,-1,-1
799,112,544.35,244.60,105.49,346.35,0.5984,-1,-1,-1
799,113,83.52,1.98,459.70,1067.05,0.9431,-1,-1,-1
799,114,641.30,261.72,121.44,414.73,0.8558,-1,-1,-1
799,103,863.63,175.30,137.38,532.44,0.8768,-1,-1,-1
799,106,1173.43,164.66,185.20,602.79,0.6633,-1,-1,-1
800,108,1015.19,185.67,253.84,621.63,0.8908,-1,-1,-1
800,111,756.78,221.57,128.78,442.78,0.7019,-1,-1,-1
800,112,543.83,247.95,110.81,357.10,0.5580,-1,-1,-1
800,113,76.47,1.97,475.56,1064.21,0.9428,-1,-1,-1
800,114,643.07,263.85,122.60,419.32,0.8516,-1,-1,-1
800,103,867.78,181.49,136.81,531.05,0.8781,-1,-1,-1
800,106,1182.94,165.05,185.30,612.64,0.8382,-1,-1,-1
801,108,1019.12,187.84,259.90,631.00,0.8856,-1,-1,-1
801,111,761.95,228.51,127.92,439.54,0.8846,-1,-1,-1
801,112,544.56,250.55,114.81,359.74,0.4935,-1,-1,-1
801,113,68.65,2.71,492.72,1068.79,0.9510,-1,-1,-1
801,114,644.32,266.52,123.53,422.33,0.8668,-1,-1,-1
801,103,870.57,187.27,135.89,529.36,0.8806,-1,-1,-1
801,106,1190.55,165.19,185.63,622.83,0.8524,-1,-1,-1
802,108,1019.28,190.37,267.48,641.55,0.8622,-1,-1,-1
802,111,769.44,231.35,125.93,436.43,0.8903,-1,-1,-1
802,112,541.58,251.83,117.31,359.15,0.5170,-1,-1,-1
802,113,66.17,3.20,509.19,1071.71,0.9329,-1,-1,-1
802,114,645.71,267.69,124.35,423.76,0.8441,-1,-1,-1
802,103,880.45,194.49,135.19,524.32,0.8990,-1,-1,-1
802,106,1198.46,167.57,188.07,638.40,0.8924,-1,-1,-1
803,108,1018.20,191.18,275.46,652.18,0.8923,-1,-1,-1
803,111,776.02,231.64,124.89,437.57,0.8951,-1,-1,-1
803,112,543.62,253.75,114.92,343.85,0.6361,-1,-1,-1
803,113,60.55,2.86,525.03,1077.27,0.8771,-1,-1,-1
803,114,645.52,269.73,126.00,428.43,0.8743,-1,-1,-1
803,103,886.65,195.39,136.16,527.72,0.9129,-1,-1,-1
803,106,1209.80,164.22,190.12,652.77,0.8375,-1,-1,-1
804,108,1014.21,190.17,288.21,674.05,0.9238,-1,-1,-1
804,111,781.54,231.87,122.85,433.72,0.8967,-1,-1,-1
804,112,541.53,255.72,117.20,345.29,0.4853,-1,-1,-1
804,113,46.64,2.17,534.69,1078.34,0.7776,-1,-1,-1
804,114,645.23,271.00,127.66,431.66,0.8767,-1,-1,-1
804,103,889.84,193.13,137.96,533.63,0.9138,-1,-1,-1
804,106,1224.65,164.66,189.45,654.98,0.8735,-1,-1,-1
805,108,1015.93,188.66,296.45,685.71,0.9175,-1,-1,-1
805,111,785.25,231.65,121.86,433.25,0.8938,-1,-1,-1
805,112,542.77,255.18,114.00,325.43,0.5047,-1,-1,-1
805,113,-10.92,3.08,524.36,1074.59,0.7469,-1,-1,-1
805,114,647.13,271.34,129.38,436.17,0.9037,-1,-1,-1
805,103,893.06,191.07,138.75,537.61,0.9054,-1,-1,-1
805,106,1237.28,160.53,191.19,660.76,0.9048,-1,-1,-1
806,108,1018.68,182.46,305.56,702.11,0.9253,-1,-1,-1
806,111,788.01,227.40,123.55,443.38,0.8857,-1,-1,-1
806,112,542.22,253.26,114.02,315.01,0.6394,-1,-1,-1
806,113,11.03,0.92,529.24,1071.94,0.8185,-1,-1,-1
806,114,647.75,270.96,130.56,440.57,0.9045,-1,-1,-1
806,103,898.19,186.72,137.90,537.20,0.8931,-1,-1,-1
806,106,1248.64,155.08,194.39,670.62,0.9018,-1,-1,-1
807,108,1025.13,176.31,311.51,714.60,0.9174,-1,-1,-1
807,111,792.49,226.94,123.24,445.91,0.8912,-1,-1,-1
807,112,537.26,249.38,119.06,318.89,0.5985,-1,-1,-1
807,113,12.02,0.11,533.07,1072.77,0.9013,-1,-1,-1
807,114,648.79,270.06,132.20,446.28,0.8952,-1,-1,-1
807,103,902.30,183.01,137.85,538.47,0.8999,-1,-1,-1
807,106,1259.65,146.96,199.21,684.13,0.9095,-1,-1,-1
808,108,1029.70,170.43,317.71,728.01,0.9270,-1,-1,-1
808,111,798.26,224.52,122.80,446.68,0.8916,-1,-1,-1
808,112,528.00,245.77,128.41,333.09,0.6541,-1,-1,-1
808,113,6.92,-0.17,534.79,1073.40,0.9339,-1,-1,-1
808,114,651.06,269.47,133.59,451.82,0.8945,-1,-1,-1
808,103,904.96,181.28,136.22,535.95,0.8718,-1,-1,-1
808,106,1271.64,139.27,204.95,699.05,0.9164,-1,-1,-1
809,108,1036.94,160.68,323.59,742.34,0.9349,-1,-1,-1
809,111,800.87,221.84,121.54,444.20,0.8994,-1,-1,-1
809,112,520.27,241.06,144.28,368.15,0.6992,-1,-1,-1
809,113,-3.45,0.75,530.86,1068.92,0.9472,-1,-1,-1
809,114,651.25,267.51,134.93,456.23,0.8867,-1,-1,-1
809,103,910.76,178.63,135.15,530.72,0.8821,-1,-1,-1
809,106,1282.11,128.94,210.76,715.28,0.9196,-1,-1,-1
810,108,1043.68,149.71,329.03,757.77,0.9370,-1,-1,-1
810,111,803.68,220.19,121.52,446.37,0.8869,-1,-1,-1
810,112,503.51,235.92,177.95,457.56,0.8630,-1,-1,-1
810,113,-16.50,0.82,525.37,1067.54,0.9148,-1,-1,-1
810,114,651.80,265.70,135.83,459.37,0.8844,-1,-1,-1
810,103,913.59,176.71,135.65,530.41,0.8869,-1,-1,-1
810,106,1292.15,120.91,216.98,729.36,0.8962,-1,-1,-1
811,108,1050.56,144.55,332.64,769.84,0.9268,-1,-1,-1
811,111,804.50,222.07,120.77,445.20,0.8948,-1,-1,-1
811,112,493.71,234.49,189.64,494.91,0.9049,-1,-1,-1
811,113,-35.65,1.63,515.49,1066.70,0.9297,-1,-1,-1
811,114,649.59,267.17,136.50,460.78,0.8994,-1,-1,-1
811,103,914.36,177.36,135.91,528.61,0.8866,-1,-1,-1
811,106,1299.79,117.33,223.65,744.29,0.9133,-1,-1,-1
812,108,1057.10,136.68,337.21,786.46,0.9182,-1,-1,-1
812,111,802.48,220.31,120.35,445.99,0.8876,-1,-1,-1
812,112,488.02,231.22,195.08,516.41,0.8963,-1,-1,-1
812,113,-52.42,0.76,504.32,1069.99,0.8477,-1,-1,-1
812,114,649.92,265.29,138.36,466.06,0.8798,-1,-1,-1
812,103,914.63,175.65,136.91,529.82,0.8907,-1,-1,-1
812,106,1308.44,113.54,232.48,766.45,0.9132,-1,-1,-1
812,120,346.11,99.33,176.89,722.01,0.8351,-1,-1,-1
813,108,1062.80,127.11,340.16,799.96,0.9083,-1,-1,-1
813,111,799.33,218.10,120.53,448.11,0.8923,-1,-1,-1
813,112,483.66,227.16,196.74,528.78,0.8814,-1,-1,-1
813,113,-57.71,0.67,471.62,1027.38,0.6810,-1,-1,-1
813,114,644.94,261.83,143.20,477.22,0.8565,-1,-1,-1
813,103,914.92,172.79,137.53,529.47,0.8968,-1,-1,-1
813,106,1313.77,109.25,242.03,791.69,0.9203,-1,-1,-1
813,120,317.10,75.96,191.87,781.70,0.8965,-1,-1,-1
814,108,1068.41,114.28,348.42,830.62,0.8889,-1,-1,-1
814,111,796.34,217.16,120.71,448.67,0.8998,-1,-1,-1
814,112,479.51,223.63,197.55,539.99,0.8604,-1,-1,-1
814,113,-62.90,1.08,466.14,1044.46,0.7245,-1,-1,-1
814,114,636.88,258.40,147.91,484.93,0.8535,-1,-1,-1
814,103,913.61,171.10,138.31,529.36,0.8954,-1,-1,-1
814,106,1320.18,104.68,249.43,811.56,0.9257,-1,-1,-1
814,120,284.87,58.28,203.17,822.18,0.9138,-1,-1,-1
815,108,1076.18,108.91,358.04,868.52,0.8833,-1,-1,-1
815,111,794.21,217.35,121.01,449.42,0.9021,-1,-1,-1
815,112,476.63,221.51,196.91,547.39,0.8387,-1,-1,-1
815,113,-80.26,1.74,451.78,1053.62,0.3894,-1,-1,-1
815,114,634.91,255.44,152.03,493.77,0.8493,-1,-1,-1
815,103,912.23,170.99,139.35,531.10,0.8882,-1,-1,-1
815,106,1329.03,101.96,253.63,819.03,0.9168,-1,-1,-1
815,120,259.46,47.74,210.72,842.92,0.9336,-1,-1,-1
816,108,1081.54,108.89,362.23,896.30,0.8769,-1,-1,-1
816,111,790.77,219.42,121.89,449.42,0.9033,-1,-1,-1
816,112,470.60,220.42,195.84,552.48,0.7650,-1,-1,-1
816,114,633.49,253.10,154.64,498.67,0.8559,-1,-1,-1
816,103,911.12,171.96,140.29,532.52,0.8931,-1,-1,-1
816,106,1332.66,98.80,260.17,833.51,0.9113,-1,-1,-1
816,120,245.34,37.74,217.31,857.78,0.9205,-1,-1,-1
817,108,1084.56,109.66,368.61,930.85,0.8256,-1,-1,-1
817,111,786.83,222.12,122.66,448.67,0.9058,-1,-1,-1
817,112,463.59,218.02,196.03,558.81,0.4754,-1,-1,-1
817,114,633.28,250.88,155.56,502.74,0.8664,-1,-1,-1
817,103,911.34,173.00,141.04,532.50,0.8884,-1,-1,-1
817,106,1337.11,94.83,271.46,864.79,0.9107,-1,-1,-1
817,120,233.96,31.71,224.17,870.57,0.9274,-1,-1,-1
818,108,1092.08,106.45,365.25,936.89,0.9317,-1,-1,-1
818,111,783.36,225.12,123.79,449.81,0.9016,-1,-1,-1
818,112,453.00,216.30,199.38,571.48,0.6674,-1,-1,-1
818,114,630.01,249.62,156.75,505.89,0.8860,-1,-1,-1
818,103,910.98,177.36,140.66,530.44,0.8824,-1,-1,-1
818,106,1340.51,89.20,280.51,888.26,0.9198,-1,-1,-1
818,120,221.73,26.26,234.73,897.75,0.9350,-1,-1,-1
818,122,1054.91,304.72,78.40,260.88,0.6946,-1,-1,-1
819,108,1098.91,104.60,364.59,948.22,0.9285,-1,-1,-1
819,111,780.35,225.38,123.97,447.06,0.9010,-1,-1,-1
819,112,440.66,214.08,201.96,579.40,0.8757,-1,-1,-1
819,114,621.46,248.51,159.16,512.59,0.8767,-1,-1,-1
819,103,906.13,178.33,141.59,534.81,0.8904,-1,-1,-1
819,106,1342.64,80.72,290.79,915.11,0.9159,-1,-1,-1
819,120,206.21,19.84,247.09,931.64,0.9393,-1,-1,-1
819,122,1054.97,305.79,78.12,259.17,0.6186,-1,-1,-1
820,108,1105.31,101.62,366.53,966.36,0.9113,-1,-1,-1
820,111,776.14,226.04,124.46,443.16,0.9039,-1,-1,-1
820,112,430.15,212.15,204.49,585.51,0.8574,-1,-1,-1
820,114,619.38,245.25,161.85,519.44,0.8871,-1,-1,-1
820,103,904.03,178.43,142.16,537.77,0.9008,-1,-1,-1
820,106,1343.58,70.15,301.32,943.81,0.9036,-1,-1,-1
820,120,189.69,13.00,260.14,969.60,0.9422,-1,-1,-1
820,122,1056.18,305.23,79.29,261.24,0.5179,-1,-1,-1
821,108,1113.54,97.31,367.64,979.55,0.9313,-1,-1,-1
821,111,770.10,225.22,126.16,442.47,0.9007,-1,-1,-1
821,112,424.40,212.17,206.11,589.60,0.8608,-1,-1,-1
821,114,618.53,241.28,165.14,526.76,0.9118,-1,-1,-1
821,103,903.82,178.90,142.35,538.73,0.9035,-1,-1,-1
821,106,1349.87,55.68,305.83,952.81,0.8784,-1,-1,-1
821,120,177.81,8.13,269.82,993.49,0.9373,-1,-1,-1
821,122,1060.64,303.60,80.16,262.26,0.7314,-1,-1,-1
822,108,1123.40,84.79,371.19,997.32,0.9314,-1,-1,-1
822,111,767.78,223.36,128.66,444.70,0.8994,-1,-1,-1
822,112,416.74,211.87,209.28,596.80,0.8285,-1,-1,-1
822,114,614.27,236.79,168.76,532.84,0.9136,-1,-1,-1
822,103,903.85,178.84,142.26,538.09,0.9027,-1,-1,-1
822,106,1357.69,41.15,310.57,967.92,0.9066,-1,-1,-1
822,120,164.32,5.63,276.74,1006.55,0.9467,-1,-1,-1
822,122,1060.25,302.38,81.29,262.64,0.8000,-1,-1,-1
823,108,1132.50,66.01,376.91,1019.14,0.9213,-1,-1,-1
823,111,763.54,218.35,131.73,449.22,0.8999,-1,-1,-1
823,112,410.97,209.82,212.36,605.09,0.8565,-1,-1,-1
823,114,611.19,232.74,172.65,541.08,0.9160,-1,-1,-1
823,103,904.20,178.43,142.36,536.91,0.9052,-1,-1,-1
823,106,1369.71,18.15,308.90,963.73,0.9121,-1,-1,-1
823,120,149.49,1.60,284.69,1022.95,0.9531,-1,-1,-1
823,122,1059.37,301.61,82.38,262.47,0.8196,-1,-1,-1
824,108,1138.15,46.98,381.84,1037.30,0.9113,-1,-1,-1
824,111,760.22,213.42,135.21,453.80,0.8932,-1,-1,-1
824,112,406.47,205.87,214.61,612.32,0.8802,-1,-1,-1
824,114,607.01,229.28,176.78,551.14,0.9027,-1,-1,-1
824,103,905.35,177.64,143.02,537.38,0.8986,-1,-1,-1
824,106,1380.97,6.05,310.61,972.26,0.9196,-1,-1,-1
824,120,135.29,-2.03,295.15,1050.83,0.9147,-1,-1,-1
824,122,1060.38,301.65,83.61,262.77,0.8200,-1,-1,-1
825,108,1143.90,29.07,388.84,1053.21,0.8973,-1,-1,-1
825,111,758.52,210.87,137.36,452.81,0.8917,-1,-1,-1
825,112,401.86,202.03,216.76,619.40,0.8828,-1,-1,-1
825,114,602.29,227.60,181.97,565.67,0.8737,-1,-1,-1
825,103,908.36,176.00,143.45,537.98,0.9008,-1,-1,-1
825,106,1391.64,0.93,317.86,1006.01,0.9207,-1,-1,-1
825,120,122.35,-2.86,301.49,1061.64,0.8984,-1,-1,-1
825,122,1062.03,301.62,84.70,262.69,0.7517,-1,-1,-1
826,108,1151.59,14.00,398.74,1066.90,0.9175,-1,-1,-1
826,111,756.43,209.34,139.85,453.66,0.8897,-1,-1,-1
826,112,397.30,199.19,219.44,627.67,0.8662,-1,-1,-1
826,114,598.65,227.58,186.80,578.71,0.7871,-1,-1,-1
826,103,910.18,174.63,144.01,538.95,0.8948,-1,-1,-1
826,106,1401.11,-0.38,324.58,1043.31,0.9143,-1,-1,-1
826,120,110.40,-3.25,303.33,1052.85,0.9159,-1,-1,-1
826,122,1064.20,301.08,86.03,262.79,0.7280,-1,-1,-1
827,108,1160.32,4.77,409.32,1074.01,0.9392,-1,-1,-1
827,111,755.04,208.15,141.72,452.34,0.8794,-1,-1,-1
827,112,392.20,195.95,222.28,636.69,0.8552,-1,-1,-1
827,114,596.25,227.82,189.10,583.95,0.7800,-1,-1,-1
827,103,911.84,172.16,144.66,538.76,0.8913,-1,-1,-1
827,106,1421.25,-0.75,325.40,1071.29,0.8981,-1,-1,-1
827,120,92.93,-3.11,312.28,1071.65,0.9336,-1,-1,-1
827,122,1066.45,299.81,87.50,263.46,0.7366,-1,-1,-1
828,108,1173.40,3.06,420.20,1071.85,0.9310,-1,-1,-1
828,111,753.28,206.62,143.86,452.28,0.8830,-1,-1,-1
828,112,385.59,191.13,224.74,645.37,0.9133,-1,-1,-1
828,114,594.43,227.16,190.87,586.99,0.7330,-1,-1,-1
828,103,912.71,170.62,144.77,534.59,0.8844,-1,-1,-1
828,106,1445.57,-1.45,319.58,1077.42,0.9028,-1,-1,-1
828,120,77.30,-2.63,318.35,1079.17,0.9417,-1,-1,-1
828,122,1068.56,296.63,90.02,266.94,0.7784,-1,-1,-1
829,108,1187.97,2.90,434.24,1069.24,0.9374,-1,-1,-1
829,111,754.18,208.29,146.20,452.61,0.8811,-1,-1,-1
829,112,381.04,189.57,225.11,651.56,0.9018,-1,-1,-1
829,114,591.79,228.50,193.83,594.45,0.4526,-1,-1,-1
829,103,916.37,173.97,143.86,525.41,0.8664,-1,-1,-1
829,106,1468.61,-0.11,312.30,1070.96,0.8142,-1,-1,-1
829,120,63.87,-1.24,322.54,1076.68,0.9453,-1,-1,-1
829,122,1073.43,297.76,91.35,267.27,0.8175,-1,-1,-1
830,108,1200.74,2.27,452.41,1070.03,0.9326,-1,-1,-1
830,111,757.41,210.49,148.94,453.17,0.8585,-1,-1,-1
830,112,380.26,189.26,225.48,656.83,0.8130,-1,-1,-1
830,114,588.86,230.53,200.40,614.14,0.8918,-1,-1,-1
830,103,924.02,178.07,142.81,516.67,0.8434,-1,-1,-1
830,106,1496.98,-1.90,307.80,1074.22,0.8326,-1,-1,-1
830,120,49.09,-0.99,328.48,1074.10,0.9494,-1,-1,-1
830,122,1077.34,298.50,92.81,268.08,0.8242,-1,-1,-1
831,108,1216.87,3.32,474.34,1069.92,0.9285,-1,-1,-1
831,111,759.89,212.00,149.72,451.77,0.8714,-1,-1,-1
831,112,375.89,188.20,228.59,669.99,0.9211,-1,-1,-1
831,114,586.29,229.77,205.06,628.04,0.8907,-1,-1,-1
831,103,926.81,177.65,144.03,514.71,0.8656,-1,-1,-1
831,106,1528.82,-0.88,303.10,1069.48,0.8412,-1,-1,-1
831,120,37.72,-1.00,336.98,1077.31,0.9537,-1,-1,-1
831,122,1082.00,296.77,94.93,270.00,0.7704,-1,-1,-1
832,108,1222.89,3.86,496.79,1070.08,0.9327,-1,-1,-1
832,111,761.48,213.15,150.26,450.39,0.8830,-1,-1,-1
832,112,373.51,188.61,230.31,679.44,0.9232,-1,-1,-1
832,114,583.50,228.97,207.93,636.65,0.8817,-1,-1,-1
832,103,933.33,177.79,144.49,512.84,0.8615,-1,-1,-1
832,106,1560.59,-0.37,300.03,1067.99,0.7556,-1,-1,-1
832,120,32.61,-1.17,345.94,1080.74,0.9562,-1,-1,-1
832,122,1085.55,295.20,98.87,279.30,0.7701,-1,-1,-1
833,108,1235.12,3.05,522.68,1069.83,0.9327,-1,-1,-1
833,111,762.85,214.76,151.38,449.41,0.8938,-1,-1,-1
833,112,371.02,187.99,233.10,692.06,0.9222,-1,-1,-1
833,114,581.53,226.81,211.10,646.44,0.8791,-1,-1,-1
833,103,934.27,176.00,147.12,516.30,0.8580,-1,-1,-1
833,106,1593.74,-0.89,297.49,1064.15,0.5060,-1,-1,-1
833,120,30.47,-1.39,354.02,1081.82,0.9578,-1,-1,-1
833,122,1091.40,293.35,100.18,281.04,0.8095,-1,-1,-1
834,108,1242.74,2.37,549.11,1069.62,0.9344,-1,-1,-1
834,111,769.37,217.83,152.46,448.36,0.8881,-1,-1,-1
834,112,365.65,187.75,237.12,708.85,0.9178,-1,-1,-1
834,114,579.50,224.64,213.85,654.61,0.8817,-1,-1,-1
834,103,940.02,176.46,148.93,520.26,0.8730,-1,-1,-1
834,106,1616.12,-1.52,300.03,1072.12,0.6031,-1,-1,-1
834,120,29.66,-1.37,361.15,1080.41,0.9561,-1,-1,-1
834,122,1096.29,296.31,99.83,277.96,0.7409,-1,-1,-1
835,108,1241.62,0.98,572.84,1071.19,0.9446,-1,-1,-1
835,111,775.03,220.87,153.98,449.01,0.8941,-1,-1,-1
835,112,362.80,189.03,239.66,721.60,0.9208,-1,-1,-1
835,114,578.77,222.55,216.67,662.78,0.8855,-1,-1,-1
835,103,946.81,176.86,150.57,524.38,0.8564,-1,-1,-1
835,120,29.74,-0.07,366.62,1074.07,0.9533,-1,-1,-1
835,122,1101.52,295.45,102.26,283.69,0.8080,-1,-1,-1
836,108,1241.34,0.21,591.19,1069.16,0.9425,-1,-1,-1
836,111,780.96,223.47,153.89,448.73,0.8959,-1,-1,-1
836,112,361.30,189.87,241.33,734.26,0.9144,-1,-1,-1
836,114,578.01,220.20,221.01,672.97,0.8973,-1,-1,-1
836,103,951.01,178.84,151.58,526.14,0.8276,-1,-1,-1
836,120,27.85,0.45,372.66,1071.91,0.9514,-1,-1,-1
836,122,1110.40,296.03,102.60,283.84,0.8128,-1,-1,-1
837,108,1242.87,2.71,605.17,1065.14,0.9434,-1,-1,-1
837,111,786.13,224.63,155.47,451.29,0.9006,-1,-1,-1
837,112,361.45,189.20,243.00,746.28,0.9156,-1,-1,-1
837,114,577.84,216.94,225.36,682.12,0.9112,-1,-1,-1
837,103,953.98,183.62,151.79,524.73,0.8607,-1,-1,-1
837,120,26.28,-0.01,378.77,1071.51,0.9514,-1,-1,-1
837,122,1117.41,296.67,103.71,287.86,0.8421,-1,-1,-1
838,108,1253.89,4.35,615.90,1065.78,0.9057,-1,-1,-1
838,111,794.91,224.42,158.00,453.62,0.8770,-1,-1,-1
838,112,361.40,186.43,245.24,758.15,0.9160,-1,-1,-1
838,114,578.20,215.14,228.30,687.84,0.9066,-1,-1,-1
838,103,961.57,190.01,151.54,520.83,0.8830,-1,-1,-1
838,120,25.16,-0.52,384.39,1070.71,0.9497,-1,-1,-1
838,122,1123.60,298.67,103.19,287.43,0.8208,-1,-1,-1
839,108,1278.65,4.34,619.33,1065.93,0.9271,-1,-1,-1
839,111,804.21,224.50,159.38,453.66,0.8597,-1,-1,-1
839,112,359.84,184.90,248.65,774.67,0.9126,-1,-1,-1
839,114,581.02,211.15,231.42,694.97,0.9043,-1,-1,-1
839,103,967.45,192.31,152.02,521.41,0.8910,-1,-1,-1
839,120,24.35,-0.66,389.85,1070.00,0.9518,-1,-1,-1
839,122,1129.66,296.75,103.84,289.72,0.8038,-1,-1,-1
840,108,1322.42,1.77,613.89,1067.22,0.8507,-1,-1,-1
840,111,808.16,223.34,158.65,453.15,0.8692,-1,-1,-1
840,112,359.80,182.35,250.12,783.45,0.8923,-1,-1,-1
840,114,583.46,205.17,234.84,702.21,0.9062,-1,-1,-1
840,103,970.97,193.23,152.27,520.75,0.8787,-1,-1,-1
840,120,22.56,-0.12,395.01,1069.93,0.9510,-1,-1,-1
840,122,1136.48,295.09,105.21,293.27,0.7368,-1,-1,-1
841,108,1370.91,1.55,599.27,1064.18,0.9501,-1,-1,-1
841,111,816.76,219.42,159.87,455.71,0.8848,-1,-1,-1
841,112,357.66,175.48,251.83,793.22,0.8925,-1,-1,-1
841,114,586.50,198.84,237.61,708.12,0.9000,-1,-1,-1
841,103,975.88,192.08,152.18,521.86,0.8882,-1,-1,-1
841,120,20.95,-0.40,399.57,1069.21,0.9510,-1,-1,-1
841,122,1145.30,294.21,105.31,294.90,0.7980,-1,-1,-1
841,124,1385.31,231.55,136.84,512.04,0.7283,-1,-1,-1
842,108,1426.40,2.05,578.26,1063.06,0.8967,-1,-1,-1
842,111,825.93,218.68,160.67,453.26,0.9067,-1,-1,-1
842,112,353.95,164.42,254.88,808.02,0.9038,-1,-1,-1
842,114,587.40,193.54,240.51,713.79,0.9013,-1,-1,-1
842,103,981.48,189.73,152.33,523.19,0.9004,-1,-1,-1
842,120,18.21,-0.16,403.63,1069.53,0.9427,-1,-1,-1
842,122,1150.19,293.46,105.24,294.53,0.7735,-1,-1,-1
842,124,1402.75,228.13,174.31,650.24,0.9043,-1,-1,-1
843,111,831.31,216.23,160.36,450.03,0.9175,-1,-1,-1
843,112,352.31,152.13,257.62,822.74,0.9002,-1,-1,-1
843,114,586.09,186.97,246.46,729.34,0.8909,-1,-1,-1
843,103,989.40,183.28,152.88,526.73,0.8690,-1,-1,-1
843,120,15.92,0.35,406.26,1067.44,0.9446,-1,-1,-1
843,122,1157.77,291.20,104.66,294.09,0.7359,-1,-1,-1
843,124,1424.39,214.90,192.29,711.55,0.9238,-1,-1,-1
844,111,834.29,212.07,159.86,446.22,0.9237,-1,-1,-1
844,112,347.36,140.11,260.74,834.90,0.9033,-1,-1,-1
844,114,585.27,180.20,253.25,751.16,0.8959,-1,-1,-1
844,103,995.61,176.72,153.59,529.23,0.8727,-1,-1,-1
844,120,10.96,-0.12,405.93,1061.49,0.9242,-1,-1,-1
844,122,1163.55,283.77,105.81,299.72,0.8179,-1,-1,-1
844,124,1441.97,204.54,205.11,751.25,0.9169,-1,-1,-1
844,125,761.26,228.25,84.77,253.22,0.5669,-1,-1,-1
844,108,1527.62,3.11,540.68,1060.95,0.5247,-1,-1,-1
845,111,836.84,206.56,161.96,447.66,0.9115,-1,-1,-1
845,112,339.54,129.82,264.82,845.43,0.8950,-1,-1,-1
845,114,585.07,172.50,259.88,771.97,0.8927,-1,-1,-1
845,103,997.60,170.98,153.32,531.53,0.8354,-1,-1,-1
845,120,4.72,0.86,407.55,1064.69,0.8326,-1,-1,-1
845,122,1166.92,277.65,106.68,304.22,0.8289,-1,-1,-1
845,124,1459.40,195.44,215.37,778.97,0.9227,-1,-1,-1
845,125,762.47,220.28,85.67,255.74,0.6007,-1,-1,-1
845,108,1582.93,5.25,500.86,1057.56,0.6905,-1,-1,-1
846,111,838.87,202.60,163.93,450.21,0.8988,-1,-1,-1
846,112,329.74,119.81,270.59,858.78,0.8961,-1,-1,-1
846,114,583.63,165.64,263.36,784.73,0.8771,-1,-1,-1
846,103,1001.15,166.83,152.60,532.33,0.7753,-1,-1,-1
846,120,-4.48,2.34,407.90,1070.67,0.7445,-1,-1,-1
846,122,1170.19,276.65,105.69,301.97,0.8521,-1,-1,-1
846,124,1467.79,188.86,222.93,796.33,0.9311,-1,-1,-1
846,125,764.07,214.33,86.43,258.09,0.5130,-1,-1,-1
847,111,839.60,196.61,164.96,451.18,0.8990,-1,-1,-1
847,112,324.20,109.46,277.81,874.88,0.8793,-1,-1,-1
847,114,582.93,157.82,267.99,802.23,0.8867,-1,-1,-1
847,103,1004.09,161.32,150.56,525.70,0.8489,-1,-1,-1
847,120,-18.04,3.56,401.18,1066.91,0.7756,-1,-1,-1
847,122,1177.43,273.93,104.30,299.24,0.7798,-1,-1,-1
847,124,1475.09,183.63,227.13,803.98,0.9241,-1,-1,-1
847,125,763.99,208.80,86.43,257.30,0.5501,-1,-1,-1
848,111,839.71,190.93,167.11,453.53,0.9104,-1,-1,-1
848,112,314.75,100.33,282.47,884.71,0.8999,-1,-1,-1
848,114,577.37,150.75,272.64,818.37,0.8915,-1,-1,-1
848,103,1004.51,154.23,149.60,521.71,0.8486,-1,-1,-1
848,120,-39.07,3.80,386.99,1057.31,0.7344,-1,-1,-1
848,122,1179.28,269.56,103.82,299.62,0.8011,-1,-1,-1
848,124,1483.51,177.70,231.99,815.84,0.9206,-1,-1,-1
848,125,763.29,202.87,85.65,253.55,0.4809,-1,-1,-1
849,111,837.91,189.38,168.73,454.35,0.9186,-1,-1,-1
849,112,303.24,93.60,289.24,903.33,0.9224,-1,-1,-1
849,114,565.20,146.34,284.19,855.24,0.9152,-1,-1,-1
849,103,1002.02,148.94,148.67,519.93,0.8535,-1,-1,-1
849,120,-64.77,5.33,369.34,1054.55,0.3186,-1,-1,-1
849,122,1178.54,267.34,103.81,301.36,0.8416,-1,-1,-1
849,124,1492.52,174.41,240.40,841.84,0.9230,-1,-1,-1
849,125,759.63,201.21,85.25,249.80,0.4805,-1,-1,-1
850,111,835.14,187.78,169.75,453.64,0.9247,-1,-1,-1
850,112,290.72,84.86,295.63,920.85,0.9188,-1,-1,-1
850,114,558.29,140.20,291.06,878.23,0.9150,-1,-1,-1
850,103,1001.29,144.53,147.55,518.18,0.8634,-1,-1,-1
850,122,1178.51,263.64,103.30,302.04,0.6172,-1,-1,-1
850,124,1502.30,172.03,245.57,857.39,0.9185,-1,-1,-1
850,125,754.78,200.48,85.09,245.75,0.6455,-1,-1,-1
851,111,832.27,184.08,171.54,456.33,0.9154,-1,-1,-1
851,112,277.78,76.24,301.98,937.49,0.9207,-1,-1,-1
851,114,553.00,132.95,296.33,895.82,0.9258,-1,-1,-1
851,103,1001.04,140.58,147.24,518.51,0.8707,-1,-1,-1
851,122,1175.23,256.99,105.64,306.89,0.8153,-1,-1,-1
851,124,1514.17,166.24,250.33,870.61,0.9340,-1,-1,-1
851,125,752.69,197.34,85.73,244.05,0.3193,-1,-1,-1
852,111,829.97,181.31,172.13,454.63,0.9040,-1,-1,-1
852,112,263.07,66.74,309.65,958.14,0.9209,-1,-1,-1
852,114,546.20,121.55,301.97,913.43,0.9301,-1,-1,-1
852,103,1000.76,136.09,147.43,519.19,0.8629,-1,-1,-1
852,122,1176.32,251.92,105.31,308.73,0.8068,-1,-1,-1
852,124,1526.60,160.64,254.84,881.05,0.9290,-1,-1,-1
853,111,826.69,178.81,171.67,452.31,0.9003,-1,-1,-1
853,112,247.27,57.01,319.39,987.17,0.9278,-1,-1,-1
853,114,539.28,109.76,307.62,930.38,0.9349,-1,-1,-1
853,103,1000.39,129.42,148.80,522.56,0.8473,-1,-1,-1
853,122,1178.31,245.30,106.14,313.36,0.8243,-1,-1,-1
853,124,1537.65,147.84,261.72,898.32,0.9308,-1,-1,-1
854,111,824.45,177.03,171.94,453.31,0.9072,-1,-1,-1
854,112,228.59,48.90,329.00,1014.59,0.9451,-1,-1,-1
854,114,534.44,99.48,312.79,946.29,0.9318,-1,-1,-1
854,103,994.50,127.23,150.22,523.35,0.8526,-1,-1,-1
854,122,1176.03,242.01,106.00,315.00,0.7908,-1,-1,-1
854,124,1545.28,137.51,269.05,915.89,0.9326,-1,-1,-1
855,111,822.36,174.70,171.56,454.35,0.9123,-1,-1,-1
855,112,213.38,39.32,333.75,1025.13,0.9268,-1,-1,-1
855,114,524.76,88.24,319.37,963.66,0.9302,-1,-1,-1
855,103,990.03,126.34,151.96,523.30,0.8649,-1,-1,-1
855,122,1171.02,239.06,105.97,316.67,0.7165,-1,-1,-1
855,124,1554.86,127.57,275.46,929.52,0.9310,-1,-1,-1
856,111,818.52,171.20,171.91,454.75,0.8821,-1,-1,-1
856,112,192.53,28.43,340.93,1043.32,0.9289,-1,-1,-1
856,114,516.35,75.62,326.62,981.60,0.9384,-1,-1,-1
856,103,989.28,124.11,153.74,525.03,0.8992,-1,-1,-1
856,122,1169.04,235.23,105.70,318.56,0.7409,-1,-1,-1
856,124,1561.71,111.88,285.40,949.90,0.9328,-1,-1,-1
857,111,812.95,167.47,173.05,455.33,0.8984,-1,-1,-1
857,112,182.99,18.74,344.37,1056.44,0.9182,-1,-1,-1
857,114,505.61,65.01,334.41,999.16,0.9407,-1,-1,-1
857,103,986.14,122.93,155.49,525.95,0.9001,-1,-1,-1
857,122,1167.28,230.23,106.19,321.69,0.7862,-1,-1,-1
857,124,1564.83,103.42,294.30,961.26,0.9287,-1,-1,-1
858,111,804.20,161.84,174.79,460.48,0.8908,-1,-1,-1
858,112,146.71,5.89,351.91,1065.88,0.9370,-1,-1,-1
858,114,494.13,53.19,342.69,1017.05,0.9334,-1,-1,-1
858,103,983.15,122.17,155.71,524.54,0.8974,-1,-1,-1
858,122,1163.72,226.15,106.38,323.72,0.7878,-1,-1,-1
858,124,1564.24,90.52,308.56,983.76,0.9312,-1,-1,-1
859,111,800.26,156.62,175.16,462.47,0.8742,-1,-1,-1
859,112,121.51,-0.11,357.05,1069.70,0.9409,-1,-1,-1
859,114,483.59,40.83,350.53,1034.24,0.9453,-1,-1,-1
859,103,975.49,120.11,156.91,524.17,0.8901,-1,-1,-1
859,122,1160.52,222.09,106.51,325.22,0.7939,-1,-1,-1
859,124,1573.85,78.05,318.93,999.83,0.9261,-1,-1,-1
860,111,797.25,149.66,175.57,465.47,0.8833,-1,-1,-1
860,112,93.89,-2.44,363.43,1073.91,0.9315,-1,-1,-1
860,114,472.53,28.07,358.23,1050.36,0.9510,-1,-1,-1
860,103,970.20,119.18,158.92,523.83,0.8938,-1,-1,-1
860,122,1156.86,216.70,106.83,328.07,0.7775,-1,-1,-1
860,124,1577.73,62.97,328.56,1019.37,0.9421,-1,-1,-1
861,111,792.98,145.14,175.52,465.98,0.8919,-1,-1,-1
861,112,64.85,-3.07,372.38,1081.85,0.9188,-1,-1,-1
861,114,460.87,16.37,365.39,1062.81,0.9452,-1,-1,-1
861,103,966.64,117.62,160.93,523.69,0.8987,-1,-1,-1
861,122,1156.05,212.30,106.79,329.55,0.7860,-1,-1,-1
861,124,1578.53,53.71,334.51,1029.38,0.9409,-1,-1,-1
862,111,793.46,142.95,174.26,462.69,0.8937,-1,-1,-1
862,112,39.46,-0.19,377.59,1076.19,0.8576,-1,-1,-1
862,114,451.91,7.22,371.07,1071.81,0.9463,-1,-1,-1
862,103,964.05,116.05,162.78,523.14,0.8924,-1,-1,-1
862,122,1156.68,210.32,105.66,327.57,0.7673,-1,-1,-1
862,124,1581.24,39.02,339.09,1040.79,0.9421,-1,-1,-1
863,111,792.98,140.46,173.64,461.16,0.8996,-1,-1,-1
863,112,25.04,-0.24,381.10,1074.62,0.4976,-1,-1,-1
863,114,441.74,1.32,376.05,1076.56,0.9482,-1,-1,-1
863,103,965.35,114.55,164.26,523.59,0.8935,-1,-1,-1
863,122,1157.23,208.78,104.66,325.60,0.7455,-1,-1,-1
863,124,1585.88,31.70,340.51,1046.84,0.9379,-1,-1,-1
864,111,791.44,138.10,173.71,461.56,0.9007,-1,-1,-1
864,112,15.52,-0.09,384.00,1073.66,0.9363,-1,-1,-1
864,114,429.27,-0.93,379.82,1077.93,0.9515,-1,-1,-1
864,103,966.69,112.45,166.00,525.13,0.9035,-1,-1,-1
864,122,1157.44,206.73,105.40,329.14,0.7120,-1,-1,-1
864,124,1589.98,18.33,342.99,1060.89,0.9329,-1,-1,-1
865,111,792.34,136.10,173.81,462.48,0.8895,-1,-1,-1
865,112,6.03,-0.56,385.54,1073.17,0.9200,-1,-1,-1
865,114,417.40,-1.57,383.63,1079.13,0.9511,-1,-1,-1
865,103,967.12,109.83,168.70,528.81,0.9029,-1,-1,-1
865,122,1158.46,204.90,106.01,331.16,0.7528,-1,-1,-1
865,124,1597.37,9.55,342.24,1069.84,0.9283,-1,-1,-1
866,111,793.43,134.70,174.41,465.81,0.8978,-1,-1,-1
866,112,-7.14,2.25,382.88,1069.98,0.9245,-1,-1,-1
866,114,402.75,-0.68,387.58,1077.28,0.9526,-1,-1,-1
866,103,968.49,108.11,170.19,529.39,0.8971,-1,-1,-1
866,122,1160.51,203.04,105.83,332.44,0.7784,-1,-1,-1
866,124,1615.31,0.87,337.55,1078.25,0.9219,-1,-1,-1
867,111,793.90,135.62,174.89,468.40,0.8923,-1,-1,-1
867,112,-20.14,1.41,378.82,1070.65,0.9399,-1,-1,-1
867,114,385.48,0.72,391.18,1073.41,0.9549,-1,-1,-1
867,103,975.08,106.48,169.93,529.07,0.8908,-1,-1,-1
867,122,1164.33,201.97,105.62,334.47,0.7882,-1,-1,-1
867,124,1637.35,-1.73,328.00,1079.85,0.9144,-1,-1,-1
868,111,793.39,137.86,175.94,471.56,0.8974,-1,-1,-1
868,112,-29.48,0.74,373.02,1071.50,0.9314,-1,-1,-1
868,114,362.36,0.24,396.82,1073.35,0.9474,-1,-1,-1
868,103,979.32,107.62,167.53,523.97,0.8945,-1,-1,-1
868,122,1166.56,202.12,105.68,337.15,0.7869,-1,-1,-1
868,124,1670.41,100.30,288.71,973.13,0.7619,-1,-1,-1
869,111,792.72,139.59,176.20,473.33,0.9084,-1,-1,-1
869,112,-36.92,1.40,363.51,1065.76,0.9330,-1,-1,-1
869,114,337.11,0.29,403.33,1071.89,0.9479,-1,-1,-1
869,103,980.98,107.28,165.43,520.61,0.8843,-1,-1,-1
869,122,1168.47,202.91,105.64,339.30,0.7869,-1,-1,-1
870,111,792.32,141.86,176.12,474.30,0.9179,-1,-1,-1
870,112,-43.73,3.36,353.54,1062.85,0.9384,-1,-1,-1
870,114,308.97,0.58,411.70,1071.50,0.9524,-1,-1,-1
870,103,979.86,108.40,163.29,518.62,0.8848,-1,-1,-1
870,122,1168.65,202.99,106.46,343.16,0.7898,-1,-1,-1
870,124,1740.33,191.62,199.09,678.53,0.7334,-1,-1,-1
871,111,792.97,147.42,175.26,472.68,0.9134,-1,-1,-1
871,112,-50.83,4.21,343.54,1064.74,0.9240,-1,-1,-1
871,114,280.05,0.37,421.03,1072.17,0.9605,-1,-1,-1
871,103,979.13,111.03,161.26,518.91,0.8872,-1,-1,-1
871,122,1170.29,203.62,106.77,346.07,0.7599,-1,-1,-1
871,127,613.78,141.39,172.82,429.95,0.6719,-1,-1,-1
871,124,1771.22,241.31,169.20,592.62,0.3622,-1,-1,-1
872,111,793.96,153.16,174.89,472.77,0.9146,-1,-1,-1
872,112,-59.78,5.44,329.84,1062.45,0.9081,-1,-1,-1
872,114,252.77,0.25,430.83,1070.76,0.9508,-1,-1,-1
872,103,981.24,115.26,158.92,516.81,0.8908,-1,-1,-1
872,122,1174.79,204.90,106.17,347.97,0.7852,-1,-1,-1
872,127,605.29,142.96,184.35,459.91,0.8569,-1,-1,-1
873,111,795.13,158.67,174.91,473.54,0.9012,-1,-1,-1
873,112,-64.36,32.93,308.01,1036.37,0.8927,-1,-1,-1
873,114,219.89,0.64,442.49,1069.17,0.9550,-1,-1,-1
873,103,980.27,118.96,157.40,516.70,0.8916,-1,-1,-1
873,122,1176.16,206.33,106.45,350.69,0.7882,-1,-1,-1
873,127,596.30,145.45,192.36,482.34,0.8558,-1,-1,-1
874,111,796.04,163.80,174.43,473.25,0.9009,-1,-1,-1
874,112,-64.06,94.71,277.32,978.34,0.8532,-1,-1,-1
874,114,185.69,-0.78,455.74,1069.28,0.9511,-1,-1,-1
874,103,979.75,122.13,156.56,519.31,0.8853,-1,-1,-1
874,122,1176.64,207.49,106.49,351.90,0.7973,-1,-1,-1
874,127,589.30,146.81,196.14,494.91,0.8468,-1,-1,-1
875,111,798.19,165.33,174.23,473.84,0.8898,-1,-1,-1
875,112,-64.06,125.43,253.82,942.03,0.6277,-1,-1,-1
875,114,158.83,-0.55,467.65,1067.96,0.9505,-1,-1,-1
875,103,980.05,127.22,154.41,517.07,0.8722,-1,-1,-1
875,122,1174.70,208.99,106.97,351.14,0.7201,-1,-1,-1
875,127,584.50,147.33,197.88,502.56,0.8459,-1,-1,-1
876,111,800.79,166.38,173.00,470.69,0.8925,-1,-1,-1
876,114,107.71,-0.04,486.20,1069.26,0.9324,-1,-1,-1
876,103,982.44,131.06,151.72,514.63,0.7449,-1,-1,-1
876,122,1177.56,209.49,108.09,352.32,0.6879,-1,-1,-1
876,127,579.66,149.26,196.82,502.31,0.8675,-1,-1,-1
877,111,802.63,166.97,171.22,465.05,0.8981,-1,-1,-1
877,114,75.60,0.21,501.71,1069.68,0.9569,-1,-1,-1
877,103,981.68,134.75,150.02,514.38,0.4588,-1,-1,-1
877,122,1177.26,209.39,109.39,354.83,0.7141,-1,-1,-1
877,127,571.30,150.26,195.96,503.84,0.7764,-1,-1,-1
878,111,800.65,165.02,172.50,469.16,0.9010,-1,-1,-1
878,114,55.34,1.37,513.74,1069.14,0.9615,-1,-1,-1
878,103,979.44,134.72,148.69,513.16,0.8599,-1,-1,-1
878,122,1178.53,207.89,110.55,357.67,0.5876,-1,-1,-1
878,127,565.51,148.60,195.99,506.38,0.6002,-1,-1,-1
879,111,799.05,162.45,173.64,473.30,0.9051,-1,-1,-1
879,114,39.34,1.39,522.91,1069.52,0.9482,-1,-1,-1
879,103,979.28,136.00,146.66,509.87,0.8847,-1,-1,-1
879,122,1174.99,207.37,111.13,358.07,0.7771,-1,-1,-1
880,111,799.33,159.33,172.55,470.57,0.9106,-1,-1,-1
880,114,23.85,3.46,529.33,1071.56,0.9314,-1,-1,-1
880,103,977.82,136.11,145.71,508.67,0.8736,-1,-1,-1
880,122,1172.72,205.92,111.91,359.11,0.7835,-1,-1,-1
880,127,548.56,144.77,201.72,520.28,0.8528,-1,-1,-1
881,111,798.93,157.28,171.47,466.99,0.9124,-1,-1,-1
881,114,11.65,4.50,531.23,1069.18,0.9426,-1,-1,-1
881,103,976.46,134.35,145.68,511.74,0.8647,-1,-1,-1
881,122,1174.37,202.87,112.85,363.05,0.4168,-1,-1,-1
881,127,541.81,144.22,204.49,522.99,0.8321,-1,-1,-1
882,111,797.18,154.44,171.28,466.29,0.9193,-1,-1,-1
882,114,0.33,4.99,531.57,1068.80,0.9335,-1,-1,-1
882,103,969.37,131.64,146.75,516.95,0.8739,-1,-1,-1
882,122,1175.65,202.65,112.85,363.18,0.8156,-1,-1,-1
882,127,531.49,143.02,208.55,529.77,0.8005,-1,-1,-1
882,128,697.58,224.52,95.80,355.77,0.7286,-1,-1,-1
883,111,794.36,151.92,171.36,465.93,0.9183,-1,-1,-1
883,114,-10.60,4.47,529.01,1067.56,0.9550,-1,-1,-1
883,103,962.45,127.28,146.96,520.20,0.8790,-1,-1,-1
883,122,1175.37,202.89,113.10,363.48,0.8480,-1,-1,-1
883,127,520.22,142.73,212.39,533.70,0.8058,-1,-1,-1
883,128,693.58,219.84,97.84,362.68,0.7431,-1,-1,-1
884,111,792.64,148.58,172.34,469.18,0.9007,-1,-1,-1
884,114,-25.92,4.48,521.86,1065.02,0.9401,-1,-1,-1
884,103,958.24,124.52,147.14,521.63,0.8342,-1,-1,-1
884,122,1176.88,200.91,113.92,366.28,0.8353,-1,-1,-1
884,127,505.65,140.84,216.37,539.74,0.7778,-1,-1,-1
884,128,687.37,225.48,93.20,342.96,0.5269,-1,-1,-1
885,111,788.75,146.63,173.39,472.98,0.9060,-1,-1,-1
885,114,-42.89,7.10,509.49,1059.91,0.9237,-1,-1,-1
885,103,956.49,120.32,147.34,524.11,0.8629,-1,-1,-1
885,122,1176.37,199.60,114.59,366.50,0.8121,-1,-1,-1
885,127,496.73,138.36,222.01,547.73,0.8012,-1,-1,-1
885,128,680.38,226.57,92.46,336.32,0.5413,-1,-1,-1
886,111,781.81,147.70,174.15,475.55,0.9066,-1,-1,-1
886,114,-61.29,5.53,495.78,1060.38,0.8846,-1,-1,-1
886,103,954.45,118.18,145.39,518.58,0.8731,-1,-1,-1
886,122,1175.39,201.29,115.65,367.96,0.8297,-1,-1,-1
886,127,475.63,133.91,228.11,559.04,0.7791,-1,-1,-1
887,111,774.64,151.70,173.96,472.85,0.9172,-1,-1,-1
887,114,-78.62,16.12,472.05,1047.41,0.4197,-1,-1,-1
887,103,952.67,118.75,143.61,512.21,0.8859,-1,-1,-1
887,122,1171.95,202.84,115.85,368.46,0.8423,-1,-1,-1
887,127,458.62,129.02,233.96,568.62,0.8513,-1,-1,-1
888,111,770.87,154.25,173.31,472.13,0.9034,-1,-1,-1
888,103,942.15,118.08,144.55,510.01,0.8862,-1,-1,-1
888,122,1169.15,204.68,115.98,367.31,0.8284,-1,-1,-1
888,127,442.17,121.64,240.89,580.77,0.8326,-1,-1,-1
889,111,762.95,155.51,173.33,472.38,0.8667,-1,-1,-1
889,103,933.57,116.24,145.41,508.13,0.8773,-1,-1,-1
889,122,1166.64,204.63,116.65,368.68,0.8113,-1,-1,-1
889,127,424.38,113.39,246.54,590.21,0.8779,-1,-1,-1
890,111,748.35,159.64,174.25,474.88,0.8724,-1,-1,-1
890,103,913.02,116.74,147.74,511.51,0.8715,-1,-1,-1
890,122,1156.59,206.73,117.34,371.62,0.8179,-1,-1,-1
890,127,398.81,106.88,252.20,603.23,0.8517,-1,-1,-1
891,111,733.76,162.61,174.26,472.47,0.9092,-1,-1,-1
891,103,906.14,119.81,148.32,512.39,0.8863,-1,-1,-1
891,122,1146.75,207.77,118.07,374.12,0.8760,-1,-1,-1
891,127,374.28,95.60,260.46,619.23,0.7976,-1,-1,-1
892,111,719.56,165.50,173.40,469.57,0.9057,-1,-1,-1
892,103,892.46,121.35,150.32,514.75,0.9024,-1,-1,-1
892,122,1136.26,210.07,118.23,375.88,0.8571,-1,-1,-1
892,127,351.03,87.72,267.40,632.57,0.8754,-1,-1,-1
893,111,706.53,166.21,173.60,470.13,0.8682,-1,-1,-1
893,103,881.18,124.90,151.19,514.40,0.8945,-1,-1,-1
893,122,1126.36,213.27,119.11,379.23,0.8772,-1,-1,-1
893,127,326.38,84.05,273.00,642.09,0.7750,-1,-1,-1
894,111,694.05,168.33,174.46,473.18,0.9073,-1,-1,-1
894,103,868.74,129.66,152.62,518.23,0.8036,-1,-1,-1
894,122,1119.04,216.72,118.71,378.89,0.8681,-1,-1,-1
894,127,306.13,81.87,279.97,654.76,0.8689,-1,-1,-1
895,111,682.25,170.61,173.74,472.64,0.9180,-1,-1,-1
895,103,855.08,131.81,153.45,521.47,0.8106,-1,-1,-1
895,122,1112.64,220.02,118.97,378.79,0.8762,-1,-1,-1
895,127,286.23,78.84,288.88,673.44,0.7638,-1,-1,-1
896,111,672.69,170.69,172.01,467.29,0.8929,-1,-1,-1
896,103,843.31,134.77,155.81,522.35,0.8681,-1,-1,-1
896,122,1107.24,223.36,119.74,379.76,0.8112,-1,-1,-1
896,127,262.73,76.10,293.96,685.64,0.8778,-1,-1,-1
897,111,665.17,169.29,171.69,467.81,0.8610,-1,-1,-1
897,103,834.11,141.03,157.17,520.04,0.8688,-1,-1,-1
897,122,1101.33,226.24,120.26,379.83,0.8414,-1,-1,-1
897,127,245.68,71.20,303.05,706.91,0.9058,-1,-1,-1
898,111,660.53,168.96,171.65,469.69,0.8747,-1,-1,-1
898,103,831.76,145.56,159.01,520.45,0.8717,-1,-1,-1
898,122,1097.98,227.52,121.53,382.69,0.8576,-1,-1,-1
898,127,230.58,66.53,313.37,731.59,0.9014,-1,-1,-1
899,111,653.47,168.99,172.97,470.83,0.8020,-1,-1,-1
899,103,830.56,148.04,161.33,521.31,0.8734,-1,-1,-1
899,122,1096.31,230.54,121.56,381.87,0.8573,-1,-1,-1
899,127,216.96,63.88,319.13,746.72,0.8334,-1,-1,-1
899,130,482.86,179.47,130.09,483.44,0.5725,-1,-1,-1
900,111,652.73,168.28,175.22,479.11,0.8512,-1,-1,-1
900,103,831.32,151.01,161.95,518.36,0.8607,-1,-1,-1
900,122,1099.69,230.16,123.13,384.87,0.8683,-1,-1,-1
900,127,200.58,59.15,321.57,760.24,0.7998,-1,-1,-1
900,130,472.50,178.25,133.98,496.77,0.6440,-1,-1,-1
