1,1,1337.90,417.67,164.47,359.41,0.8671,-1,-1,-1
1,2,584.00,443.24,92.70,265.35,0.8480,-1,-1,-1
1,3,439.40,445.96,113.25,271.79,0.7793,-1,-1,-1
1,4,730.28,454.54,35.78,112.77,0.6344,-1,-1,-1
1,5,1454.63,429.88,141.39,336.16,0.4470,-1,-1,-1
1,6,916.13,431.60,61.19,155.52,0.3934,-1,-1,-1
2,1,1343.40,417.81,164.86,360.18,0.8827,-1,-1,-1
2,2,584.36,442.65,93.02,264.87,0.8523,-1,-1,-1
2,3,437.77,445.37,117.12,273.09,0.7887,-1,-1,-1
2,4,730.50,456.14,36.66,111.80,0.5953,-1,-1,-1
2,5,1452.64,436.01,145.54,333.14,0.7056,-1,-1,-1
2,6,915.61,432.01,61.74,155.69,0.3986,-1,-1,-1
3,1,1344.34,423.21,174.62,369.05,0.8759,-1,-1,-1
3,2,584.31,442.73,94.06,264.38,0.8490,-1,-1,-1
3,3,437.52,443.92,117.95,275.32,0.7943,-1,-1,-1
3,4,730.31,457.79,37.39,108.66,0.5745,-1,-1,-1
3,5,1468.90,441.85,136.38,327.50,0.7535,-1,-1,-1
3,6,915.18,432.61,62.28,154.46,0.3879,-1,-1,-1
4,1,1348.81,421.09,176.97,377.29,0.8683,-1,-1,-1
4,2,584.12,443.47,93.76,265.05,0.8488,-1,-1,-1
4,3,437.85,442.94,120.26,276.26,0.8235,-1,-1,-1
4,4,730.93,456.95,37.02,110.48,0.5649,-1,-1,-1
4,5,1480.24,435.68,125.34,332.11,0.7075,-1,-1,-1
4,6,915.64,431.99,62.35,154.73,0.3972,-1,-1,-1
5,1,1353.14,420.71,175.88,384.34,0.9049,-1,-1,-1
5,2,584.06,443.71,93.58,264.67,0.8517,-1,-1,-1
5,3,438.80,443.00,123.31,275.58,0.7777,-1,-1,-1
5,4,731.51,457.04,36.24,110.03,0.5499,-1,-1,-1
5,5,1486.66,430.76,116.12,337.12,0.7728,-1,-1,-1
5,6,915.37,431.21,62.70,155.34,0.3755,-1,-1,-1
6,1,1359.46,420.10,171.74,385.75,0.9083,-1,-1,-1
6,2,584.19,443.70,93.13,264.62,0.8508,-1,-1,-1
6,3,442.16,443.67,123.48,275.78,0.7389,-1,-1,-1
6,4,732.15,456.95,35.32,110.24,0.5565,-1,-1,-1
6,5,1495.75,428.42,107.32,340.67,0.7808,-1,-1,-1
6,6,915.06,430.51,63.21,156.57,0.4067,-1,-1,-1
7,1,1368.95,418.83,161.77,387.01,0.9087,-1,-1,-1
7,2,584.74,443.60,92.39,264.25,0.8537,-1,-1,-1
7,3,439.74,445.45,126.87,274.78,0.7735,-1,-1,-1
7,4,732.81,457.65,34.29,109.97,0.5489,-1,-1,-1
7,5,1501.62,432.43,102.86,338.27,0.7924,-1,-1,-1
7,6,914.42,430.60,62.77,156.71,0.3611,-1,-1,-1
8,1,1386.70,416.13,144.30,388.18,0.8813,-1,-1,-1
8,2,584.38,443.13,92.04,266.21,0.8635,-1,-1,-1
8,3,441.48,445.00,125.89,274.70,0.7741,-1,-1,-1
8,4,733.20,457.05,34.32,109.87,0.5306,-1,-1,-1
8,5,1506.90,426.24,97.84,345.64,0.8354,-1,-1,-1
8,6,914.23,428.51,62.30,158.58,0.3670,-1,-1,-1
9,1,1401.93,412.43,131.25,391.03,0.8604,-1,-1,-1
9,2,584.59,442.76,91.06,267.86,0.8640,-1,-1,-1
9,3,449.39,445.47,119.19,274.59,0.7992,-1,-1,-1
9,4,733.31,456.65,34.55,111.31,0.5384,-1,-1,-1
9,5,1511.41,425.25,94.35,346.17,0.8348,-1,-1,-1
10,1,1416.86,414.56,120.84,381.24,0.8686,-1,-1,-1
10,2,584.75,443.04,91.49,268.05,0.8689,-1,-1,-1
10,3,451.41,444.57,119.08,275.17,0.7905,-1,-1,-1
10,4,732.95,456.94,35.47,110.61,0.4982,-1,-1,-1
10,5,1505.62,421.19,110.34,354.20,0.4678,-1,-1,-1
11,1,1426.79,413.14,119.58,383.62,0.8674,-1,-1,-1
11,2,585.15,443.15,91.41,266.93,0.8617,-1,-1,-1
11,3,447.50,443.32,122.65,276.09,0.7125,-1,-1,-1
11,4,732.24,457.69,36.94,111.77,0.5547,-1,-1,-1
11,5,1524.73,418.07,98.94,351.63,0.8305,-1,-1,-1
12,1,1438.38,409.06,117.70,388.91,0.8040,-1,-1,-1
12,2,584.78,442.56,92.10,267.04,0.8628,-1,-1,-1
12,3,442.65,441.79,128.21,277.17,0.7069,-1,-1,-1
12,4,730.56,456.26,38.24,113.66,0.6228,-1,-1,-1
12,5,1536.84,419.24,93.74,353.03,0.8311,-1,-1,-1
13,1,1447.37,412.13,121.70,387.29,0.7982,-1,-1,-1
13,2,584.26,442.31,93.10,267.36,0.8565,-1,-1,-1
13,3,443.83,442.78,126.91,276.52,0.7661,-1,-1,-1
13,4,729.66,455.34,39.06,118.33,0.6243,-1,-1,-1
13,5,1539.96,421.37,103.12,356.45,0.8109,-1,-1,-1
14,1,1454.69,410.31,128.01,387.73,0.6401,-1,-1,-1
14,2,583.10,442.38,94.87,268.15,0.8572,-1,-1,-1
14,3,444.42,441.84,125.34,280.01,0.6650,-1,-1,-1
14,4,729.10,455.12,39.89,120.42,0.5597,-1,-1,-1
14,5,1536.18,419.02,134.35,366.70,0.7153,-1,-1,-1
15,1,1457.01,418.41,112.76,380.74,0.5781,-1,-1,-1
15,2,582.57,442.60,94.18,269.70,0.8750,-1,-1,-1
15,3,445.38,443.11,122.48,281.49,0.7315,-1,-1,-1
15,4,728.92,453.09,40.78,122.83,0.6662,-1,-1,-1
15,5,1543.70,421.52,158.71,369.61,0.6167,-1,-1,-1
16,1,1457.94,423.83,111.80,376.99,0.4636,-1,-1,-1
16,2,582.49,443.77,93.41,267.92,0.8750,-1,-1,-1
16,3,444.77,442.53,119.48,283.81,0.7097,-1,-1,-1
16,4,729.05,453.83,39.54,121.49,0.4996,-1,-1,-1
16,5,1553.22,422.73,172.38,375.99,0.7106,-1,-1,-1
17,1,1457.57,422.46,119.86,379.77,0.4447,-1,-1,-1
17,2,582.33,445.42,93.39,267.93,0.8709,-1,-1,-1
17,3,445.41,442.67,117.16,284.93,0.7092,-1,-1,-1
17,4,728.36,453.42,38.18,122.15,0.4701,-1,-1,-1
17,5,1560.63,424.31,182.48,379.50,0.8271,-1,-1,-1
18,1,1459.52,419.80,181.27,388.02,0.5658,-1,-1,-1
18,2,582.49,445.13,93.67,268.95,0.8745,-1,-1,-1
18,3,447.01,442.63,115.16,285.01,0.7371,-1,-1,-1
18,4,728.03,453.42,37.14,121.42,0.4857,-1,-1,-1
18,5,1576.55,430.19,175.36,377.47,0.7883,-1,-1,-1
19,1,1460.86,414.55,172.49,390.80,0.5354,-1,-1,-1
19,2,583.23,445.23,94.88,269.81,0.8605,-1,-1,-1
19,3,449.14,443.95,113.37,283.74,0.7119,-1,-1,-1
19,4,727.26,458.72,36.83,116.49,0.4469,-1,-1,-1
19,5,1570.00,455.49,187.65,356.55,0.7224,-1,-1,-1
20,1,1462.29,412.50,165.54,391.50,0.5038,-1,-1,-1
20,2,584.03,445.64,98.24,268.59,0.8557,-1,-1,-1
20,3,451.08,447.81,113.42,275.92,0.7077,-1,-1,-1
20,4,726.00,454.64,38.34,118.91,0.4214,-1,-1,-1
20,5,1591.76,449.74,183.41,352.62,0.6660,-1,-1,-1
21,1,1463.59,411.77,220.39,401.33,0.5337,-1,-1,-1
21,2,584.41,444.28,101.49,270.12,0.8530,-1,-1,-1
21,3,451.65,447.28,112.56,275.53,0.7056,-1,-1,-1
21,4,725.84,453.68,39.79,118.74,0.4116,-1,-1,-1
21,5,1614.38,455.59,157.90,344.00,0.6912,-1,-1,-1
22,1,1463.42,411.83,230.64,405.33,0.4077,-1,-1,-1
22,2,584.38,443.83,103.61,270.07,0.8519,-1,-1,-1
22,3,451.34,446.52,114.19,276.82,0.5723,-1,-1,-1
22,4,723.25,455.06,42.68,115.53,0.2886,-1,-1,-1
22,5,1628.81,436.56,149.66,362.13,0.7767,-1,-1,-1
23,1,1468.06,410.06,203.53,397.63,0.4814,-1,-1,-1
23,2,583.58,443.49,105.79,270.08,0.8465,-1,-1,-1
23,3,461.25,446.03,110.22,279.98,0.7919,-1,-1,-1
23,4,720.34,467.27,46.31,103.01,0.2516,-1,-1,-1
23,5,1633.61,427.29,135.66,373.50,0.7377,-1,-1,-1
24,1,1475.31,408.03,217.83,408.63,0.6574,-1,-1,-1
24,2,584.04,443.43,106.14,269.49,0.8420,-1,-1,-1
24,3,467.63,445.20,109.21,284.31,0.8060,-1,-1,-1
24,4,720.40,468.21,48.88,102.27,0.3777,-1,-1,-1
24,5,1642.80,421.59,123.02,379.15,0.7292,-1,-1,-1
25,1,1484.20,408.01,219.20,409.90,0.6465,-1,-1,-1
25,2,584.67,443.31,105.99,269.50,0.8372,-1,-1,-1
25,3,468.52,444.32,110.76,287.10,0.7538,-1,-1,-1
25,4,719.36,467.07,49.22,102.52,0.3431,-1,-1,-1
25,5,1654.71,417.76,123.20,382.39,0.7780,-1,-1,-1
26,1,1493.46,408.95,234.69,410.04,0.5865,-1,-1,-1
26,2,585.66,443.72,104.26,269.39,0.8275,-1,-1,-1
26,3,469.27,441.74,111.49,292.86,0.7839,-1,-1,-1
26,4,719.23,466.00,50.40,103.72,0.4640,-1,-1,-1
26,5,1665.31,418.47,114.89,379.62,0.7522,-1,-1,-1
26,16,1418.21,452.19,62.95,106.25,0.4270,-1,-1,-1
27,1,1508.80,410.13,226.08,410.78,0.4895,-1,-1,-1
27,2,587.30,443.25,101.72,270.59,0.8319,-1,-1,-1
27,3,469.97,443.07,111.60,291.97,0.7130,-1,-1,-1
27,4,719.66,467.88,48.09,100.38,0.2152,-1,-1,-1
27,5,1674.73,416.26,112.78,382.49,0.7393,-1,-1,-1
27,16,1418.01,447.90,60.90,109.73,0.3961,-1,-1,-1
28,1,1557.16,403.92,161.79,422.11,0.5547,-1,-1,-1
28,2,590.84,443.13,99.16,270.83,0.8169,-1,-1,-1
28,3,471.81,441.48,111.14,293.08,0.7082,-1,-1,-1
28,4,720.03,465.00,48.62,105.69,0.3096,-1,-1,-1
28,5,1682.31,412.55,118.43,388.09,0.7402,-1,-1,-1
28,16,1419.91,441.18,59.29,117.23,0.5652,-1,-1,-1
29,1,1557.84,395.45,158.52,433.05,0.8082,-1,-1,-1
29,2,592.99,443.23,97.82,270.83,0.8077,-1,-1,-1
29,3,474.01,441.57,110.54,292.25,0.6827,-1,-1,-1
29,4,720.13,462.94,49.62,110.47,0.3048,-1,-1,-1
29,5,1684.82,419.99,129.16,381.85,0.7382,-1,-1,-1
29,16,1425.41,436.95,54.95,121.67,0.6344,-1,-1,-1
30,1,1577.02,390.88,149.35,437.58,0.8507,-1,-1,-1
30,2,594.89,443.59,97.59,271.04,0.8197,-1,-1,-1
30,3,476.18,441.67,109.95,289.12,0.7177,-1,-1,-1
30,4,721.41,457.99,45.88,114.86,0.2146,-1,-1,-1
30,5,1682.66,428.63,151.56,373.18,0.7287,-1,-1,-1
30,16,1434.13,431.56,46.41,126.78,0.5154,-1,-1,-1
31,1,1594.49,393.14,159.43,429.41,0.7931,-1,-1,-1
31,2,595.84,443.31,98.79,271.41,0.8132,-1,-1,-1
31,3,477.01,442.29,110.53,289.75,0.7132,-1,-1,-1
31,4,721.68,455.44,44.47,119.94,0.3002,-1,-1,-1
31,5,1693.98,419.71,185.51,386.57,0.7241,-1,-1,-1
31,16,1443.39,429.68,39.30,127.78,0.6290,-1,-1,-1
32,1,1604.83,395.11,166.22,438.13,0.8716,-1,-1,-1
32,2,597.73,443.32,97.71,271.19,0.7993,-1,-1,-1
32,3,478.73,443.41,109.32,291.06,0.6970,-1,-1,-1
32,4,721.62,459.19,41.58,118.92,0.2046,-1,-1,-1
32,5,1714.77,418.62,187.74,389.03,0.8200,-1,-1,-1
32,16,1447.20,430.98,41.89,126.96,0.5004,-1,-1,-1
33,1,1609.71,393.58,173.95,450.39,0.8772,-1,-1,-1
33,2,600.46,444.04,95.73,270.86,0.8004,-1,-1,-1
33,3,479.92,443.32,108.74,293.83,0.7542,-1,-1,-1
33,5,1731.47,414.63,186.33,398.40,0.4125,-1,-1,-1
33,16,1450.19,430.81,41.65,127.90,0.5983,-1,-1,-1
33,19,1080.95,452.17,53.82,144.60,0.4322,-1,-1,-1
34,1,1614.27,392.65,184.18,451.21,0.8667,-1,-1,-1
34,2,603.65,443.54,92.58,271.44,0.7934,-1,-1,-1
34,3,479.93,443.21,109.12,298.16,0.7727,-1,-1,-1
34,16,1453.40,429.59,40.39,129.18,0.7076,-1,-1,-1
34,19,1080.21,450.15,52.92,145.91,0.2363,-1,-1,-1
35,1,1620.84,392.60,195.25,454.56,0.8952,-1,-1,-1
35,2,605.25,443.88,91.53,270.81,0.8037,-1,-1,-1
35,3,478.79,443.15,110.25,299.46,0.7889,-1,-1,-1
35,16,1455.18,430.01,39.02,128.05,0.6880,-1,-1,-1
35,19,1080.16,450.78,51.46,145.74,0.3577,-1,-1,-1
36,1,1628.52,393.94,209.87,464.15,0.8680,-1,-1,-1
36,2,606.93,444.05,90.33,270.26,0.8074,-1,-1,-1
36,3,476.88,443.21,112.41,301.63,0.7738,-1,-1,-1
36,16,1457.89,430.36,39.11,128.51,0.7085,-1,-1,-1
36,19,1080.50,450.23,50.74,146.53,0.3878,-1,-1,-1
36,5,1764.46,415.00,159.46,405.27,0.6176,-1,-1,-1
37,1,1632.69,396.08,236.65,466.58,0.5498,-1,-1,-1
37,2,608.49,444.56,89.69,269.73,0.8038,-1,-1,-1
37,3,476.44,443.72,112.78,297.19,0.7338,-1,-1,-1
37,16,1461.88,430.22,38.97,129.02,0.6242,-1,-1,-1
37,19,1082.94,453.48,47.05,143.02,0.1950,-1,-1,-1
37,5,1777.52,422.89,145.10,396.62,0.5905,-1,-1,-1
38,1,1634.53,399.34,251.25,472.15,0.8645,-1,-1,-1
38,2,609.12,444.13,89.97,270.66,0.8161,-1,-1,-1
38,3,476.52,444.08,113.77,291.54,0.7482,-1,-1,-1
38,16,1464.23,429.53,39.54,129.24,0.6777,-1,-1,-1
38,19,1084.80,456.74,45.53,139.53,0.2051,-1,-1,-1
38,5,1791.08,427.05,130.84,390.36,0.2741,-1,-1,-1
39,1,1635.92,402.48,261.15,471.76,0.8905,-1,-1,-1
39,2,609.42,443.48,91.11,271.37,0.8251,-1,-1,-1
39,3,477.02,443.98,114.11,292.58,0.7705,-1,-1,-1
39,16,1465.26,429.41,40.68,129.20,0.6537,-1,-1,-1
39,19,1083.87,456.60,47.31,139.24,0.3262,-1,-1,-1
39,5,1811.51,432.31,110.57,385.62,0.5449,-1,-1,-1
40,1,1636.70,403.93,270.78,473.39,0.8700,-1,-1,-1
40,2,610.15,443.73,91.08,271.40,0.8254,-1,-1,-1
40,3,476.28,444.81,115.88,293.48,0.7534,-1,-1,-1
40,16,1467.21,430.45,40.02,127.58,0.3894,-1,-1,-1
40,19,1084.75,457.40,45.93,138.27,0.1674,-1,-1,-1
40,5,1823.12,425.67,98.49,390.98,0.5832,-1,-1,-1
40,21,1255.74,432.68,40.77,115.46,0.4004,-1,-1,-1
41,1,1639.77,401.77,280.79,481.09,0.8863,-1,-1,-1
41,2,612.31,443.63,90.87,271.43,0.8428,-1,-1,-1
41,3,477.33,445.98,114.42,293.77,0.7671,-1,-1,-1
41,16,1468.14,433.75,44.90,122.80,0.4602,-1,-1,-1
41,19,1084.48,459.30,45.46,136.57,0.1976,-1,-1,-1
41,5,1834.33,404.87,86.81,414.24,0.7439,-1,-1,-1
41,21,1255.87,431.96,40.27,116.06,0.5193,-1,-1,-1
42,1,1644.46,401.34,278.11,479.69,0.8628,-1,-1,-1
42,2,614.27,443.48,90.58,271.54,0.8504,-1,-1,-1
42,3,474.65,446.38,117.37,299.40,0.7554,-1,-1,-1
42,16,1469.26,434.83,46.94,121.38,0.7081,-1,-1,-1
42,19,1083.70,459.05,47.94,137.48,0.4277,-1,-1,-1
42,5,1843.08,395.27,77.50,424.48,0.7425,-1,-1,-1
42,21,1255.88,430.69,40.98,117.40,0.5090,-1,-1,-1
43,1,1652.45,401.87,272.15,480.81,0.8622,-1,-1,-1
43,2,615.74,443.68,90.50,271.43,0.8480,-1,-1,-1
43,3,469.32,446.12,122.23,305.76,0.7355,-1,-1,-1
43,16,1471.02,433.87,47.10,121.88,0.7484,-1,-1,-1
43,19,1084.08,456.31,47.59,141.60,0.3156,-1,-1,-1
43,5,1854.07,395.07,66.17,424.23,0.5651,-1,-1,-1
43,21,1256.41,427.24,41.60,120.69,0.5346,-1,-1,-1
44,1,1665.06,395.35,251.19,482.27,0.4265,-1,-1,-1
44,2,616.11,444.06,91.11,270.80,0.8564,-1,-1,-1
44,3,468.39,445.50,123.22,311.75,0.6705,-1,-1,-1
44,16,1474.28,434.37,45.04,121.26,0.6716,-1,-1,-1
44,19,1083.70,455.38,48.38,143.54,0.4379,-1,-1,-1
44,5,1865.19,411.92,54.88,403.52,0.4287,-1,-1,-1
44,21,1256.72,426.86,41.47,121.21,0.5145,-1,-1,-1
45,1,1682.77,392.32,228.16,482.36,0.6417,-1,-1,-1
45,2,616.81,442.96,91.42,271.35,0.8517,-1,-1,-1
45,3,466.37,444.81,125.46,313.96,0.4831,-1,-1,-1
45,16,1479.29,432.64,39.75,122.52,0.3626,-1,-1,-1
45,19,1082.84,454.50,49.39,144.43,0.4724,-1,-1,-1
45,21,1257.60,426.21,41.17,121.88,0.5354,-1,-1,-1
45,23,1686.80,393.85,224.94,483.16,0.6165,-1,-1,-1
46,1,1721.15,389.17,195.20,488.60,0.5802,-1,-1,-1
46,2,617.40,442.53,93.04,271.31,0.8519,-1,-1,-1
46,3,465.00,444.01,126.41,317.50,0.7672,-1,-1,-1
46,16,1484.02,433.51,36.35,122.32,0.7305,-1,-1,-1
46,19,1082.80,454.21,48.95,143.67,0.3628,-1,-1,-1
46,21,1258.52,424.57,40.86,123.58,0.5286,-1,-1,-1
46,23,1725.19,389.35,188.97,488.82,0.5802,-1,-1,-1
47,1,1761.82,385.66,157.40,494.74,0.7905,-1,-1,-1
47,2,617.41,441.43,93.24,272.37,0.8591,-1,-1,-1
47,3,463.77,443.12,127.27,319.58,0.7669,-1,-1,-1
47,16,1488.92,432.84,33.43,121.55,0.6212,-1,-1,-1
47,19,1081.63,455.58,50.02,141.99,0.3163,-1,-1,-1
47,21,1259.00,424.84,40.90,123.10,0.5723,-1,-1,-1
47,23,1769.22,385.09,147.46,495.28,0.7905,-1,-1,-1
48,1,1772.46,384.79,148.36,492.28,0.8692,-1,-1,-1
48,2,619.03,441.17,93.21,272.06,0.8427,-1,-1,-1
48,3,467.39,442.34,123.19,318.95,0.7749,-1,-1,-1
48,16,1493.78,437.59,32.69,116.54,0.2788,-1,-1,-1
48,19,1081.23,458.14,50.64,138.98,0.3717,-1,-1,-1
48,21,1259.44,426.57,40.46,121.65,0.1513,-1,-1,-1
48,23,1774.25,384.33,144.46,491.84,0.8692,-1,-1,-1
48,25,696.47,451.94,65.37,208.49,0.3967,-1,-1,-1
49,1,1793.83,383.89,127.64,493.27,0.8605,-1,-1,-1
49,2,619.90,441.43,93.15,271.65,0.8410,-1,-1,-1
49,3,469.91,442.64,120.12,317.68,0.7624,-1,-1,-1
49,19,1080.91,461.50,50.63,135.14,0.3127,-1,-1,-1
49,21,1260.28,432.61,39.26,115.44,0.5700,-1,-1,-1
49,23,1795.77,383.54,123.72,492.72,0.8605,-1,-1,-1
49,25,696.93,452.58,66.48,208.45,0.4919,-1,-1,-1
49,26,580.91,438.57,53.07,145.69,0.3521,-1,-1,-1
50,1,1809.28,382.68,111.90,497.91,0.8579,-1,-1,-1
50,2,618.99,440.89,96.86,272.30,0.7840,-1,-1,-1
50,3,464.12,442.04,125.01,317.13,0.7651,-1,-1,-1
50,19,1080.68,457.83,51.31,138.41,0.3003,-1,-1,-1
50,21,1260.74,437.06,37.99,110.77,0.5298,-1,-1,-1
50,23,1810.37,382.40,109.22,497.62,0.8579,-1,-1,-1
50,25,700.32,450.32,67.49,210.64,0.3995,-1,-1,-1
50,26,581.58,437.79,51.74,145.84,0.3802,-1,-1,-1
51,1,1818.53,380.54,102.10,502.97,0.8573,-1,-1,-1
51,2,619.20,441.12,98.79,272.30,0.8315,-1,-1,-1
51,3,460.72,441.92,128.28,316.41,0.7104,-1,-1,-1
51,19,1079.70,457.67,52.84,138.29,0.3437,-1,-1,-1
51,21,1260.99,436.17,37.65,111.60,0.5446,-1,-1,-1
51,23,1818.96,380.26,100.47,502.84,0.8573,-1,-1,-1
51,25,700.47,454.52,69.77,206.74,0.3902,-1,-1,-1
51,26,583.20,440.40,50.70,142.94,0.3861,-1,-1,-1
52,1,1827.07,380.64,93.20,501.15,0.8459,-1,-1,-1
52,2,620.13,442.00,98.96,271.48,0.8233,-1,-1,-1
52,3,464.46,442.72,125.05,315.07,0.7559,-1,-1,-1
52,19,1080.71,456.97,51.78,138.84,0.4582,-1,-1,-1
52,21,1261.14,435.62,36.67,112.21,0.5431,-1,-1,-1
52,23,1827.26,380.47,92.07,500.88,0.8459,-1,-1,-1
52,25,700.39,454.94,72.59,206.36,0.3480,-1,-1,-1
52,26,587.37,443.55,47.35,139.75,0.4220,-1,-1,-1
53,1,1828.63,382.77,91.34,502.56,0.8543,-1,-1,-1
53,2,621.68,443.84,96.48,269.29,0.7729,-1,-1,-1
53,3,462.69,443.95,127.28,312.43,0.7607,-1,-1,-1
53,19,1082.30,455.56,50.41,139.96,0.3111,-1,-1,-1
53,21,1260.81,433.64,38.20,114.41,0.6177,-1,-1,-1
53,23,1828.57,382.73,90.68,502.31,0.8543,-1,-1,-1
53,25,695.78,453.57,77.16,208.32,0.5458,-1,-1,-1
53,26,590.30,446.63,45.13,136.94,0.3266,-1,-1,-1
54,1,1826.40,387.26,93.44,500.02,0.7923,-1,-1,-1
54,2,623.20,442.76,96.33,271.50,0.7074,-1,-1,-1
54,3,465.37,443.96,125.15,313.58,0.8116,-1,-1,-1
54,19,1082.85,457.78,49.28,137.28,0.2991,-1,-1,-1
54,21,1260.40,431.67,39.42,116.66,0.3969,-1,-1,-1
54,23,1826.24,387.33,93.00,499.71,0.7923,-1,-1,-1
54,25,692.95,452.16,82.35,209.20,0.4696,-1,-1,-1
54,26,589.22,446.66,46.16,136.77,0.3265,-1,-1,-1
55,1,1826.28,417.20,93.48,469.78,0.7730,-1,-1,-1
55,2,624.58,442.89,92.51,271.78,0.8167,-1,-1,-1
55,3,468.77,443.51,121.50,314.47,0.8261,-1,-1,-1
55,19,1082.88,458.29,49.02,136.68,0.3644,-1,-1,-1
55,21,1260.34,430.25,39.95,118.42,0.3735,-1,-1,-1
55,23,1826.12,417.74,93.11,469.01,0.7730,-1,-1,-1
55,25,691.61,453.20,81.31,208.31,0.4514,-1,-1,-1
55,26,587.19,447.31,47.91,135.93,0.3964,-1,-1,-1
55,28,1529.99,440.57,34.48,111.71,0.6063,-1,-1,-1
56,1,1827.06,430.37,92.62,455.77,0.7029,-1,-1,-1
56,2,624.97,442.39,91.68,272.62,0.7567,-1,-1,-1
56,3,472.73,442.87,117.48,314.56,0.7793,-1,-1,-1
56,19,1083.08,459.02,49.16,136.15,0.4383,-1,-1,-1
56,21,1260.53,427.47,39.88,120.65,0.5450,-1,-1,-1
56,23,1826.91,430.94,92.31,454.97,0.7029,-1,-1,-1
56,25,692.78,453.26,74.91,208.46,0.5110,-1,-1,-1
56,26,585.88,446.29,49.09,136.73,0.4382,-1,-1,-1
56,28,1531.28,443.15,33.24,108.86,0.6607,-1,-1,-1
56,16,1498.29,442.23,45.06,109.91,0.3745,-1,-1,-1
57,1,1828.88,452.27,90.72,433.67,0.3933,-1,-1,-1
57,2,625.23,442.83,90.16,273.45,0.7968,-1,-1,-1
57,3,473.13,443.83,117.96,313.48,0.7870,-1,-1,-1
57,19,1083.96,459.33,47.99,136.00,0.3203,-1,-1,-1
57,21,1261.32,432.60,37.97,114.80,0.5814,-1,-1,-1
57,23,1828.75,452.94,90.46,432.80,0.3933,-1,-1,-1
57,25,693.43,453.49,72.04,210.11,0.6677,-1,-1,-1
57,26,585.23,444.18,49.66,139.20,0.4797,-1,-1,-1
57,28,1532.96,440.72,33.22,110.88,0.6321,-1,-1,-1
58,2,625.69,442.64,92.88,273.27,0.8111,-1,-1,-1
58,3,474.70,443.41,117.79,312.91,0.7544,-1,-1,-1
58,19,1085.09,462.72,46.57,132.38,0.3405,-1,-1,-1
58,21,1262.05,435.04,38.26,112.18,0.5835,-1,-1,-1
58,26,584.21,446.08,50.57,137.33,0.4300,-1,-1,-1
58,28,1533.57,438.48,31.96,113.38,0.5016,-1,-1,-1
58,29,1303.73,419.80,40.39,127.00,0.3683,-1,-1,-1
59,2,625.96,442.19,93.14,273.77,0.8015,-1,-1,-1
59,3,475.38,442.33,118.59,315.29,0.8121,-1,-1,-1
59,19,1085.65,466.75,45.43,128.54,0.2187,-1,-1,-1
59,21,1262.17,435.81,39.42,111.21,0.4740,-1,-1,-1
59,26,584.48,447.78,50.03,135.51,0.3714,-1,-1,-1
59,28,1535.94,437.05,31.48,116.01,0.2656,-1,-1,-1
59,29,1304.11,420.46,40.27,126.24,0.3499,-1,-1,-1
59,25,694.84,456.75,72.14,212.84,0.5304,-1,-1,-1
60,2,625.80,442.88,92.57,274.15,0.5585,-1,-1,-1
60,3,473.50,440.94,124.30,317.40,0.8143,-1,-1,-1
60,19,1085.36,465.82,45.50,129.08,0.3400,-1,-1,-1
60,21,1261.77,437.50,40.05,109.90,0.6545,-1,-1,-1
60,26,584.74,448.12,50.04,135.49,0.3407,-1,-1,-1
60,28,1538.11,430.86,30.30,121.51,0.1899,-1,-1,-1
60,29,1303.68,420.89,40.61,126.44,0.3391,-1,-1,-1
60,30,624.80,441.99,92.87,277.85,0.6648,-1,-1,-1
60,25,696.34,454.53,70.20,216.43,0.6783,-1,-1,-1
61,2,624.59,443.58,93.20,277.38,0.7174,-1,-1,-1
61,3,470.97,442.83,134.69,316.75,0.7932,-1,-1,-1
61,19,1084.86,460.10,46.46,135.19,0.4080,-1,-1,-1
61,21,1261.47,434.19,40.14,112.81,0.4398,-1,-1,-1
61,26,584.00,455.36,46.74,129.18,0.2605,-1,-1,-1
61,28,1544.73,435.10,30.78,114.09,0.2124,-1,-1,-1
61,29,1303.22,420.31,40.46,127.01,0.3737,-1,-1,-1
61,30,624.01,443.48,93.42,278.70,0.7174,-1,-1,-1
61,25,697.78,454.10,69.28,217.78,0.6436,-1,-1,-1
62,2,623.41,444.14,92.66,277.97,0.7432,-1,-1,-1
62,3,471.22,442.78,143.64,318.33,0.8036,-1,-1,-1
62,19,1085.61,453.14,44.18,142.20,0.1666,-1,-1,-1
62,21,1260.93,433.98,39.03,113.22,0.6074,-1,-1,-1
62,26,588.28,455.31,44.21,129.71,0.2025,-1,-1,-1
62,28,1547.80,438.92,31.09,109.17,0.3867,-1,-1,-1
62,29,1303.06,420.43,40.04,126.57,0.3876,-1,-1,-1
62,30,622.96,444.32,92.67,278.26,0.7432,-1,-1,-1
62,25,698.34,453.11,67.74,219.36,0.7128,-1,-1,-1
63,2,622.19,444.89,91.51,277.88,0.7964,-1,-1,-1
63,3,470.36,442.51,149.00,318.37,0.7948,-1,-1,-1
63,19,1085.94,450.79,43.48,144.71,0.2097,-1,-1,-1
63,21,1260.83,435.04,38.46,111.65,0.6066,-1,-1,-1
63,26,586.60,454.21,45.05,130.46,0.1647,-1,-1,-1
63,29,1302.95,419.80,40.25,127.12,0.3930,-1,-1,-1
63,30,621.78,445.16,91.36,277.75,0.7964,-1,-1,-1
63,25,698.84,451.88,67.12,221.09,0.7422,-1,-1,-1
64,2,621.29,445.39,90.92,276.68,0.8029,-1,-1,-1
64,3,474.57,443.64,149.05,316.52,0.7842,-1,-1,-1
64,19,1086.18,450.31,42.95,144.24,0.1951,-1,-1,-1
64,21,1260.48,436.47,38.34,109.83,0.6223,-1,-1,-1
64,26,584.70,451.32,46.82,132.48,0.1524,-1,-1,-1
64,29,1302.35,418.12,41.16,128.55,0.3576,-1,-1,-1
64,30,620.93,445.64,90.76,276.32,0.8029,-1,-1,-1
64,25,697.78,450.71,68.09,222.75,0.7110,-1,-1,-1
65,2,621.48,447.56,89.75,274.32,0.8195,-1,-1,-1
65,3,487.39,445.13,139.20,315.40,0.7188,-1,-1,-1
65,19,1085.20,445.56,44.64,148.46,0.1620,-1,-1,-1
65,21,1260.27,440.23,38.23,105.95,0.6168,-1,-1,-1
65,29,1302.74,419.73,40.80,126.96,0.3362,-1,-1,-1
65,30,621.24,447.89,89.55,273.82,0.8195,-1,-1,-1
65,25,697.04,449.35,67.42,226.04,0.7487,-1,-1,-1
66,2,621.27,447.62,89.64,275.65,0.8068,-1,-1,-1
66,19,1085.51,443.45,44.34,150.06,0.1725,-1,-1,-1
66,21,1260.07,441.70,38.61,104.61,0.6202,-1,-1,-1
66,29,1303.17,420.12,40.76,126.58,0.3570,-1,-1,-1
66,30,621.06,447.86,89.50,275.31,0.8068,-1,-1,-1
66,25,698.14,451.31,67.39,224.40,0.7433,-1,-1,-1
67,2,620.43,447.54,91.34,275.67,0.8135,-1,-1,-1
67,21,1260.73,443.27,37.37,102.78,0.6050,-1,-1,-1
67,29,1303.18,420.24,40.78,126.44,0.3237,-1,-1,-1
67,30,620.22,447.73,91.30,275.38,0.8135,-1,-1,-1
67,25,698.44,452.35,69.82,224.28,0.7436,-1,-1,-1
67,28,1546.90,423.81,38.71,126.82,0.4700,-1,-1,-1
68,2,618.22,446.91,94.38,275.44,0.7994,-1,-1,-1
68,21,1261.17,441.83,36.51,104.09,0.4912,-1,-1,-1
68,29,1303.22,419.07,41.00,127.62,0.3893,-1,-1,-1
68,30,617.98,447.04,94.42,275.19,0.7994,-1,-1,-1
68,25,699.73,453.73,70.60,221.96,0.7446,-1,-1,-1
68,28,1548.04,428.75,38.18,122.18,0.3316,-1,-1,-1
68,3,490.19,448.44,148.22,317.62,0.7112,-1,-1,-1
69,2,615.88,446.13,96.50,275.83,0.4023,-1,-1,-1
69,21,1261.25,441.51,36.29,104.36,0.5401,-1,-1,-1
69,29,1303.07,418.17,41.09,128.71,0.3820,-1,-1,-1
69,30,615.63,446.22,96.58,275.62,0.4023,-1,-1,-1
69,25,698.69,454.74,71.91,221.63,0.7303,-1,-1,-1
69,28,1544.41,423.08,41.96,128.31,0.5443,-1,-1,-1
69,3,486.54,446.27,153.21,321.45,0.5841,-1,-1,-1
70,2,613.75,445.32,98.58,276.59,0.8317,-1,-1,-1
70,21,1261.15,441.61,36.12,104.25,0.5480,-1,-1,-1
70,29,1303.26,417.68,40.96,129.22,0.3474,-1,-1,-1
70,30,613.52,445.38,98.67,276.41,0.8317,-1,-1,-1
70,25,698.76,455.87,72.26,221.28,0.6973,-1,-1,-1
70,28,1543.88,420.55,43.71,131.21,0.6786,-1,-1,-1
70,3,488.20,446.27,152.79,321.13,0.8194,-1,-1,-1
71,2,612.94,445.03,98.65,277.87,0.8453,-1,-1,-1
71,21,1261.06,441.52,36.13,104.45,0.5594,-1,-1,-1
71,29,1303.06,417.93,40.54,128.80,0.3326,-1,-1,-1
71,30,612.73,445.09,98.72,277.74,0.8453,-1,-1,-1
71,25,698.89,456.73,70.70,221.50,0.6403,-1,-1,-1
71,28,1543.64,419.90,44.61,131.68,0.6621,-1,-1,-1
71,3,491.42,445.96,150.46,322.68,0.8351,-1,-1,-1
72,2,613.95,444.12,97.39,278.83,0.8123,-1,-1,-1
72,21,1261.06,438.39,36.27,107.80,0.5015,-1,-1,-1
72,29,1302.84,417.74,40.47,128.85,0.3535,-1,-1,-1
72,30,613.78,444.16,97.44,278.72,0.8123,-1,-1,-1
72,25,699.30,456.46,71.63,222.85,0.6459,-1,-1,-1
72,28,1543.60,419.52,44.13,131.82,0.6707,-1,-1,-1
72,3,495.46,446.16,146.60,321.53,0.8116,-1,-1,-1
73,2,616.47,443.70,95.64,279.36,0.8351,-1,-1,-1
73,21,1261.15,437.66,36.52,108.23,0.5100,-1,-1,-1
73,29,1302.76,417.58,40.30,128.80,0.3399,-1,-1,-1
73,30,616.34,443.73,95.67,279.27,0.8351,-1,-1,-1
73,25,700.89,456.23,71.79,222.58,0.6834,-1,-1,-1
73,28,1545.56,418.57,42.60,132.09,0.6626,-1,-1,-1
73,3,498.58,447.00,143.57,321.82,0.8426,-1,-1,-1
74,2,619.36,442.97,92.60,280.66,0.8215,-1,-1,-1
74,21,1261.54,436.64,36.68,109.65,0.5160,-1,-1,-1
74,29,1302.79,417.78,40.09,128.33,0.3246,-1,-1,-1
74,30,619.27,443.00,92.61,280.58,0.8215,-1,-1,-1
74,25,702.97,455.54,75.71,222.72,0.6969,-1,-1,-1
74,28,1546.53,417.65,41.51,132.46,0.3347,-1,-1,-1
74,3,505.07,446.34,139.24,325.16,0.8184,-1,-1,-1
75,2,620.90,441.43,88.86,282.69,0.8058,-1,-1,-1
75,21,1261.19,436.25,37.21,110.56,0.5383,-1,-1,-1
75,29,1302.86,416.57,40.38,129.46,0.3433,-1,-1,-1
75,30,620.83,441.45,88.85,282.63,0.8058,-1,-1,-1
75,25,703.31,452.87,76.24,223.55,0.7098,-1,-1,-1
75,3,506.80,444.41,138.14,325.65,0.8006,-1,-1,-1
76,2,622.61,441.79,86.24,282.59,0.8376,-1,-1,-1
76,21,1261.25,435.80,37.68,110.86,0.5220,-1,-1,-1
76,29,1302.82,415.95,40.47,130.05,0.3492,-1,-1,-1
76,30,622.55,441.81,86.23,282.54,0.8376,-1,-1,-1
76,25,703.24,449.81,79.47,225.71,0.7511,-1,-1,-1
76,3,511.79,445.23,133.40,323.74,0.4653,-1,-1,-1
77,2,623.26,441.26,85.10,283.01,0.8164,-1,-1,-1
77,21,1261.29,435.60,37.73,110.99,0.5280,-1,-1,-1
77,29,1302.88,415.84,40.39,130.11,0.3676,-1,-1,-1
77,30,623.21,441.27,85.09,282.96,0.8164,-1,-1,-1
77,25,702.26,446.49,83.08,228.69,0.7389,-1,-1,-1
77,3,517.88,445.56,127.73,323.70,0.7989,-1,-1,-1
78,2,626.50,440.88,81.19,282.28,0.8019,-1,-1,-1
78,21,1261.96,442.70,38.34,103.35,0.5750,-1,-1,-1
78,29,1302.80,416.92,40.02,128.78,0.2203,-1,-1,-1
78,30,626.47,440.89,81.17,282.23,0.8019,-1,-1,-1
78,25,702.54,449.35,86.36,226.64,0.7651,-1,-1,-1
78,3,519.56,445.25,126.99,324.32,0.7877,-1,-1,-1
79,2,628.65,440.40,78.19,285.05,0.8257,-1,-1,-1
79,21,1262.24,442.87,39.02,103.35,0.5455,-1,-1,-1
79,29,1302.93,417.22,39.73,128.71,0.2535,-1,-1,-1
79,30,628.62,440.41,78.18,285.01,0.8257,-1,-1,-1
79,25,703.57,453.44,91.38,222.40,0.7976,-1,-1,-1
79,3,528.68,447.30,119.45,323.15,0.5742,-1,-1,-1
80,2,629.81,439.66,77.82,287.49,0.7275,-1,-1,-1
80,21,1262.14,442.03,39.30,104.32,0.5752,-1,-1,-1
80,29,1303.01,417.66,39.59,128.21,0.3141,-1,-1,-1
80,30,629.12,438.97,79.48,286.99,0.3753,-1,-1,-1
80,25,705.67,456.37,95.46,219.74,0.8331,-1,-1,-1
80,3,529.86,447.90,120.28,323.71,0.5143,-1,-1,-1
80,31,505.65,447.82,132.98,319.42,0.5307,-1,-1,-1
81,2,630.53,438.87,79.61,287.33,0.8224,-1,-1,-1
81,21,1262.15,440.92,39.44,105.48,0.5795,-1,-1,-1
81,29,1302.88,417.48,39.56,128.24,0.2738,-1,-1,-1
81,30,630.26,438.61,80.20,287.13,0.8224,-1,-1,-1
81,25,706.89,457.56,98.87,219.75,0.8206,-1,-1,-1
81,3,531.23,447.79,120.55,327.12,0.5005,-1,-1,-1
81,31,503.11,448.35,126.10,317.01,0.4541,-1,-1,-1
82,2,631.28,439.90,79.85,286.75,0.7818,-1,-1,-1
82,21,1262.08,442.88,39.44,103.42,0.5822,-1,-1,-1
82,29,1303.15,417.51,39.64,128.54,0.2855,-1,-1,-1
82,30,631.17,439.81,80.06,286.66,0.7818,-1,-1,-1
82,25,707.30,458.69,104.00,219.41,0.7727,-1,-1,-1
82,3,546.75,448.30,106.42,329.90,0.5256,-1,-1,-1
82,31,501.70,449.42,106.09,306.82,0.5076,-1,-1,-1
83,2,632.17,441.03,81.25,286.75,0.7628,-1,-1,-1
83,21,1262.61,441.03,39.99,105.06,0.5513,-1,-1,-1
83,29,1303.33,418.74,39.07,127.70,0.2453,-1,-1,-1
83,30,632.12,441.00,81.32,286.71,0.7628,-1,-1,-1
83,25,708.96,458.42,105.83,220.89,0.5985,-1,-1,-1
83,3,557.09,447.22,97.44,332.96,0.4166,-1,-1,-1
83,31,503.14,449.59,97.73,300.64,0.5583,-1,-1,-1
83,19,1078.64,450.62,53.40,145.16,0.3444,-1,-1,-1
84,2,633.12,441.61,85.54,287.02,0.7298,-1,-1,-1
84,21,1263.06,441.03,39.24,105.23,0.5188,-1,-1,-1
84,29,1303.28,419.16,39.12,127.45,0.2734,-1,-1,-1
84,30,633.10,441.60,85.56,286.99,0.7298,-1,-1,-1
84,25,710.89,459.82,108.44,219.88,0.4661,-1,-1,-1
84,3,564.40,446.28,91.81,335.71,0.5338,-1,-1,-1
84,31,506.42,450.36,92.16,291.67,0.5177,-1,-1,-1
84,19,1079.52,451.25,52.84,144.47,0.2815,-1,-1,-1
85,2,632.95,442.69,87.19,286.96,0.7178,-1,-1,-1
85,21,1263.68,443.44,38.82,102.58,0.5034,-1,-1,-1
85,29,1303.61,419.93,39.12,126.77,0.2484,-1,-1,-1
85,30,632.93,442.70,87.19,286.94,0.7178,-1,-1,-1
85,25,715.78,459.01,105.47,222.10,0.7224,-1,-1,-1
85,3,557.47,444.99,99.63,340.85,0.3941,-1,-1,-1
85,31,510.50,449.47,89.73,295.44,0.4303,-1,-1,-1
85,19,1080.76,454.44,51.92,141.15,0.3725,-1,-1,-1
86,2,634.50,443.49,89.30,286.73,0.6845,-1,-1,-1
86,21,1263.69,443.93,38.29,101.74,0.5155,-1,-1,-1
86,29,1303.72,421.10,38.71,125.50,0.2984,-1,-1,-1
86,30,634.49,443.50,89.29,286.72,0.6845,-1,-1,-1
86,25,719.11,457.11,102.53,224.37,0.8314,-1,-1,-1
86,3,541.98,445.21,113.61,332.87,0.3959,-1,-1,-1
86,31,514.19,450.77,89.13,300.24,0.5027,-1,-1,-1
86,19,1083.77,456.06,48.11,140.21,0.2578,-1,-1,-1
87,2,635.68,443.90,88.39,286.91,0.6815,-1,-1,-1
87,21,1263.36,440.19,37.81,105.44,0.4724,-1,-1,-1
87,29,1303.56,419.78,39.09,126.82,0.3125,-1,-1,-1
87,30,635.68,443.91,88.38,286.89,0.6815,-1,-1,-1
87,25,720.33,456.30,102.10,225.14,0.8185,-1,-1,-1
87,3,538.19,445.33,118.11,331.21,0.4095,-1,-1,-1
87,31,513.79,451.06,91.35,303.92,0.4931,-1,-1,-1
88,2,637.21,445.18,90.96,286.17,0.6508,-1,-1,-1
88,21,1263.35,438.03,37.94,107.44,0.4645,-1,-1,-1
88,29,1303.59,419.41,39.32,127.25,0.3305,-1,-1,-1
88,30,637.21,445.19,90.95,286.16,0.6508,-1,-1,-1
88,25,722.79,454.50,100.21,227.28,0.7907,-1,-1,-1
88,3,547.71,446.37,109.44,334.34,0.3819,-1,-1,-1
88,31,512.83,450.47,93.31,305.02,0.5103,-1,-1,-1
89,2,641.24,446.58,87.99,285.95,0.6839,-1,-1,-1
89,21,1263.14,437.17,38.72,108.52,0.4929,-1,-1,-1
89,29,1303.64,419.04,39.28,127.83,0.3143,-1,-1,-1
89,30,641.24,446.58,87.98,285.94,0.6839,-1,-1,-1
89,25,724.49,452.51,99.37,229.07,0.8361,-1,-1,-1
89,3,561.08,448.22,96.92,333.22,0.4177,-1,-1,-1
89,31,510.08,449.85,94.96,304.54,0.5913,-1,-1,-1
90,2,643.82,445.80,87.20,287.18,0.6771,-1,-1,-1
90,21,1262.77,439.03,39.55,106.29,0.5234,-1,-1,-1
90,29,1303.68,419.30,39.14,127.45,0.3164,-1,-1,-1
90,30,643.81,445.81,87.19,287.18,0.6771,-1,-1,-1
90,25,727.10,452.19,97.35,229.28,0.8250,-1,-1,-1
90,3,581.00,449.24,81.23,298.78,0.3876,-1,-1,-1
90,31,512.84,448.77,95.16,303.43,0.5714,-1,-1,-1
90,19,1081.79,457.46,49.72,139.41,0.3720,-1,-1,-1
91,2,644.57,443.24,88.02,291.56,0.7237,-1,-1,-1
91,21,1262.38,440.33,38.00,105.97,0.4663,-1,-1,-1
91,29,1303.69,417.70,39.19,129.10,0.2522,-1,-1,-1
91,30,644.56,443.25,88.01,291.56,0.7237,-1,-1,-1
91,25,730.57,453.40,94.26,228.02,0.7977,-1,-1,-1
91,3,577.75,448.25,77.08,328.13,0.3522,-1,-1,-1
91,31,512.08,448.85,97.10,299.67,0.6570,-1,-1,-1
91,19,1078.88,459.91,52.99,136.14,0.4869,-1,-1,-1
92,2,645.25,441.19,86.94,293.62,0.7383,-1,-1,-1
92,21,1261.52,440.03,38.13,106.97,0.5487,-1,-1,-1
92,29,1303.34,417.08,39.48,129.87,0.2731,-1,-1,-1
92,30,645.25,441.20,86.93,293.61,0.7383,-1,-1,-1
92,25,732.03,454.13,94.00,227.07,0.7828,-1,-1,-1
92,3,573.12,446.32,80.27,343.24,0.3610,-1,-1,-1
92,31,511.16,447.18,98.02,300.48,0.6778,-1,-1,-1
92,19,1077.76,461.01,53.16,134.26,0.4281,-1,-1,-1
92,34,581.66,446.33,82.09,285.15,0.4587,-1,-1,-1
93,2,645.77,440.90,86.06,293.66,0.7261,-1,-1,-1
93,21,1261.19,439.39,38.40,107.75,0.5374,-1,-1,-1
93,29,1303.29,416.61,39.66,130.16,0.2585,-1,-1,-1
93,30,645.77,440.90,86.05,293.65,0.7261,-1,-1,-1
93,25,735.78,455.24,91.34,226.37,0.7921,-1,-1,-1
93,3,580.96,446.41,79.45,306.83,0.4353,-1,-1,-1
93,31,511.03,446.65,98.80,301.14,0.6936,-1,-1,-1
93,19,1077.46,462.28,53.40,133.31,0.5052,-1,-1,-1
93,34,583.17,446.45,80.67,285.56,0.4353,-1,-1,-1
94,2,646.53,441.11,86.51,295.04,0.7521,-1,-1,-1
94,21,1261.01,440.04,38.88,107.14,0.5447,-1,-1,-1
94,29,1303.15,416.24,39.71,130.60,0.2467,-1,-1,-1
94,30,646.53,441.11,86.51,295.04,0.7521,-1,-1,-1
94,25,738.13,453.21,91.15,228.58,0.8002,-1,-1,-1
94,31,514.17,447.16,95.62,301.58,0.6151,-1,-1,-1
94,19,1077.86,462.60,52.86,133.03,0.4275,-1,-1,-1
95,2,645.16,441.54,91.52,295.21,0.7504,-1,-1,-1
95,21,1259.20,438.47,41.01,109.16,0.6250,-1,-1,-1
95,29,1303.35,417.06,39.73,129.80,0.3052,-1,-1,-1
95,30,645.16,441.54,91.52,295.20,0.7504,-1,-1,-1
95,25,740.64,452.25,89.72,230.06,0.7722,-1,-1,-1
95,31,512.32,447.63,96.87,301.96,0.6223,-1,-1,-1
95,19,1077.68,464.43,52.44,131.04,0.1952,-1,-1,-1
95,3,548.50,445.53,108.70,340.98,0.3669,-1,-1,-1
96,2,644.51,441.88,93.17,295.17,0.7557,-1,-1,-1
96,21,1258.82,437.72,41.33,110.21,0.5565,-1,-1,-1
96,29,1303.71,417.77,39.41,128.83,0.2978,-1,-1,-1
96,30,644.51,441.89,93.17,295.17,0.7557,-1,-1,-1
96,25,744.99,452.95,86.43,229.87,0.8043,-1,-1,-1
96,31,509.90,446.89,97.32,303.44,0.5798,-1,-1,-1
96,3,538.13,444.25,120.39,349.39,0.4021,-1,-1,-1
97,2,645.36,442.18,93.50,294.55,0.7723,-1,-1,-1
97,21,1258.98,436.56,40.81,111.22,0.5153,-1,-1,-1
97,29,1303.91,417.42,39.07,128.88,0.2238,-1,-1,-1
97,30,645.36,442.18,93.50,294.54,0.7723,-1,-1,-1
97,25,747.97,454.23,86.37,229.99,0.7982,-1,-1,-1
97,31,508.76,446.41,98.08,303.55,0.5872,-1,-1,-1
97,3,530.52,443.77,127.78,352.53,0.3806,-1,-1,-1
98,2,645.30,441.90,95.41,295.10,0.8012,-1,-1,-1
98,21,1258.33,437.66,41.18,109.49,0.6639,-1,-1,-1
98,29,1303.74,416.78,39.37,129.40,0.3132,-1,-1,-1
98,30,645.29,441.91,95.40,295.10,0.8012,-1,-1,-1
98,25,752.67,454.93,84.47,231.08,0.8232,-1,-1,-1
98,31,506.28,446.34,99.48,304.75,0.5985,-1,-1,-1
98,3,530.51,443.46,130.14,354.67,0.5206,-1,-1,-1
99,2,644.48,441.71,97.99,296.03,0.8253,-1,-1,-1
99,21,1258.43,439.49,40.48,107.19,0.6562,-1,-1,-1
99,29,1304.05,417.61,39.07,128.75,0.2136,-1,-1,-1
99,30,644.47,441.71,97.99,296.03,0.8253,-1,-1,-1
99,25,752.62,454.23,86.06,232.51,0.8704,-1,-1,-1
99,31,501.97,444.32,104.65,305.39,0.6258,-1,-1,-1
99,3,540.75,444.27,121.04,355.23,0.5022,-1,-1,-1
100,2,647.90,440.83,99.20,298.18,0.8240,-1,-1,-1
100,21,1258.53,440.82,39.98,106.14,0.6803,-1,-1,-1
100,29,1303.80,418.44,39.64,128.22,0.1961,-1,-1,-1
100,30,647.90,440.83,99.20,298.18,0.8240,-1,-1,-1
100,25,754.09,453.36,86.15,234.26,0.8548,-1,-1,-1
100,31,497.81,443.50,108.85,304.15,0.6195,-1,-1,-1
100,3,556.00,442.85,111.28,358.00,0.6555,-1,-1,-1
101,2,648.01,442.70,103.14,295.29,0.8240,-1,-1,-1
101,21,1258.41,441.28,39.22,105.91,0.6868,-1,-1,-1
101,29,1303.86,419.99,39.76,126.92,0.1650,-1,-1,-1
101,30,648.01,442.70,103.14,295.29,0.8240,-1,-1,-1
101,25,755.33,454.85,85.62,234.61,0.8480,-1,-1,-1
101,31,495.52,442.80,110.50,305.18,0.6383,-1,-1,-1
101,3,549.43,443.12,117.09,357.17,0.5384,-1,-1,-1
102,2,650.04,441.88,103.18,295.46,0.8483,-1,-1,-1
102,21,1257.89,441.76,38.52,105.57,0.7129,-1,-1,-1
102,29,1303.78,420.16,39.64,126.73,0.1607,-1,-1,-1
102,30,650.04,441.88,103.18,295.46,0.8483,-1,-1,-1
102,25,755.16,456.01,87.90,233.24,0.8438,-1,-1,-1
102,31,495.53,444.03,110.46,306.03,0.6122,-1,-1,-1
102,3,560.53,443.33,108.28,358.45,0.5517,-1,-1,-1
103,2,651.19,442.39,107.38,294.25,0.8256,-1,-1,-1
103,21,1258.62,443.14,37.51,103.90,0.6121,-1,-1,-1
103,30,651.19,442.39,107.37,294.25,0.8256,-1,-1,-1
103,25,754.71,456.51,88.24,230.77,0.8354,-1,-1,-1
103,31,495.94,445.27,109.98,305.37,0.5846,-1,-1,-1
103,3,543.87,443.31,124.80,355.64,0.4648,-1,-1,-1
103,34,569.13,443.75,102.98,356.75,0.5726,-1,-1,-1
104,2,653.69,441.95,106.52,295.54,0.8416,-1,-1,-1
104,21,1257.83,444.05,37.40,103.52,0.6218,-1,-1,-1
104,30,653.69,441.96,106.51,295.54,0.8416,-1,-1,-1
104,25,755.55,457.08,88.13,231.16,0.8380,-1,-1,-1
104,31,497.56,445.58,109.54,306.55,0.4466,-1,-1,-1
104,3,535.06,439.78,135.09,359.01,0.6119,-1,-1,-1
104,34,544.52,440.10,126.74,360.84,0.6119,-1,-1,-1
105,2,655.78,441.77,106.04,296.61,0.8610,-1,-1,-1
105,21,1257.61,443.32,36.78,104.32,0.5610,-1,-1,-1
105,30,655.78,441.77,106.03,296.60,0.8610,-1,-1,-1
105,25,758.79,458.54,86.09,233.05,0.8464,-1,-1,-1
105,31,500.15,445.84,107.11,307.01,0.2235,-1,-1,-1
105,3,529.46,438.97,142.59,360.12,0.3978,-1,-1,-1
105,34,533.21,439.19,139.01,362.11,0.3978,-1,-1,-1
106,2,657.74,441.41,105.32,298.82,0.8490,-1,-1,-1
106,21,1256.51,442.43,37.81,105.62,0.5500,-1,-1,-1
106,30,657.74,441.41,105.32,298.82,0.8490,-1,-1,-1
106,25,759.48,458.49,86.63,236.14,0.8482,-1,-1,-1
106,31,500.65,443.80,106.74,309.03,0.3121,-1,-1,-1
106,3,527.20,439.16,146.30,359.67,0.6136,-1,-1,-1
106,34,528.36,439.31,144.95,361.62,0.6136,-1,-1,-1
107,2,659.44,441.38,107.88,299.47,0.8189,-1,-1,-1
107,21,1257.39,443.31,35.74,104.72,0.3988,-1,-1,-1
107,30,659.44,441.38,107.88,299.47,0.8189,-1,-1,-1
107,25,760.55,459.23,87.17,238.34,0.8442,-1,-1,-1
107,31,501.37,445.72,107.46,307.10,0.3065,-1,-1,-1
107,3,526.98,439.64,148.42,358.66,0.4966,-1,-1,-1
107,34,527.04,439.76,148.05,360.48,0.4966,-1,-1,-1
108,2,661.52,440.22,105.82,301.31,0.8522,-1,-1,-1
108,21,1258.31,445.11,36.22,103.43,0.3128,-1,-1,-1
108,30,661.52,440.22,105.82,301.31,0.8522,-1,-1,-1
108,25,760.30,456.11,88.73,243.42,0.8468,-1,-1,-1
108,31,501.85,446.46,108.29,307.22,0.2581,-1,-1,-1
108,3,529.79,439.25,150.35,363.94,0.5438,-1,-1,-1
108,34,529.39,439.35,150.36,365.53,0.5438,-1,-1,-1
109,2,662.62,439.18,106.79,303.43,0.4470,-1,-1,-1
109,21,1258.98,446.84,37.24,101.89,0.2198,-1,-1,-1
109,30,662.62,439.18,106.79,303.43,0.4470,-1,-1,-1
109,25,760.92,455.75,89.04,244.44,0.8139,-1,-1,-1
109,31,502.57,447.68,107.24,305.98,0.2449,-1,-1,-1
109,3,532.92,440.01,151.17,365.64,0.3354,-1,-1,-1
110,2,662.99,437.70,104.45,305.10,0.4864,-1,-1,-1
110,21,1251.49,442.77,36.53,104.22,0.3831,-1,-1,-1
110,30,663.78,438.14,104.35,306.21,0.6991,-1,-1,-1
110,25,760.03,457.32,90.50,243.20,0.8440,-1,-1,-1
110,31,503.21,447.25,107.02,306.97,0.2994,-1,-1,-1
110,3,530.24,440.42,154.97,364.63,0.2300,-1,-1,-1
111,2,663.14,437.29,106.03,307.74,0.8965,-1,-1,-1
111,21,1246.19,440.66,38.34,105.74,0.5203,-1,-1,-1
111,30,663.43,437.45,105.99,308.16,0.8965,-1,-1,-1
111,25,760.39,456.49,89.82,243.54,0.8565,-1,-1,-1
111,31,502.35,444.50,108.96,309.36,0.4218,-1,-1,-1
111,3,540.04,439.21,147.09,367.96,0.8075,-1,-1,-1
112,2,665.11,437.47,105.34,308.19,0.8933,-1,-1,-1
112,21,1242.97,440.15,40.31,106.38,0.5227,-1,-1,-1
112,30,665.22,437.53,105.33,308.35,0.8933,-1,-1,-1
112,25,761.16,453.66,88.89,246.74,0.8425,-1,-1,-1
112,3,541.81,438.47,144.88,369.10,0.7199,-1,-1,-1
113,2,666.50,437.59,105.61,311.87,0.9030,-1,-1,-1
113,21,1242.11,440.90,40.57,105.50,0.5244,-1,-1,-1
113,30,666.53,437.61,105.61,311.93,0.9030,-1,-1,-1
113,25,763.24,452.81,87.19,247.36,0.8013,-1,-1,-1
113,3,547.27,437.57,139.27,371.78,0.8185,-1,-1,-1
114,2,668.09,438.55,103.45,314.08,0.9010,-1,-1,-1
114,21,1241.37,441.15,39.49,104.29,0.6147,-1,-1,-1
114,30,668.09,438.55,103.45,314.09,0.9010,-1,-1,-1
114,25,764.67,453.75,86.59,243.46,0.6752,-1,-1,-1
114,3,541.07,437.28,145.90,371.88,0.6691,-1,-1,-1
114,19,1080.23,444.47,53.84,147.92,0.3684,-1,-1,-1
115,2,669.30,438.90,101.16,313.46,0.9012,-1,-1,-1
115,21,1240.44,441.42,39.20,103.31,0.6286,-1,-1,-1
115,30,669.30,438.90,101.16,313.46,0.9012,-1,-1,-1
115,25,766.35,455.44,88.04,243.64,0.6194,-1,-1,-1
115,3,556.38,439.01,131.53,370.62,0.8030,-1,-1,-1
115,19,1083.28,443.17,52.40,147.84,0.3472,-1,-1,-1
116,2,671.42,438.88,98.23,312.09,0.8869,-1,-1,-1
116,21,1239.63,441.92,38.95,101.86,0.6516,-1,-1,-1
116,30,671.41,438.87,98.23,312.08,0.8869,-1,-1,-1
116,25,767.07,453.40,88.47,246.60,0.6764,-1,-1,-1
116,3,558.72,437.68,128.87,373.43,0.6569,-1,-1,-1
116,19,1084.34,444.41,51.51,146.62,0.4017,-1,-1,-1
117,2,671.95,439.62,98.51,311.52,0.8905,-1,-1,-1
117,21,1239.92,442.18,37.66,100.32,0.6269,-1,-1,-1
117,30,671.94,439.62,98.51,311.51,0.8905,-1,-1,-1
117,25,769.71,454.05,86.41,245.66,0.5359,-1,-1,-1
117,3,546.54,437.98,142.07,372.52,0.6732,-1,-1,-1
117,19,1085.14,444.28,51.43,147.51,0.4533,-1,-1,-1
118,2,673.97,439.80,94.91,312.76,0.8822,-1,-1,-1
118,21,1239.84,442.77,37.44,99.58,0.6003,-1,-1,-1
118,30,673.97,439.80,94.91,312.75,0.8822,-1,-1,-1
118,25,769.54,454.54,84.92,242.97,0.6984,-1,-1,-1
118,3,532.46,438.47,157.12,378.41,0.7303,-1,-1,-1
118,19,1084.13,443.24,52.24,149.30,0.4815,-1,-1,-1
119,2,674.52,440.31,94.82,316.37,0.8964,-1,-1,-1
119,21,1238.81,443.55,37.87,97.02,0.5873,-1,-1,-1
119,30,674.52,440.31,94.82,316.37,0.8964,-1,-1,-1
119,25,769.59,453.20,89.59,244.33,0.7915,-1,-1,-1
119,3,525.02,440.48,165.45,379.70,0.8238,-1,-1,-1
119,19,1084.06,445.43,52.29,145.70,0.4386,-1,-1,-1
120,2,676.82,440.92,94.30,317.44,0.8998,-1,-1,-1
120,21,1237.36,443.35,38.25,99.61,0.5721,-1,-1,-1
120,30,676.82,440.92,94.30,317.43,0.8998,-1,-1,-1
120,25,771.02,453.13,93.03,245.59,0.7945,-1,-1,-1
120,3,522.38,442.94,169.26,381.99,0.8229,-1,-1,-1
120,19,1083.47,446.77,52.32,140.55,0.3461,-1,-1,-1
121,2,678.46,440.84,93.44,318.81,0.8975,-1,-1,-1
121,21,1238.05,443.15,35.67,101.32,0.5124,-1,-1,-1
121,30,678.45,440.84,93.44,318.80,0.8975,-1,-1,-1
121,25,769.87,455.06,99.78,244.59,0.7522,-1,-1,-1
121,3,523.14,444.26,168.76,385.58,0.7603,-1,-1,-1
121,19,1083.74,448.04,52.05,139.99,0.3205,-1,-1,-1
122,2,680.41,440.39,95.05,320.26,0.8826,-1,-1,-1
122,21,1236.99,445.76,34.11,99.03,0.4565,-1,-1,-1
122,30,680.41,440.39,95.05,320.26,0.8826,-1,-1,-1
122,25,773.97,453.89,103.23,247.06,0.5060,-1,-1,-1
122,3,522.77,445.58,172.90,385.53,0.8367,-1,-1,-1
122,19,1083.12,453.68,50.73,138.89,0.4529,-1,-1,-1
123,2,683.68,439.75,93.18,321.17,0.8921,-1,-1,-1
123,21,1236.20,451.13,34.52,95.28,0.6042,-1,-1,-1
123,30,683.67,439.75,93.18,321.16,0.8921,-1,-1,-1
123,25,772.92,456.58,109.09,244.73,0.6766,-1,-1,-1
123,3,525.05,443.31,173.76,389.41,0.8265,-1,-1,-1
123,19,1083.12,454.45,49.85,139.71,0.4782,-1,-1,-1
124,2,685.30,438.84,92.15,322.76,0.8882,-1,-1,-1
124,21,1235.66,453.74,34.89,93.83,0.6686,-1,-1,-1
124,30,685.29,438.84,92.15,322.76,0.8882,-1,-1,-1
124,25,773.53,456.70,110.85,245.23,0.8219,-1,-1,-1
124,3,532.32,442.48,166.37,393.09,0.7738,-1,-1,-1
124,19,1084.12,455.39,48.72,138.55,0.2839,-1,-1,-1
125,2,685.39,438.17,91.53,324.19,0.8807,-1,-1,-1
125,21,1234.29,455.35,35.08,93.94,0.6557,-1,-1,-1
125,30,685.39,438.17,91.53,324.19,0.8807,-1,-1,-1
125,25,777.92,459.44,109.14,243.79,0.8194,-1,-1,-1
125,3,532.46,442.22,166.50,393.67,0.7874,-1,-1,-1
125,19,1083.26,457.78,49.26,137.08,0.5076,-1,-1,-1
126,2,685.06,438.09,93.86,324.28,0.8695,-1,-1,-1
126,21,1231.57,453.81,36.23,96.65,0.6286,-1,-1,-1
126,30,685.06,438.09,93.86,324.28,0.8695,-1,-1,-1
126,25,779.36,457.57,105.33,246.47,0.8305,-1,-1,-1
126,3,541.14,442.33,158.53,393.22,0.7394,-1,-1,-1
126,19,1083.04,459.76,47.78,135.59,0.3756,-1,-1,-1
127,2,684.07,438.31,96.33,324.86,0.8632,-1,-1,-1
127,21,1228.55,452.95,38.35,98.49,0.5796,-1,-1,-1
127,30,684.07,438.31,96.33,324.86,0.8632,-1,-1,-1
127,25,781.54,456.53,101.48,249.01,0.8168,-1,-1,-1
127,3,537.12,441.55,163.94,394.01,0.7750,-1,-1,-1
127,19,1082.50,460.96,48.32,134.62,0.4017,-1,-1,-1
128,2,684.03,437.98,100.91,325.93,0.8485,-1,-1,-1
128,21,1226.63,453.68,40.05,98.38,0.4569,-1,-1,-1
128,30,684.03,437.98,100.91,325.93,0.8485,-1,-1,-1
128,25,782.73,459.98,99.11,245.22,0.7486,-1,-1,-1
128,3,546.33,440.85,158.24,394.46,0.7605,-1,-1,-1
128,19,1081.09,461.97,51.06,133.78,0.4804,-1,-1,-1
129,2,683.20,438.01,102.71,326.40,0.8504,-1,-1,-1
129,21,1225.07,459.20,41.65,93.85,0.2609,-1,-1,-1
129,30,683.20,438.01,102.71,326.40,0.8504,-1,-1,-1
129,25,785.00,458.31,99.35,246.29,0.7836,-1,-1,-1
129,3,545.68,441.80,162.53,393.00,0.8011,-1,-1,-1
129,19,1082.08,462.68,49.71,133.18,0.4288,-1,-1,-1
130,2,682.32,437.80,104.17,327.14,0.8484,-1,-1,-1
130,21,1224.30,454.45,42.00,99.35,0.2960,-1,-1,-1
130,30,682.32,437.79,104.17,327.14,0.8484,-1,-1,-1
130,25,786.67,458.26,98.89,246.65,0.8241,-1,-1,-1
130,3,544.25,441.04,167.36,391.60,0.7639,-1,-1,-1
130,19,1081.96,464.14,50.80,131.73,0.5019,-1,-1,-1
131,2,681.34,437.32,104.96,328.99,0.8573,-1,-1,-1
131,21,1224.09,457.97,42.94,96.21,0.2097,-1,-1,-1
131,30,681.34,437.32,104.96,328.99,0.8573,-1,-1,-1
131,25,789.23,458.62,98.88,248.04,0.8207,-1,-1,-1
131,3,554.73,439.78,159.68,391.33,0.6101,-1,-1,-1
131,19,1083.99,463.43,48.66,132.57,0.4260,-1,-1,-1
132,2,682.77,436.43,103.45,330.67,0.8773,-1,-1,-1
132,21,1223.26,461.50,40.76,92.45,0.1858,-1,-1,-1
132,30,682.77,436.43,103.45,330.67,0.8773,-1,-1,-1
132,25,791.14,457.50,99.32,250.11,0.8486,-1,-1,-1
132,3,576.09,439.47,138.89,392.06,0.5939,-1,-1,-1
132,19,1083.55,464.01,50.01,132.38,0.2538,-1,-1,-1
133,2,683.88,435.76,102.60,331.40,0.8654,-1,-1,-1
133,21,1222.71,462.21,39.88,91.66,0.1951,-1,-1,-1
133,30,683.88,435.76,102.60,331.40,0.8654,-1,-1,-1
133,25,792.31,458.64,98.68,249.82,0.8560,-1,-1,-1
133,3,588.59,439.69,126.99,392.62,0.7014,-1,-1,-1
133,19,1083.21,463.29,49.99,133.03,0.2971,-1,-1,-1
134,2,685.29,434.73,103.45,332.55,0.8695,-1,-1,-1
134,21,1221.95,460.27,39.23,93.67,0.2698,-1,-1,-1
134,30,685.29,434.73,103.45,332.55,0.8695,-1,-1,-1
134,25,793.64,455.31,99.81,252.91,0.8500,-1,-1,-1
134,3,591.01,439.89,126.46,393.30,0.6952,-1,-1,-1
134,19,1082.88,458.96,52.38,137.29,0.2067,-1,-1,-1
135,2,685.83,433.20,104.72,332.46,0.8706,-1,-1,-1
135,30,685.83,433.20,104.72,332.46,0.8706,-1,-1,-1
135,25,792.29,451.86,102.07,257.23,0.7861,-1,-1,-1
135,3,589.35,439.28,129.40,397.05,0.1735,-1,-1,-1
135,19,1082.88,455.80,52.65,140.53,0.1773,-1,-1,-1
136,2,686.28,433.16,105.42,331.45,0.8725,-1,-1,-1
136,30,686.28,433.16,105.42,331.45,0.8725,-1,-1,-1
136,25,793.59,450.98,100.35,258.43,0.7887,-1,-1,-1
136,3,584.75,438.07,135.41,404.14,0.6906,-1,-1,-1
136,19,1088.31,451.03,53.76,138.52,0.1652,-1,-1,-1
136,38,490.21,457.58,41.04,112.34,0.3484,-1,-1,-1
137,2,690.11,433.79,103.71,329.23,0.8800,-1,-1,-1
137,30,690.11,433.79,103.71,329.23,0.8800,-1,-1,-1
137,25,795.51,452.23,99.35,258.05,0.8513,-1,-1,-1
137,3,587.67,438.18,133.62,412.52,0.7581,-1,-1,-1
137,19,1085.34,453.52,52.36,139.23,0.1832,-1,-1,-1
137,38,489.46,461.80,39.86,107.74,0.4881,-1,-1,-1
138,2,691.91,434.70,107.07,329.07,0.8714,-1,-1,-1
138,30,691.91,434.70,107.07,329.07,0.8714,-1,-1,-1
138,25,800.92,451.70,95.36,258.15,0.8678,-1,-1,-1
138,3,585.98,437.97,136.07,420.74,0.7649,-1,-1,-1
138,19,1084.34,454.58,50.48,139.66,0.1760,-1,-1,-1
138,38,489.93,463.24,38.18,106.00,0.3837,-1,-1,-1
139,2,694.57,434.69,107.74,330.15,0.8716,-1,-1,-1
139,30,694.57,434.69,107.74,330.15,0.8716,-1,-1,-1
139,25,806.12,450.21,92.05,260.32,0.8529,-1,-1,-1
139,3,583.07,437.58,139.39,425.85,0.7025,-1,-1,-1
139,19,1083.65,457.72,48.09,136.85,0.1935,-1,-1,-1
139,38,490.06,463.11,38.34,106.37,0.5356,-1,-1,-1
140,2,694.61,435.10,111.18,330.31,0.8669,-1,-1,-1
140,30,694.61,435.10,111.18,330.31,0.8669,-1,-1,-1
140,25,811.42,451.27,82.37,263.63,0.7475,-1,-1,-1
140,3,583.72,436.91,139.10,427.90,0.6408,-1,-1,-1
140,19,1084.20,458.58,46.06,136.85,0.2417,-1,-1,-1
140,38,489.69,463.49,37.58,106.71,0.4811,-1,-1,-1
141,2,694.31,434.30,114.89,332.29,0.8691,-1,-1,-1
141,30,694.31,434.30,114.89,332.29,0.8691,-1,-1,-1
141,25,815.25,450.83,82.28,263.70,0.6103,-1,-1,-1
141,3,576.57,436.60,145.96,428.61,0.5871,-1,-1,-1
141,19,1084.49,456.58,47.27,138.57,0.3002,-1,-1,-1
141,38,488.51,462.95,38.23,107.31,0.3583,-1,-1,-1
141,21,1212.94,451.41,37.32,101.83,0.4565,-1,-1,-1
142,2,694.35,433.91,121.04,333.97,0.3977,-1,-1,-1
142,30,694.35,433.91,121.04,333.97,0.3977,-1,-1,-1
142,25,817.70,448.61,84.13,267.67,0.8106,-1,-1,-1
142,3,575.48,436.79,147.11,425.24,0.5838,-1,-1,-1
142,19,1084.13,455.32,48.13,139.62,0.2931,-1,-1,-1
142,38,487.94,463.10,38.17,106.98,0.1976,-1,-1,-1
142,21,1210.86,451.19,37.50,100.97,0.3749,-1,-1,-1
143,2,694.25,434.89,127.38,333.64,0.2602,-1,-1,-1
143,30,694.60,436.29,128.43,330.75,0.8021,-1,-1,-1
143,25,819.78,448.46,83.58,268.44,0.7976,-1,-1,-1
143,3,572.03,436.74,149.90,427.10,0.6322,-1,-1,-1
143,19,1083.38,451.77,49.49,143.02,0.3487,-1,-1,-1
143,21,1209.74,445.12,37.31,108.54,0.3245,-1,-1,-1
144,2,693.72,437.80,133.73,331.94,0.4890,-1,-1,-1
144,30,693.86,438.33,134.13,330.85,0.4890,-1,-1,-1
144,25,821.36,450.91,83.57,264.76,0.5990,-1,-1,-1
144,3,568.08,437.54,153.70,428.46,0.6233,-1,-1,-1
144,19,1082.85,457.06,48.97,137.92,0.3655,-1,-1,-1
144,21,1207.27,443.46,37.44,110.24,0.1880,-1,-1,-1
145,2,693.69,437.86,138.31,332.86,0.5460,-1,-1,-1
145,30,694.67,438.79,137.24,331.81,0.7780,-1,-1,-1
145,25,825.92,452.01,80.52,260.10,0.5947,-1,-1,-1
145,3,554.65,437.08,166.82,435.37,0.7030,-1,-1,-1
145,19,1083.46,457.06,47.22,138.04,0.2634,-1,-1,-1
145,21,1207.22,444.23,35.05,108.79,0.3253,-1,-1,-1
145,39,876.42,438.25,88.19,244.00,0.3835,-1,-1,-1
146,2,697.07,438.07,137.64,333.89,0.8359,-1,-1,-1
146,30,697.46,438.42,137.21,333.51,0.8359,-1,-1,-1
146,25,828.38,454.09,79.41,256.46,0.7562,-1,-1,-1
146,3,543.97,435.88,177.39,442.70,0.7441,-1,-1,-1
146,19,1082.97,459.68,47.11,135.57,0.4045,-1,-1,-1
146,21,1206.71,444.68,34.53,105.97,0.4401,-1,-1,-1
146,39,877.65,434.12,85.55,248.04,0.2641,-1,-1,-1
146,38,476.80,472.56,45.90,100.43,0.3620,-1,-1,-1
147,2,700.85,438.49,135.22,335.30,0.8379,-1,-1,-1
147,30,701.00,438.61,135.06,335.17,0.8379,-1,-1,-1
147,25,829.81,457.55,79.54,251.62,0.7122,-1,-1,-1
147,3,539.72,436.44,179.99,447.80,0.7617,-1,-1,-1
147,19,1083.00,461.27,46.74,133.92,0.4649,-1,-1,-1
147,21,1203.53,446.74,35.30,102.98,0.4035,-1,-1,-1
147,39,877.42,431.50,87.79,249.80,0.3527,-1,-1,-1
147,38,474.79,471.03,47.05,101.64,0.3028,-1,-1,-1
148,2,703.51,439.66,133.44,333.76,0.8639,-1,-1,-1
148,30,703.57,439.70,133.38,333.74,0.8639,-1,-1,-1
148,25,830.36,457.73,81.06,252.39,0.7668,-1,-1,-1
148,3,537.61,436.75,181.44,452.18,0.7375,-1,-1,-1
148,19,1083.52,460.68,46.99,134.33,0.4935,-1,-1,-1
148,21,1201.47,448.47,36.52,102.12,0.3854,-1,-1,-1
148,39,881.58,431.60,84.48,248.56,0.3304,-1,-1,-1
148,38,474.34,471.38,46.79,101.84,0.3638,-1,-1,-1
149,2,707.02,440.21,130.71,335.13,0.8704,-1,-1,-1
149,30,707.04,440.22,130.69,335.14,0.8704,-1,-1,-1
149,25,830.72,456.40,82.84,255.33,0.7715,-1,-1,-1
149,3,540.01,437.42,176.41,453.13,0.7694,-1,-1,-1
149,19,1082.70,458.07,46.71,136.44,0.3687,-1,-1,-1
149,21,1199.82,448.42,37.44,102.12,0.4168,-1,-1,-1
149,39,885.67,437.84,84.89,242.46,0.5555,-1,-1,-1
149,38,473.29,470.59,47.01,102.22,0.2863,-1,-1,-1
150,2,710.28,440.18,127.42,335.67,0.8601,-1,-1,-1
150,30,710.29,440.17,127.41,335.69,0.8601,-1,-1,-1
150,25,830.60,452.55,86.37,259.77,0.7884,-1,-1,-1
150,3,540.15,436.52,177.14,455.92,0.8035,-1,-1,-1
150,19,1081.77,459.83,47.08,134.40,0.4065,-1,-1,-1
150,21,1197.61,449.70,39.12,100.39,0.4547,-1,-1,-1
150,39,889.55,440.51,79.70,239.19,0.6714,-1,-1,-1
150,38,471.29,471.89,44.81,100.98,0.3385,-1,-1,-1
151,2,713.28,439.76,126.19,338.06,0.8608,-1,-1,-1
151,30,713.28,439.75,126.19,338.08,0.8608,-1,-1,-1
151,25,830.25,450.75,88.97,262.35,0.7967,-1,-1,-1
151,3,538.72,437.06,176.02,455.14,0.8243,-1,-1,-1
151,19,1081.75,458.10,47.57,135.64,0.4029,-1,-1,-1
151,21,1196.87,452.93,39.35,96.69,0.4965,-1,-1,-1
151,39,891.52,440.00,81.52,238.60,0.7159,-1,-1,-1
151,38,469.94,473.45,44.65,99.71,0.4070,-1,-1,-1
152,2,715.98,437.64,122.36,340.79,0.8530,-1,-1,-1
152,30,715.97,437.63,122.36,340.80,0.8530,-1,-1,-1
152,25,830.22,447.14,89.94,270.72,0.8149,-1,-1,-1
152,3,537.02,436.78,178.83,456.42,0.7970,-1,-1,-1
152,19,1081.99,457.95,48.04,135.44,0.3640,-1,-1,-1
152,21,1195.11,452.79,40.18,96.37,0.5541,-1,-1,-1
152,39,891.32,439.39,81.79,240.62,0.3374,-1,-1,-1
152,38,469.41,473.92,45.37,97.91,0.1908,-1,-1,-1
153,2,716.41,435.80,123.40,343.13,0.8600,-1,-1,-1
153,30,716.40,435.79,123.40,343.15,0.8600,-1,-1,-1
153,25,830.75,446.45,90.07,271.94,0.8307,-1,-1,-1
153,3,532.63,436.01,174.64,456.37,0.8350,-1,-1,-1
153,19,1081.07,454.30,48.75,139.44,0.3878,-1,-1,-1
153,21,1194.00,452.42,39.39,96.24,0.5765,-1,-1,-1
153,39,892.66,437.93,80.14,217.49,0.1612,-1,-1,-1
153,38,468.47,474.40,45.80,96.33,0.1790,-1,-1,-1
154,2,717.96,435.69,122.75,342.61,0.8580,-1,-1,-1
154,30,717.95,435.68,122.75,342.63,0.8580,-1,-1,-1
154,25,832.11,448.79,87.80,271.54,0.8113,-1,-1,-1
154,3,529.66,431.75,173.75,460.21,0.8338,-1,-1,-1
154,19,1081.97,454.87,46.83,138.83,0.1703,-1,-1,-1
154,21,1193.23,452.11,38.50,96.32,0.6543,-1,-1,-1
154,39,894.75,437.24,76.34,232.65,0.4893,-1,-1,-1
154,38,467.33,477.14,46.08,92.96,0.1651,-1,-1,-1
155,2,719.33,435.70,123.82,342.78,0.8629,-1,-1,-1
155,30,719.32,435.70,123.82,342.80,0.8629,-1,-1,-1
155,25,832.98,448.01,87.74,274.95,0.8180,-1,-1,-1
155,3,524.97,431.76,177.31,461.32,0.8344,-1,-1,-1
155,19,1080.28,457.87,47.86,136.22,0.2153,-1,-1,-1
155,21,1192.13,452.55,38.28,96.06,0.6655,-1,-1,-1
155,39,896.92,437.14,75.02,240.32,0.5782,-1,-1,-1
155,38,466.51,478.64,45.76,92.03,0.3045,-1,-1,-1
156,2,721.04,434.09,123.15,343.52,0.8578,-1,-1,-1
156,30,721.04,434.08,123.15,343.54,0.8578,-1,-1,-1
156,25,833.95,445.56,88.80,279.75,0.8244,-1,-1,-1
156,3,523.98,432.45,174.56,460.27,0.8372,-1,-1,-1
156,19,1080.16,459.35,47.64,134.27,0.2647,-1,-1,-1
156,21,1191.36,451.15,37.06,96.30,0.6494,-1,-1,-1
156,39,898.83,437.53,72.38,245.41,0.5673,-1,-1,-1
156,38,465.31,478.45,44.82,91.30,0.2912,-1,-1,-1
157,2,722.51,433.19,125.20,343.28,0.8651,-1,-1,-1
157,30,722.51,433.18,125.20,343.30,0.8651,-1,-1,-1
157,25,837.26,444.90,88.26,283.05,0.7788,-1,-1,-1
157,3,522.16,433.33,175.13,459.95,0.8234,-1,-1,-1
157,19,1080.56,460.68,47.59,132.90,0.2473,-1,-1,-1
157,21,1190.80,453.65,34.35,94.11,0.5697,-1,-1,-1
157,39,901.74,437.03,71.66,249.44,0.4025,-1,-1,-1
157,38,465.85,476.04,43.27,93.71,0.2002,-1,-1,-1
158,2,725.71,432.43,129.22,342.57,0.8403,-1,-1,-1
158,30,725.71,432.42,129.22,342.58,0.8403,-1,-1,-1
158,25,842.37,444.91,87.62,284.73,0.8331,-1,-1,-1
158,3,521.99,431.96,174.07,461.34,0.8440,-1,-1,-1
158,19,1081.19,461.06,48.28,133.45,0.2670,-1,-1,-1
158,21,1191.61,457.97,30.59,89.38,0.4092,-1,-1,-1
158,39,904.28,440.05,71.66,176.40,0.4595,-1,-1,-1
158,38,465.57,476.17,42.78,91.99,0.2328,-1,-1,-1
159,2,729.73,431.84,130.10,341.93,0.8435,-1,-1,-1
159,30,729.72,431.84,130.10,341.94,0.8435,-1,-1,-1
159,25,845.85,445.33,83.73,286.01,0.8520,-1,-1,-1
159,3,521.35,431.82,173.96,461.37,0.8679,-1,-1,-1
159,19,1082.58,460.49,45.74,134.18,0.2890,-1,-1,-1
159,21,1191.58,458.28,28.85,88.36,0.2623,-1,-1,-1
159,39,907.29,442.09,71.66,145.06,0.2295,-1,-1,-1
159,38,465.31,473.83,41.54,93.35,0.1941,-1,-1,-1
159,47,666.45,438.46,82.58,346.63,0.3859,-1,-1,-1
160,2,735.04,431.20,126.58,342.77,0.8520,-1,-1,-1
160,30,735.04,431.20,126.58,342.78,0.8520,-1,-1,-1
160,25,847.74,446.01,83.01,285.42,0.8401,-1,-1,-1
160,3,521.61,430.88,173.48,460.80,0.8479,-1,-1,-1
160,19,1082.18,460.54,45.56,134.66,0.2575,-1,-1,-1
160,39,909.54,441.53,72.93,137.50,0.3335,-1,-1,-1
160,38,465.17,473.33,41.18,94.99,0.1909,-1,-1,-1
160,47,667.72,439.05,82.16,346.96,0.4577,-1,-1,-1
161,2,738.96,430.57,124.10,343.96,0.8700,-1,-1,-1
161,30,738.95,430.56,124.10,343.97,0.8700,-1,-1,-1
161,25,848.84,447.04,85.05,283.07,0.8354,-1,-1,-1
161,3,522.50,430.79,173.38,458.70,0.8366,-1,-1,-1
161,19,1081.54,461.05,45.98,133.62,0.2864,-1,-1,-1
161,39,913.52,441.69,73.15,137.95,0.3154,-1,-1,-1
161,38,465.21,472.34,38.09,95.15,0.1643,-1,-1,-1
161,47,668.54,440.55,82.36,346.92,0.6166,-1,-1,-1
162,2,742.52,430.75,122.15,346.24,0.8631,-1,-1,-1
162,30,742.51,430.75,122.15,346.25,0.8631,-1,-1,-1
162,25,849.55,447.86,87.21,282.90,0.8344,-1,-1,-1
162,3,520.54,431.58,176.36,458.92,0.8131,-1,-1,-1
162,19,1082.27,460.79,44.84,132.98,0.1754,-1,-1,-1
162,39,916.98,443.56,73.54,132.74,0.2748,-1,-1,-1
162,47,669.73,441.44,81.59,351.14,0.6603,-1,-1,-1
163,2,744.57,432.94,121.46,345.34,0.8293,-1,-1,-1
163,30,744.57,432.94,121.46,345.34,0.8293,-1,-1,-1
163,25,851.36,448.54,88.90,282.59,0.8402,-1,-1,-1
163,3,522.17,431.51,177.60,460.90,0.8192,-1,-1,-1
163,19,1082.61,461.35,45.01,132.38,0.1904,-1,-1,-1
163,39,920.47,441.12,78.32,219.85,0.6399,-1,-1,-1
163,47,671.43,441.85,80.51,356.82,0.5817,-1,-1,-1
163,21,1189.14,446.43,29.72,99.64,0.4809,-1,-1,-1
164,2,746.75,435.23,121.34,344.50,0.8677,-1,-1,-1
164,30,746.75,435.23,121.34,344.51,0.8677,-1,-1,-1
164,25,852.33,449.35,95.07,283.11,0.8154,-1,-1,-1
164,3,521.95,430.38,181.47,465.23,0.8126,-1,-1,-1
164,19,1082.29,462.29,45.40,130.80,0.3230,-1,-1,-1
164,39,922.21,440.32,81.97,244.76,0.6327,-1,-1,-1
164,47,673.06,441.84,81.37,358.58,0.5548,-1,-1,-1
164,48,1139.40,437.12,45.16,109.77,0.5050,-1,-1,-1
164,21,1187.63,440.77,32.14,105.95,0.3101,-1,-1,-1
165,2,747.63,435.23,121.37,344.78,0.8812,-1,-1,-1
165,30,747.63,435.23,121.37,344.78,0.8812,-1,-1,-1
165,25,854.13,450.18,102.66,282.42,0.7274,-1,-1,-1
165,3,523.31,429.03,185.75,466.92,0.8124,-1,-1,-1
165,19,1081.65,463.19,47.00,130.45,0.2635,-1,-1,-1
165,39,920.58,439.13,86.16,259.68,0.6019,-1,-1,-1
165,47,672.40,441.99,88.89,354.99,0.7298,-1,-1,-1
165,48,1145.26,441.13,39.28,104.67,0.1607,-1,-1,-1
165,21,1187.22,452.77,30.75,93.16,0.3017,-1,-1,-1
166,2,749.03,434.57,120.99,347.80,0.8839,-1,-1,-1
166,30,749.03,434.56,120.99,347.80,0.8839,-1,-1,-1
166,25,856.53,453.01,109.65,279.63,0.6706,-1,-1,-1
166,3,523.23,429.15,189.62,468.30,0.8167,-1,-1,-1
166,19,1081.15,461.11,48.28,132.49,0.2763,-1,-1,-1
166,39,926.44,437.18,81.94,260.02,0.5665,-1,-1,-1
166,47,672.77,441.96,92.84,356.54,0.7669,-1,-1,-1
166,48,1143.96,445.94,37.85,99.25,0.2948,-1,-1,-1
166,21,1187.01,458.56,30.60,87.42,0.2728,-1,-1,-1
167,2,749.76,433.50,120.75,350.03,0.8953,-1,-1,-1
167,30,749.76,433.50,120.75,350.04,0.8953,-1,-1,-1
167,25,859.15,451.11,119.08,281.14,0.5077,-1,-1,-1
167,3,529.76,431.50,189.79,468.52,0.7834,-1,-1,-1
167,19,1080.69,459.93,48.92,133.88,0.2844,-1,-1,-1
167,39,930.80,436.71,78.64,261.42,0.6596,-1,-1,-1
167,47,672.91,441.61,93.96,356.45,0.7411,-1,-1,-1
167,48,1143.40,446.68,33.90,99.78,0.3083,-1,-1,-1
167,21,1187.46,460.92,30.60,86.66,0.2012,-1,-1,-1
168,2,751.57,433.42,119.66,352.60,0.9001,-1,-1,-1
168,30,751.57,433.42,119.66,352.60,0.9001,-1,-1,-1
168,25,861.77,447.12,121.60,285.89,0.6803,-1,-1,-1
168,3,531.07,433.07,200.16,467.57,0.7715,-1,-1,-1
168,19,1080.53,459.76,48.72,133.57,0.2888,-1,-1,-1
168,39,936.35,434.71,74.88,258.91,0.6522,-1,-1,-1
168,47,673.41,441.76,93.16,357.84,0.7557,-1,-1,-1
168,48,1145.98,441.53,41.10,104.56,0.3700,-1,-1,-1
168,21,1187.04,460.46,31.02,86.35,0.1604,-1,-1,-1
169,2,752.52,434.67,118.44,352.65,0.8990,-1,-1,-1
169,30,752.52,434.67,118.44,352.65,0.8990,-1,-1,-1
169,25,863.66,445.46,120.28,288.44,0.8466,-1,-1,-1
169,3,532.25,430.00,209.57,469.04,0.7510,-1,-1,-1
169,19,1080.65,458.36,48.16,135.44,0.2775,-1,-1,-1
169,39,941.09,433.30,71.84,252.31,0.5474,-1,-1,-1
169,47,674.46,441.96,92.38,358.32,0.7593,-1,-1,-1
169,48,1147.59,439.46,42.11,106.79,0.4122,-1,-1,-1
170,2,754.88,435.21,116.23,353.01,0.9002,-1,-1,-1
170,30,754.88,435.21,116.23,353.02,0.9002,-1,-1,-1
170,25,867.11,445.07,117.92,289.87,0.8676,-1,-1,-1
170,3,532.92,428.82,218.72,470.03,0.7224,-1,-1,-1
170,19,1080.69,457.85,48.08,135.52,0.2952,-1,-1,-1
170,39,943.73,433.22,71.80,243.25,0.6027,-1,-1,-1
170,47,676.67,441.68,89.58,358.25,0.7459,-1,-1,-1
170,48,1147.54,441.54,43.79,105.24,0.4850,-1,-1,-1
171,2,757.14,435.23,113.98,354.05,0.8922,-1,-1,-1
171,30,757.14,435.23,113.98,354.05,0.8922,-1,-1,-1
171,25,869.21,445.04,116.73,291.03,0.8669,-1,-1,-1
171,3,535.35,428.06,225.36,471.49,0.4846,-1,-1,-1
171,19,1082.09,456.38,46.62,136.18,0.2383,-1,-1,-1
171,39,946.52,435.16,72.84,247.31,0.7223,-1,-1,-1
171,47,677.80,441.60,89.66,359.87,0.7555,-1,-1,-1
171,48,1147.46,443.44,45.91,103.43,0.5067,-1,-1,-1
171,50,533.70,429.62,239.96,470.73,0.8876,-1,-1,-1
172,2,759.90,435.43,114.94,352.52,0.8850,-1,-1,-1
172,30,759.90,435.43,114.94,352.52,0.8850,-1,-1,-1
172,25,870.66,445.18,114.60,291.89,0.8746,-1,-1,-1
172,3,537.42,430.32,226.14,470.60,0.5813,-1,-1,-1
172,19,1083.16,455.09,45.78,138.00,0.2997,-1,-1,-1
172,39,950.42,435.51,74.47,250.50,0.7390,-1,-1,-1
172,47,679.92,442.93,86.68,359.05,0.7210,-1,-1,-1
172,48,1146.95,445.47,44.74,102.23,0.4651,-1,-1,-1
172,50,535.79,432.44,240.39,469.98,0.8790,-1,-1,-1
173,2,761.69,436.03,116.32,349.54,0.8772,-1,-1,-1
173,30,761.69,436.02,116.32,349.54,0.8772,-1,-1,-1
173,25,872.22,444.31,111.91,293.65,0.8519,-1,-1,-1
173,3,538.21,431.27,231.60,470.37,0.8928,-1,-1,-1
173,19,1083.94,455.71,45.23,137.40,0.3148,-1,-1,-1
173,39,952.14,433.98,76.26,255.25,0.6771,-1,-1,-1
173,47,680.26,444.38,89.25,356.05,0.6703,-1,-1,-1
173,48,1146.25,447.02,42.33,100.92,0.3793,-1,-1,-1
173,50,538.00,432.27,234.39,469.76,0.8928,-1,-1,-1
174,2,762.59,437.84,117.49,350.44,0.8838,-1,-1,-1
174,30,762.59,437.83,117.49,350.44,0.8838,-1,-1,-1
174,25,873.29,444.06,113.66,294.68,0.8503,-1,-1,-1
174,3,542.89,432.94,230.13,469.61,0.8529,-1,-1,-1
174,19,1083.89,456.51,45.48,137.09,0.4023,-1,-1,-1
174,39,953.93,434.31,75.64,255.82,0.5887,-1,-1,-1
174,47,684.09,447.38,86.26,353.14,0.5683,-1,-1,-1
174,48,1147.08,449.56,41.55,99.12,0.3385,-1,-1,-1
174,50,543.78,433.60,228.39,468.99,0.8529,-1,-1,-1
175,2,766.77,438.88,116.30,351.70,0.8782,-1,-1,-1
175,30,766.77,438.88,116.30,351.70,0.8782,-1,-1,-1
175,25,874.32,443.66,114.95,295.96,0.8353,-1,-1,-1
175,3,550.63,433.27,220.73,470.30,0.4176,-1,-1,-1
175,19,1084.23,458.62,44.73,134.89,0.3028,-1,-1,-1
175,39,956.92,433.77,74.81,258.21,0.5686,-1,-1,-1
175,47,693.40,464.57,84.21,335.75,0.2589,-1,-1,-1
175,48,1149.52,452.12,50.55,96.96,0.4244,-1,-1,-1
175,50,551.67,434.84,221.89,468.09,0.8492,-1,-1,-1
176,2,769.00,440.58,113.10,354.83,0.8712,-1,-1,-1
176,30,769.00,440.58,113.10,354.83,0.8712,-1,-1,-1
176,25,876.77,442.11,113.84,297.95,0.8301,-1,-1,-1
176,3,566.27,434.95,204.97,472.41,0.7119,-1,-1,-1
176,19,1082.59,458.59,46.02,134.60,0.3362,-1,-1,-1
176,39,960.42,432.84,77.06,259.93,0.6392,-1,-1,-1
176,48,1152.53,455.50,51.85,93.73,0.4756,-1,-1,-1
176,50,560.03,434.24,213.23,471.30,0.7350,-1,-1,-1
177,2,769.81,440.94,114.89,354.38,0.8660,-1,-1,-1
177,30,769.81,440.94,114.89,354.38,0.8660,-1,-1,-1
177,25,879.35,442.77,113.65,296.84,0.8298,-1,-1,-1
177,3,571.17,438.32,201.18,471.27,0.7541,-1,-1,-1
177,19,1083.34,458.61,44.87,134.56,0.2284,-1,-1,-1
177,39,961.75,432.69,84.83,264.85,0.4345,-1,-1,-1
177,48,1154.20,452.06,50.77,97.37,0.4459,-1,-1,-1
177,50,561.78,436.90,210.89,470.00,0.4912,-1,-1,-1
177,51,466.45,465.69,41.05,111.49,0.3848,-1,-1,-1
178,2,773.71,440.69,111.70,354.98,0.8459,-1,-1,-1
178,30,773.71,440.69,111.70,354.98,0.8459,-1,-1,-1
178,25,884.77,444.48,110.07,294.01,0.8141,-1,-1,-1
178,3,570.18,437.48,205.15,472.24,0.8015,-1,-1,-1
178,19,1081.09,456.09,46.94,137.62,0.2709,-1,-1,-1
178,39,962.93,432.27,91.19,267.87,0.5244,-1,-1,-1
178,48,1155.02,449.25,47.68,100.19,0.5646,-1,-1,-1
178,50,564.22,435.13,209.91,471.33,0.6167,-1,-1,-1
178,51,465.00,464.03,42.48,112.34,0.3692,-1,-1,-1
179,2,775.23,439.55,112.88,353.48,0.8513,-1,-1,-1
179,30,775.23,439.55,112.88,353.48,0.8513,-1,-1,-1
179,25,889.30,444.43,106.54,294.01,0.8068,-1,-1,-1
179,3,574.47,436.15,202.70,474.87,0.8564,-1,-1,-1
179,19,1081.02,456.20,46.42,138.28,0.2758,-1,-1,-1
179,39,964.32,433.37,94.51,267.77,0.6071,-1,-1,-1
179,48,1155.99,451.08,45.99,98.34,0.5407,-1,-1,-1
179,50,570.74,433.24,204.77,474.54,0.6632,-1,-1,-1
179,51,464.62,461.14,42.03,115.59,0.4051,-1,-1,-1
180,2,777.55,437.86,118.39,356.24,0.8471,-1,-1,-1
180,30,777.55,437.86,118.39,356.24,0.8471,-1,-1,-1
180,25,895.75,445.98,101.14,294.62,0.7714,-1,-1,-1
180,3,579.45,433.09,197.91,477.98,0.8290,-1,-1,-1
180,19,1080.70,454.93,47.37,139.71,0.3919,-1,-1,-1
180,39,966.36,434.91,90.30,264.36,0.5667,-1,-1,-1
180,48,1156.07,450.29,43.34,98.90,0.4708,-1,-1,-1
180,50,576.98,431.15,199.17,477.64,0.4922,-1,-1,-1
180,51,465.55,463.68,39.18,112.26,0.5727,-1,-1,-1
181,2,779.14,436.19,119.29,358.24,0.8499,-1,-1,-1
181,30,779.14,436.19,119.29,358.24,0.8499,-1,-1,-1
181,25,901.43,444.67,96.56,296.17,0.8118,-1,-1,-1
181,3,582.14,427.87,197.13,483.58,0.3421,-1,-1,-1
181,19,1079.71,452.74,48.60,141.89,0.3862,-1,-1,-1
181,39,971.57,435.90,88.82,265.85,0.6935,-1,-1,-1
181,48,1156.23,447.79,41.76,101.26,0.5242,-1,-1,-1
181,50,581.00,425.65,197.62,483.60,0.9007,-1,-1,-1
181,51,466.39,467.08,37.85,107.70,0.4341,-1,-1,-1
182,2,780.75,434.81,119.77,363.69,0.8570,-1,-1,-1
182,30,780.75,434.81,119.77,363.69,0.8570,-1,-1,-1
182,25,908.88,444.03,92.97,297.76,0.8162,-1,-1,-1
182,3,584.38,424.86,197.74,485.80,0.9091,-1,-1,-1
182,19,1080.21,451.45,48.60,143.56,0.4468,-1,-1,-1
182,39,977.42,435.37,86.69,269.49,0.7154,-1,-1,-1
182,48,1156.85,447.93,39.43,101.37,0.5608,-1,-1,-1
182,50,584.47,424.02,196.85,485.83,0.9091,-1,-1,-1
182,51,466.70,470.46,38.13,103.98,0.4881,-1,-1,-1
182,52,571.49,445.27,58.04,118.89,0.4468,-1,-1,-1
183,2,782.24,433.99,119.39,366.42,0.8643,-1,-1,-1
183,30,782.24,433.99,119.39,366.42,0.8643,-1,-1,-1
183,25,914.70,444.36,91.53,298.26,0.7855,-1,-1,-1
183,3,587.45,426.48,194.61,485.43,0.7324,-1,-1,-1
183,19,1080.70,452.07,48.07,143.03,0.3710,-1,-1,-1
183,39,981.66,436.79,84.25,264.67,0.7320,-1,-1,-1
183,48,1156.50,448.17,39.23,100.95,0.5491,-1,-1,-1
183,50,588.05,424.04,194.38,486.18,0.6012,-1,-1,-1
183,51,466.37,471.78,39.16,103.19,0.4408,-1,-1,-1
183,52,571.17,445.98,59.55,129.38,0.5029,-1,-1,-1
184,2,783.12,433.12,120.01,368.22,0.8683,-1,-1,-1
184,30,783.12,433.12,120.01,368.22,0.8683,-1,-1,-1
184,25,921.66,442.80,88.17,299.31,0.8461,-1,-1,-1
184,3,593.01,427.17,188.61,485.66,0.8338,-1,-1,-1
184,19,1080.80,449.28,48.56,145.43,0.3595,-1,-1,-1
184,39,984.62,439.79,83.33,251.53,0.7008,-1,-1,-1
184,48,1155.20,448.96,40.37,99.91,0.5514,-1,-1,-1
184,50,593.66,426.28,187.62,485.95,0.8338,-1,-1,-1
184,51,466.18,472.59,39.62,102.65,0.4680,-1,-1,-1
184,52,572.06,444.41,59.26,143.79,0.3878,-1,-1,-1
185,2,784.75,433.45,119.51,369.72,0.8738,-1,-1,-1
185,30,784.75,433.45,119.51,369.72,0.8738,-1,-1,-1
185,25,925.27,442.38,86.85,302.04,0.8462,-1,-1,-1
185,3,598.51,429.72,184.22,482.60,0.8377,-1,-1,-1
185,19,1080.49,445.42,49.08,149.36,0.2686,-1,-1,-1
185,39,987.38,441.25,82.70,252.58,0.7125,-1,-1,-1
185,48,1154.47,449.96,41.17,98.49,0.6001,-1,-1,-1
185,50,599.13,429.43,183.09,482.69,0.8377,-1,-1,-1
185,51,466.36,474.46,41.24,101.45,0.5491,-1,-1,-1
185,52,572.49,445.22,59.07,152.28,0.3613,-1,-1,-1
186,2,785.56,434.09,118.73,370.27,0.8866,-1,-1,-1
186,30,785.56,434.09,118.73,370.27,0.8866,-1,-1,-1
186,25,928.59,443.68,85.48,304.90,0.8508,-1,-1,-1
186,3,601.31,429.06,183.10,482.50,0.8237,-1,-1,-1
186,39,989.89,442.85,82.79,246.15,0.6483,-1,-1,-1
186,48,1153.98,449.73,43.37,99.13,0.7268,-1,-1,-1
186,50,601.83,429.00,182.05,482.52,0.8237,-1,-1,-1
186,51,467.05,477.00,42.21,98.99,0.5451,-1,-1,-1
186,52,571.36,436.67,58.76,172.18,0.5225,-1,-1,-1
187,2,788.38,434.48,117.52,370.38,0.8821,-1,-1,-1
187,30,788.38,434.48,117.52,370.38,0.8821,-1,-1,-1
187,25,931.13,443.61,86.89,307.83,0.8326,-1,-1,-1
187,3,605.60,428.76,181.39,482.62,0.8520,-1,-1,-1
187,39,994.69,443.71,82.22,248.38,0.7653,-1,-1,-1
187,48,1153.69,450.24,45.12,97.90,0.6709,-1,-1,-1
187,50,606.07,428.77,180.45,482.62,0.8520,-1,-1,-1
187,51,467.08,477.29,42.61,98.78,0.5352,-1,-1,-1
187,52,571.26,433.71,57.14,177.05,0.4890,-1,-1,-1
188,2,790.84,434.61,117.73,369.75,0.3164,-1,-1,-1
188,30,791.38,433.58,117.45,370.12,0.3102,-1,-1,-1
188,25,932.84,442.63,89.54,309.61,0.8090,-1,-1,-1
188,3,607.76,428.79,182.58,488.41,0.8462,-1,-1,-1
188,39,997.47,444.56,81.20,248.25,0.5843,-1,-1,-1
188,48,1153.76,451.69,45.67,96.78,0.6400,-1,-1,-1
188,50,608.15,428.83,181.77,488.42,0.8462,-1,-1,-1
188,51,466.16,478.31,43.79,96.87,0.4340,-1,-1,-1
188,52,570.33,432.97,58.24,182.81,0.4901,-1,-1,-1
189,2,793.62,432.84,116.96,372.16,0.8703,-1,-1,-1
189,30,793.83,432.45,116.86,372.30,0.8703,-1,-1,-1
189,25,934.91,442.00,98.92,312.03,0.8544,-1,-1,-1
189,3,611.84,428.58,179.75,497.01,0.7611,-1,-1,-1
189,39,1002.76,440.51,78.03,253.53,0.6158,-1,-1,-1
189,48,1153.83,448.37,45.92,100.91,0.6267,-1,-1,-1
189,50,612.19,428.62,179.02,497.03,0.7611,-1,-1,-1
189,51,465.66,477.69,44.36,98.38,0.5190,-1,-1,-1
189,52,569.46,431.53,59.81,183.82,0.6032,-1,-1,-1
190,2,796.61,432.70,118.80,374.01,0.8841,-1,-1,-1
190,30,796.69,432.55,118.77,374.06,0.8841,-1,-1,-1
190,25,937.26,442.53,104.65,312.08,0.8244,-1,-1,-1
190,3,616.45,426.04,179.41,509.48,0.5577,-1,-1,-1
190,39,1008.56,440.53,73.85,261.23,0.3648,-1,-1,-1
190,48,1153.11,448.47,46.54,101.14,0.5513,-1,-1,-1
190,50,618.66,428.73,175.28,505.22,0.6826,-1,-1,-1
190,51,466.45,476.93,44.25,98.32,0.4945,-1,-1,-1
190,52,569.34,434.93,60.15,179.55,0.6172,-1,-1,-1
191,2,799.75,432.97,117.38,374.11,0.8820,-1,-1,-1
191,30,799.77,432.92,117.37,374.13,0.8820,-1,-1,-1
191,25,941.32,443.47,111.46,312.47,0.8170,-1,-1,-1
191,3,622.73,428.09,175.66,510.66,0.6883,-1,-1,-1
191,48,1151.82,446.95,49.15,102.49,0.5362,-1,-1,-1
191,50,621.70,426.54,177.14,513.98,0.7285,-1,-1,-1
191,51,464.14,477.48,44.93,97.62,0.4275,-1,-1,-1
191,52,568.84,435.88,61.21,180.10,0.6823,-1,-1,-1
192,2,801.95,432.11,117.90,375.67,0.8824,-1,-1,-1
192,30,801.96,432.10,117.90,375.67,0.8824,-1,-1,-1
192,25,943.93,447.96,112.26,307.87,0.8076,-1,-1,-1
192,3,625.88,426.38,176.23,522.39,0.7442,-1,-1,-1
192,48,1150.74,446.67,50.80,102.75,0.5110,-1,-1,-1
192,50,627.85,429.71,172.15,516.84,0.5472,-1,-1,-1
192,51,463.02,477.45,44.18,97.11,0.3585,-1,-1,-1
192,52,568.27,438.21,62.16,178.90,0.6901,-1,-1,-1
193,2,803.99,430.46,115.28,375.36,0.8815,-1,-1,-1
193,30,803.99,430.46,115.28,375.36,0.8815,-1,-1,-1
193,25,945.47,445.10,114.61,310.65,0.8282,-1,-1,-1
193,3,629.97,430.67,170.81,518.69,0.7924,-1,-1,-1
193,48,1149.94,444.70,51.39,104.83,0.4637,-1,-1,-1
193,50,631.52,428.20,170.21,525.15,0.2626,-1,-1,-1
193,51,462.09,477.81,46.30,97.18,0.3550,-1,-1,-1
193,52,568.94,439.96,61.92,177.48,0.7070,-1,-1,-1
193,39,1015.38,437.61,92.86,265.45,0.5908,-1,-1,-1
194,2,805.59,431.11,117.84,375.57,0.8766,-1,-1,-1
194,30,805.58,431.11,117.85,375.57,0.8766,-1,-1,-1
194,25,946.82,443.98,111.84,311.91,0.8131,-1,-1,-1
194,3,632.89,426.93,177.56,533.49,0.7793,-1,-1,-1
194,48,1147.92,447.64,46.23,102.14,0.4787,-1,-1,-1
194,50,631.78,428.81,175.24,524.28,0.5353,-1,-1,-1
194,51,460.56,476.75,47.19,99.10,0.3324,-1,-1,-1
194,52,569.49,438.78,62.05,179.82,0.7261,-1,-1,-1
194,39,1017.31,434.84,96.31,275.38,0.6911,-1,-1,-1
195,2,806.68,431.48,121.01,374.25,0.8789,-1,-1,-1
195,30,806.67,431.48,121.01,374.25,0.8789,-1,-1,-1
195,25,945.95,444.99,116.84,312.84,0.8192,-1,-1,-1
195,3,636.35,424.17,178.83,539.01,0.7177,-1,-1,-1
195,48,1146.70,446.01,41.92,103.88,0.5481,-1,-1,-1
195,50,630.97,425.33,178.34,524.72,0.3728,-1,-1,-1
195,51,460.22,475.35,46.47,100.57,0.2646,-1,-1,-1
195,52,569.07,437.73,62.99,180.86,0.7369,-1,-1,-1
195,39,1021.58,433.97,96.62,277.49,0.7568,-1,-1,-1
196,2,808.09,432.67,130.52,371.96,0.8866,-1,-1,-1
196,30,808.09,432.68,130.52,371.96,0.8866,-1,-1,-1
196,25,946.36,445.33,118.13,313.82,0.7608,-1,-1,-1
196,3,639.38,423.68,173.33,535.19,0.8107,-1,-1,-1
196,48,1145.34,442.85,41.54,107.41,0.5792,-1,-1,-1
196,50,637.40,424.13,173.01,529.76,0.8107,-1,-1,-1
196,51,459.40,473.32,46.18,102.58,0.1545,-1,-1,-1
196,52,569.75,440.19,63.30,177.51,0.7239,-1,-1,-1
196,39,1026.27,433.52,96.05,281.27,0.7269,-1,-1,-1
197,2,809.97,433.05,143.44,371.49,0.8542,-1,-1,-1
197,30,809.96,433.06,143.44,371.49,0.8542,-1,-1,-1
197,25,949.11,445.16,115.28,313.21,0.8411,-1,-1,-1
197,3,642.21,421.76,169.12,539.81,0.7758,-1,-1,-1
197,48,1145.28,443.72,41.44,107.03,0.4987,-1,-1,-1
197,50,641.56,421.94,168.88,537.82,0.7758,-1,-1,-1
197,51,456.28,471.77,43.67,103.23,0.2952,-1,-1,-1
197,52,569.98,439.73,63.74,176.85,0.7501,-1,-1,-1
197,39,1030.48,432.45,96.54,280.90,0.3895,-1,-1,-1
198,2,813.06,433.39,150.17,373.06,0.8846,-1,-1,-1
198,30,813.05,433.39,150.17,373.06,0.8846,-1,-1,-1
198,25,956.50,446.70,108.66,312.52,0.8608,-1,-1,-1
198,3,645.35,421.33,167.50,537.51,0.7393,-1,-1,-1
198,48,1145.61,442.39,41.18,108.22,0.5240,-1,-1,-1
198,50,645.18,421.40,167.31,536.86,0.7393,-1,-1,-1
198,51,455.82,470.32,42.36,105.81,0.2826,-1,-1,-1
198,52,570.41,441.41,64.56,174.96,0.7621,-1,-1,-1
198,39,1035.12,433.31,95.27,280.23,0.5330,-1,-1,-1
199,2,815.99,434.04,156.98,374.03,0.8887,-1,-1,-1
199,30,815.99,434.04,156.98,374.03,0.8887,-1,-1,-1
199,25,964.58,446.72,105.30,314.61,0.8608,-1,-1,-1
199,3,648.08,422.42,170.67,538.77,0.8467,-1,-1,-1
199,48,1144.82,444.17,39.49,106.54,0.5403,-1,-1,-1
199,50,647.70,421.37,169.87,540.71,0.7152,-1,-1,-1
199,51,454.96,471.39,42.10,105.21,0.2880,-1,-1,-1
199,52,571.37,444.22,63.95,171.91,0.7675,-1,-1,-1
199,39,1038.56,436.50,95.76,278.26,0.5173,-1,-1,-1
200,2,817.52,435.82,159.70,373.73,0.8859,-1,-1,-1
200,30,817.52,435.82,159.70,373.73,0.8859,-1,-1,-1
200,25,970.90,447.20,103.04,314.90,0.8316,-1,-1,-1
200,3,651.14,419.51,172.05,546.84,0.7119,-1,-1,-1
200,48,1143.38,444.76,38.57,106.20,0.4514,-1,-1,-1
200,50,652.26,422.07,171.12,541.83,0.8990,-1,-1,-1
200,51,455.04,470.39,39.37,100.85,0.1549,-1,-1,-1
200,52,571.58,445.80,63.85,170.42,0.7424,-1,-1,-1
200,39,1041.74,434.81,95.06,282.97,0.6263,-1,-1,-1
201,2,819.98,437.00,159.65,374.26,0.8818,-1,-1,-1
201,30,819.98,437.00,159.65,374.26,0.8818,-1,-1,-1
201,25,977.51,449.46,96.44,313.03,0.8489,-1,-1,-1
201,3,657.73,422.43,172.53,541.85,0.7750,-1,-1,-1
201,48,1143.90,440.60,37.44,110.58,0.2216,-1,-1,-1
201,50,660.33,419.38,168.19,542.17,0.5656,-1,-1,-1
201,51,454.03,468.90,40.09,106.01,0.2261,-1,-1,-1
201,52,572.47,444.10,63.63,171.77,0.7396,-1,-1,-1
201,39,1045.83,435.46,94.13,285.18,0.7322,-1,-1,-1
202,2,822.18,437.42,157.29,375.85,0.8754,-1,-1,-1
202,30,822.18,437.42,157.29,375.85,0.8754,-1,-1,-1
202,25,983.25,450.28,92.93,312.87,0.8633,-1,-1,-1
202,3,661.62,417.90,173.01,545.64,0.4567,-1,-1,-1
202,48,1143.36,437.93,36.62,112.28,0.3262,-1,-1,-1
202,50,661.21,421.45,174.29,542.61,0.8016,-1,-1,-1
202,51,453.16,471.44,39.33,102.32,0.2112,-1,-1,-1
202,52,572.45,445.27,65.46,170.66,0.2728,-1,-1,-1
202,39,1048.55,436.31,94.86,286.01,0.3576,-1,-1,-1
203,2,823.80,437.54,154.71,376.96,0.8592,-1,-1,-1
203,30,823.80,437.55,154.71,376.96,0.8592,-1,-1,-1
203,25,986.66,449.88,94.94,313.42,0.8419,-1,-1,-1
203,3,665.09,420.40,174.56,549.96,0.4577,-1,-1,-1
203,48,1144.24,436.02,35.12,113.18,0.2333,-1,-1,-1
203,50,664.97,421.75,175.01,548.88,0.4577,-1,-1,-1
203,52,572.66,442.99,67.08,172.86,0.8049,-1,-1,-1
203,39,1053.12,434.07,93.89,286.55,0.7738,-1,-1,-1
204,2,825.08,438.19,153.88,376.20,0.1584,-1,-1,-1
204,30,824.43,436.95,153.85,377.16,0.8195,-1,-1,-1
204,25,990.09,449.10,96.76,315.53,0.8286,-1,-1,-1
204,3,665.32,421.02,177.75,558.06,0.4100,-1,-1,-1
204,50,665.92,424.65,177.41,556.00,0.6484,-1,-1,-1
204,52,574.66,447.38,66.74,168.76,0.8208,-1,-1,-1
204,39,1059.11,433.57,89.22,286.76,0.7707,-1,-1,-1
205,2,825.54,437.09,154.18,376.32,0.8793,-1,-1,-1
205,30,825.30,436.62,154.17,376.68,0.8793,-1,-1,-1
205,25,993.43,447.83,97.91,316.34,0.8352,-1,-1,-1
205,3,668.14,422.09,176.11,567.51,0.4283,-1,-1,-1
205,50,669.59,425.64,175.08,564.47,0.8269,-1,-1,-1
205,52,574.68,446.70,66.19,170.10,0.8418,-1,-1,-1
205,39,1062.73,436.74,87.32,283.09,0.7856,-1,-1,-1
206,2,828.82,434.97,152.08,377.45,0.8931,-1,-1,-1
206,30,828.73,434.80,152.07,377.58,0.8931,-1,-1,-1
206,25,999.01,447.72,96.15,315.55,0.8401,-1,-1,-1
206,3,673.41,424.21,173.16,569.77,0.8580,-1,-1,-1
206,50,673.97,425.54,172.74,568.67,0.8580,-1,-1,-1
206,52,574.77,446.58,66.46,170.87,0.8201,-1,-1,-1
206,39,1064.62,435.99,87.11,285.43,0.7895,-1,-1,-1
207,2,832.24,435.21,148.78,377.16,0.9019,-1,-1,-1
207,30,832.21,435.15,148.78,377.20,0.9019,-1,-1,-1
207,25,1004.64,448.12,98.61,314.76,0.8419,-1,-1,-1
207,3,677.02,422.57,172.08,572.92,0.8583,-1,-1,-1
207,50,673.71,423.59,175.98,571.03,0.3545,-1,-1,-1
207,52,578.20,452.36,64.91,164.88,0.8201,-1,-1,-1
207,39,1072.29,435.42,80.38,287.18,0.7437,-1,-1,-1
208,2,834.64,434.11,146.12,379.26,0.9099,-1,-1,-1
208,30,834.64,434.10,146.12,379.28,0.9099,-1,-1,-1
208,25,1009.51,447.93,103.40,315.42,0.6286,-1,-1,-1
208,3,680.50,422.20,170.75,572.83,0.8712,-1,-1,-1
208,50,674.72,423.01,177.49,570.59,0.5886,-1,-1,-1
208,52,580.36,454.03,63.85,163.10,0.8035,-1,-1,-1
208,39,1076.49,434.40,76.66,301.04,0.6293,-1,-1,-1
208,54,1188.08,448.80,40.26,100.77,0.4601,-1,-1,-1
209,2,838.22,433.77,142.88,380.44,0.9084,-1,-1,-1
209,30,838.22,433.77,142.88,380.44,0.9084,-1,-1,-1
209,25,1012.85,446.67,115.20,316.79,0.6441,-1,-1,-1
209,3,684.41,418.22,170.16,576.68,0.8689,-1,-1,-1
209,50,676.32,417.56,178.47,575.25,0.3291,-1,-1,-1
209,52,581.94,456.64,65.44,159.87,0.8237,-1,-1,-1
209,39,1082.70,434.69,75.97,286.77,0.5639,-1,-1,-1
209,54,1188.86,449.64,41.13,101.04,0.5539,-1,-1,-1
209,56,510.78,446.20,40.23,115.99,0.4716,-1,-1,-1
210,2,841.06,432.82,144.84,382.58,0.9090,-1,-1,-1
210,30,841.06,432.82,144.84,382.58,0.9090,-1,-1,-1
210,25,1017.06,444.83,137.86,319.51,0.8590,-1,-1,-1
210,3,686.35,415.94,171.16,579.01,0.8403,-1,-1,-1
210,50,677.47,416.28,181.04,575.98,0.1598,-1,-1,-1
210,52,583.94,457.37,66.45,158.25,0.8171,-1,-1,-1
210,39,1087.01,434.00,78.70,258.27,0.2158,-1,-1,-1
210,54,1189.60,447.81,41.46,103.72,0.5535,-1,-1,-1
210,56,511.12,444.79,39.71,116.21,0.4762,-1,-1,-1
211,2,846.38,430.45,147.50,385.29,0.8963,-1,-1,-1
211,30,846.38,430.46,147.50,385.29,0.8963,-1,-1,-1
211,25,1020.02,445.44,150.71,319.77,0.8343,-1,-1,-1
211,3,686.06,417.95,174.04,577.47,0.8548,-1,-1,-1
211,50,682.78,418.06,177.70,576.37,0.8548,-1,-1,-1
211,52,585.94,455.15,68.45,159.59,0.8243,-1,-1,-1
211,39,1090.01,433.46,81.55,254.33,0.2610,-1,-1,-1
211,54,1191.29,447.03,40.54,104.32,0.5292,-1,-1,-1
211,56,511.06,443.43,39.54,117.43,0.5362,-1,-1,-1
212,2,851.92,430.08,146.81,385.66,0.8912,-1,-1,-1
212,30,851.92,430.09,146.81,385.66,0.8912,-1,-1,-1
212,25,1020.89,446.03,160.48,320.45,0.7978,-1,-1,-1
212,3,687.36,415.72,173.94,579.62,0.8720,-1,-1,-1
212,50,686.22,415.74,175.20,579.27,0.8720,-1,-1,-1
212,52,587.65,452.70,67.79,161.23,0.8013,-1,-1,-1
212,39,1095.53,430.75,80.57,252.28,0.3076,-1,-1,-1
212,54,1192.63,447.82,40.05,103.51,0.6064,-1,-1,-1
212,56,510.75,441.82,40.61,118.48,0.6041,-1,-1,-1
213,2,861.50,430.26,140.36,386.15,0.8924,-1,-1,-1
213,30,861.50,430.27,140.36,386.15,0.8924,-1,-1,-1
213,25,1021.05,447.77,163.99,319.50,0.8617,-1,-1,-1
213,3,687.65,414.11,176.84,580.61,0.8673,-1,-1,-1
213,50,687.32,414.10,177.21,580.55,0.8673,-1,-1,-1
213,52,589.13,453.75,67.57,159.72,0.7828,-1,-1,-1
213,39,1099.03,433.68,81.27,277.68,0.5231,-1,-1,-1
213,54,1194.07,448.13,39.39,101.61,0.3703,-1,-1,-1
213,56,510.34,440.39,41.80,119.85,0.5873,-1,-1,-1
214,2,869.93,430.41,136.02,385.92,0.8857,-1,-1,-1
214,30,869.93,430.42,136.02,385.92,0.8857,-1,-1,-1
214,25,1020.66,448.86,165.44,319.06,0.8332,-1,-1,-1
214,3,689.15,413.35,176.46,580.87,0.8684,-1,-1,-1
214,50,689.11,413.32,176.49,580.91,0.8684,-1,-1,-1
214,52,590.45,452.48,66.84,161.73,0.7502,-1,-1,-1
214,39,1105.89,432.27,77.69,280.16,0.5825,-1,-1,-1
214,54,1195.00,446.35,40.59,102.51,0.4202,-1,-1,-1
214,56,509.96,440.09,42.87,119.73,0.6198,-1,-1,-1
215,2,876.95,429.76,129.98,386.66,0.8798,-1,-1,-1
215,30,876.95,429.77,129.98,386.66,0.8798,-1,-1,-1
215,25,1020.93,447.10,164.84,321.13,0.8596,-1,-1,-1
215,3,692.40,411.87,176.21,582.84,0.8641,-1,-1,-1
215,50,692.48,411.84,176.12,582.91,0.8641,-1,-1,-1
215,52,591.43,454.75,66.78,158.59,0.5532,-1,-1,-1
215,39,1111.77,428.39,77.25,287.16,0.5480,-1,-1,-1
215,54,1197.25,443.64,40.46,106.87,0.2363,-1,-1,-1
215,56,509.84,439.39,43.17,120.33,0.6346,-1,-1,-1
216,2,881.89,428.90,126.26,387.53,0.8827,-1,-1,-1
216,30,881.90,428.91,126.26,387.53,0.8827,-1,-1,-1
216,25,1021.19,443.63,168.48,325.42,0.2432,-1,-1,-1
216,3,694.96,413.79,176.47,581.01,0.7997,-1,-1,-1
216,50,695.07,413.76,176.36,581.09,0.7997,-1,-1,-1
216,52,593.69,457.78,65.87,159.53,0.6833,-1,-1,-1
216,39,1121.83,429.81,70.52,286.91,0.3946,-1,-1,-1
216,54,1199.28,441.86,40.24,110.13,0.3093,-1,-1,-1
216,56,509.64,439.51,43.51,119.87,0.6463,-1,-1,-1
217,2,885.03,428.47,127.26,390.74,0.8667,-1,-1,-1
217,30,885.03,428.48,127.26,390.74,0.8667,-1,-1,-1
217,25,1024.31,444.77,166.11,325.24,0.8223,-1,-1,-1
217,3,694.14,413.18,181.88,581.78,0.7796,-1,-1,-1
217,50,694.25,413.16,181.77,581.85,0.7796,-1,-1,-1
217,52,595.18,459.71,66.03,159.09,0.7360,-1,-1,-1
217,39,1129.30,429.21,65.11,248.80,0.2186,-1,-1,-1
217,54,1200.99,438.76,42.39,114.97,0.3054,-1,-1,-1
217,56,509.39,439.75,43.68,119.53,0.6435,-1,-1,-1
218,2,887.83,427.37,126.94,394.28,0.8875,-1,-1,-1
218,30,887.83,427.37,126.94,394.28,0.8875,-1,-1,-1
218,25,1027.59,444.18,161.54,325.98,0.8195,-1,-1,-1
218,3,697.93,411.77,184.59,583.70,0.7240,-1,-1,-1
218,50,698.03,411.74,184.49,583.77,0.7240,-1,-1,-1
218,52,596.54,460.83,66.51,158.15,0.7133,-1,-1,-1
218,54,1203.19,438.71,41.92,115.26,0.4190,-1,-1,-1
218,56,508.41,440.64,44.39,118.61,0.6436,-1,-1,-1
219,2,890.26,426.21,127.62,397.87,0.9102,-1,-1,-1
219,30,890.27,426.21,127.62,397.87,0.9102,-1,-1,-1
219,25,1034.47,441.77,155.66,329.08,0.8298,-1,-1,-1
219,3,701.51,411.80,186.75,583.57,0.6045,-1,-1,-1
219,50,701.60,411.78,186.66,583.63,0.6045,-1,-1,-1
219,52,596.42,460.83,65.19,162.34,0.7191,-1,-1,-1
219,54,1204.14,437.52,41.83,116.15,0.4239,-1,-1,-1
219,56,508.16,440.47,44.78,119.21,0.6574,-1,-1,-1
220,2,892.91,426.11,127.57,402.43,0.9123,-1,-1,-1
220,30,892.91,426.11,127.57,402.43,0.9123,-1,-1,-1
220,25,1043.51,441.20,148.52,328.95,0.8300,-1,-1,-1
220,3,708.82,410.39,192.17,584.51,0.8194,-1,-1,-1
220,50,708.91,410.37,192.09,584.57,0.8194,-1,-1,-1
220,52,597.07,460.48,63.95,163.93,0.7315,-1,-1,-1
220,54,1207.59,440.05,39.71,112.92,0.2726,-1,-1,-1
220,56,507.69,440.33,45.42,119.37,0.6908,-1,-1,-1
221,2,896.18,425.35,127.67,406.45,0.9124,-1,-1,-1
221,30,896.18,425.35,127.67,406.45,0.9124,-1,-1,-1
221,25,1052.27,439.63,139.58,330.99,0.8322,-1,-1,-1
221,3,714.56,410.13,207.32,585.40,0.8868,-1,-1,-1
221,50,714.65,410.12,207.25,585.45,0.8868,-1,-1,-1
221,52,598.47,459.00,62.30,163.73,0.7396,-1,-1,-1
221,56,508.01,440.59,45.13,120.02,0.6549,-1,-1,-1
221,39,1149.93,435.63,67.33,288.95,0.6262,-1,-1,-1
222,2,897.70,425.37,129.12,407.95,0.9146,-1,-1,-1
222,30,897.70,425.38,129.12,407.94,0.9146,-1,-1,-1
222,25,1064.16,439.29,127.72,331.82,0.8477,-1,-1,-1
222,3,717.18,410.13,220.46,585.31,0.8944,-1,-1,-1
222,50,717.26,410.11,220.40,585.35,0.8944,-1,-1,-1
222,52,600.68,459.57,60.08,163.09,0.7361,-1,-1,-1
222,56,508.13,440.37,44.87,120.85,0.6485,-1,-1,-1
222,39,1155.49,434.21,78.63,295.36,0.3686,-1,-1,-1
223,2,900.24,426.84,129.40,409.85,0.9061,-1,-1,-1
223,30,900.24,426.84,129.40,409.85,0.9061,-1,-1,-1
223,25,1078.32,438.91,114.53,332.49,0.8254,-1,-1,-1
223,3,719.13,408.11,239.05,586.48,0.8818,-1,-1,-1
223,50,719.20,408.10,239.01,586.52,0.8818,-1,-1,-1
223,52,602.30,456.50,59.55,168.37,0.7274,-1,-1,-1
223,56,507.71,441.46,45.40,119.62,0.6173,-1,-1,-1
224,2,901.83,427.82,127.62,410.98,0.9043,-1,-1,-1
224,30,901.83,427.82,127.62,410.97,0.9043,-1,-1,-1
224,25,1093.63,439.94,111.55,333.48,0.8045,-1,-1,-1
224,3,721.26,406.60,256.12,588.24,0.8837,-1,-1,-1
224,50,721.32,406.59,256.08,588.27,0.8837,-1,-1,-1
224,52,604.90,457.18,57.53,167.07,0.5598,-1,-1,-1
224,56,507.49,442.29,45.83,119.07,0.6479,-1,-1,-1
225,2,903.40,428.42,128.26,412.55,0.8967,-1,-1,-1
225,30,903.40,428.42,128.26,412.55,0.8967,-1,-1,-1
225,25,1103.19,440.61,102.20,334.32,0.7789,-1,-1,-1
225,3,725.77,408.28,267.23,586.92,0.8628,-1,-1,-1
225,50,725.83,408.27,267.19,586.95,0.8628,-1,-1,-1
225,52,605.57,458.42,57.80,168.04,0.6437,-1,-1,-1
225,56,508.03,442.45,45.20,118.73,0.6492,-1,-1,-1
226,2,904.66,428.61,132.37,413.82,0.8983,-1,-1,-1
226,30,904.66,428.61,132.37,413.82,0.8983,-1,-1,-1
226,25,1109.69,439.64,98.62,337.98,0.7794,-1,-1,-1
226,3,729.06,405.19,280.23,590.04,0.8904,-1,-1,-1
226,50,729.12,405.18,280.20,590.06,0.8904,-1,-1,-1
226,52,606.36,459.49,57.53,168.89,0.7140,-1,-1,-1
226,56,507.78,442.45,45.39,118.71,0.6408,-1,-1,-1
226,39,1174.65,433.41,66.36,303.23,0.5322,-1,-1,-1
227,2,906.48,428.30,135.51,414.76,0.8943,-1,-1,-1
227,30,906.48,428.30,135.51,414.76,0.8943,-1,-1,-1
227,25,1113.99,438.92,99.31,342.33,0.8374,-1,-1,-1
227,3,731.89,405.16,290.21,589.65,0.9029,-1,-1,-1
227,50,731.94,405.15,290.17,589.67,0.9029,-1,-1,-1
227,52,608.10,458.20,56.01,169.68,0.6503,-1,-1,-1
227,56,507.42,441.99,45.15,119.14,0.5572,-1,-1,-1
227,39,1178.57,431.08,68.95,307.55,0.5292,-1,-1,-1
228,2,907.28,426.63,138.26,417.06,0.8839,-1,-1,-1
228,30,907.28,426.63,138.26,417.06,0.8839,-1,-1,-1
228,25,1117.10,439.12,100.48,348.21,0.8461,-1,-1,-1
228,3,736.22,407.44,293.69,587.94,0.9044,-1,-1,-1
228,50,736.27,407.44,293.66,587.96,0.9044,-1,-1,-1
228,52,608.74,459.09,55.52,168.59,0.6744,-1,-1,-1
228,56,506.88,442.58,45.09,118.98,0.5546,-1,-1,-1
228,39,1184.10,431.33,69.77,306.19,0.3457,-1,-1,-1
229,2,908.30,426.10,139.11,417.18,0.8688,-1,-1,-1
229,30,908.30,426.10,139.11,417.18,0.8688,-1,-1,-1
229,25,1118.41,440.73,101.86,348.27,0.8364,-1,-1,-1
229,3,740.41,409.56,298.04,586.27,0.8942,-1,-1,-1
229,50,740.45,409.55,298.01,586.29,0.8942,-1,-1,-1
229,52,609.95,457.19,55.35,172.93,0.7603,-1,-1,-1
229,56,506.86,442.14,45.58,119.93,0.4876,-1,-1,-1
229,39,1188.98,423.92,74.43,231.24,0.6063,-1,-1,-1
229,51,425.66,477.22,47.98,100.37,0.5093,-1,-1,-1
230,2,910.17,425.13,141.58,416.86,0.8516,-1,-1,-1
230,30,910.17,425.13,141.58,416.86,0.8516,-1,-1,-1
230,25,1119.93,442.29,107.60,348.53,0.8129,-1,-1,-1
230,3,746.31,412.55,294.79,582.90,0.8555,-1,-1,-1
230,50,746.35,412.54,294.77,582.92,0.8555,-1,-1,-1
230,52,611.56,457.07,56.26,174.96,0.7680,-1,-1,-1
230,56,506.91,443.32,44.88,118.38,0.4295,-1,-1,-1
230,39,1193.88,420.15,74.59,200.14,0.5996,-1,-1,-1
230,51,425.66,478.28,49.06,98.79,0.5955,-1,-1,-1
231,2,913.40,424.34,135.68,417.92,0.8366,-1,-1,-1
231,30,913.40,424.35,135.68,417.92,0.8366,-1,-1,-1
231,25,1125.41,440.23,121.86,350.93,0.8439,-1,-1,-1
231,3,751.78,411.13,290.64,584.91,0.8811,-1,-1,-1
231,50,751.81,411.13,290.62,584.92,0.8811,-1,-1,-1
231,52,611.85,460.75,58.46,171.15,0.7659,-1,-1,-1
231,56,507.93,442.78,43.84,118.97,0.5828,-1,-1,-1
231,39,1199.55,419.71,72.81,190.40,0.5602,-1,-1,-1
231,51,425.29,477.21,49.00,100.12,0.5893,-1,-1,-1
232,2,915.75,423.86,130.31,418.94,0.8607,-1,-1,-1
232,30,915.75,423.86,130.31,418.94,0.8607,-1,-1,-1
232,25,1132.39,434.34,128.95,357.52,0.1702,-1,-1,-1
232,3,760.38,411.30,282.73,585.25,0.8496,-1,-1,-1
232,50,760.41,411.29,282.71,585.26,0.8496,-1,-1,-1
232,52,611.92,457.87,60.24,173.15,0.7864,-1,-1,-1
232,56,508.26,443.22,43.21,118.76,0.6463,-1,-1,-1
232,39,1204.96,420.14,71.12,186.06,0.3816,-1,-1,-1
232,51,425.18,477.37,49.26,99.82,0.6140,-1,-1,-1
233,2,919.02,424.37,128.22,420.35,0.8539,-1,-1,-1
233,30,919.02,424.37,128.22,420.35,0.8539,-1,-1,-1
233,25,1134.36,436.59,132.45,356.28,0.8829,-1,-1,-1
233,3,767.83,412.16,276.06,584.28,0.8479,-1,-1,-1
233,50,767.85,412.16,276.04,584.29,0.8479,-1,-1,-1
233,52,612.10,455.67,62.38,174.85,0.7804,-1,-1,-1
233,56,508.94,443.26,41.42,118.16,0.5804,-1,-1,-1
233,39,1209.14,424.13,70.19,179.55,0.3570,-1,-1,-1
233,51,424.56,477.25,47.27,99.54,0.5436,-1,-1,-1
234,2,924.88,424.54,129.75,420.73,0.8281,-1,-1,-1
234,30,924.88,424.54,129.75,420.73,0.8281,-1,-1,-1
234,25,1134.82,440.21,134.07,355.81,0.8920,-1,-1,-1
234,3,776.40,416.69,269.47,580.43,0.7706,-1,-1,-1
234,50,776.42,416.68,269.45,580.44,0.7706,-1,-1,-1
234,52,612.70,455.91,63.99,173.25,0.7710,-1,-1,-1
234,56,508.97,442.95,41.11,118.29,0.6120,-1,-1,-1
234,39,1213.69,422.18,71.51,185.53,0.2205,-1,-1,-1
234,51,423.53,476.35,45.40,100.09,0.5458,-1,-1,-1
235,2,928.00,423.47,129.10,422.15,0.8539,-1,-1,-1
235,30,928.00,423.47,129.10,422.15,0.8539,-1,-1,-1
235,25,1135.46,444.43,137.20,354.67,0.8610,-1,-1,-1
235,3,787.41,418.36,258.47,578.28,0.8661,-1,-1,-1
235,50,787.43,418.36,258.45,578.29,0.8661,-1,-1,-1
235,52,614.47,455.92,63.22,173.41,0.7370,-1,-1,-1
235,56,509.42,443.34,39.58,117.62,0.5167,-1,-1,-1
235,39,1219.35,425.43,70.23,184.09,0.2257,-1,-1,-1
235,51,423.33,476.21,43.85,99.05,0.5862,-1,-1,-1
236,2,934.13,423.12,123.60,422.24,0.8260,-1,-1,-1
236,30,934.13,423.12,123.60,422.24,0.8260,-1,-1,-1
236,25,1135.95,445.22,138.27,357.31,0.8759,-1,-1,-1
236,3,792.24,415.53,253.26,581.87,0.3331,-1,-1,-1
236,50,791.88,413.03,253.24,583.41,0.7814,-1,-1,-1
236,52,617.01,456.73,61.30,172.60,0.7443,-1,-1,-1
236,56,509.42,443.60,38.76,116.73,0.4362,-1,-1,-1
236,39,1225.00,426.63,69.06,184.38,0.3897,-1,-1,-1
236,51,424.40,475.96,39.74,99.10,0.5725,-1,-1,-1
236,59,743.90,429.63,143.41,436.08,0.6382,-1,-1,-1
236,54,1223.12,430.94,61.94,177.25,0.3391,-1,-1,-1
237,2,938.93,422.25,120.36,421.51,0.6425,-1,-1,-1
237,30,938.93,422.25,120.36,421.51,0.6425,-1,-1,-1
237,25,1139.18,443.56,138.65,361.80,0.8760,-1,-1,-1
237,3,794.38,416.37,249.51,580.57,0.8437,-1,-1,-1
237,50,794.26,415.42,249.50,581.16,0.8437,-1,-1,-1
237,52,618.33,455.22,59.91,174.10,0.7250,-1,-1,-1
237,56,510.06,443.60,38.16,115.35,0.4373,-1,-1,-1
237,39,1231.14,427.42,68.93,185.88,0.4136,-1,-1,-1
237,51,422.94,473.69,40.06,99.62,0.3336,-1,-1,-1
237,59,751.33,431.89,132.78,432.54,0.6803,-1,-1,-1
237,54,1227.94,429.18,62.41,183.01,0.2647,-1,-1,-1
238,2,942.57,421.35,119.27,411.83,0.6609,-1,-1,-1
238,30,942.57,421.35,119.27,411.83,0.6609,-1,-1,-1
238,25,1142.79,441.40,137.33,365.69,0.8420,-1,-1,-1
238,3,792.58,412.22,250.96,584.41,0.8545,-1,-1,-1
238,50,792.55,411.88,250.95,584.63,0.8545,-1,-1,-1
238,52,621.31,455.07,56.72,177.52,0.7084,-1,-1,-1
238,56,510.72,444.77,37.45,111.96,0.2691,-1,-1,-1
238,39,1235.11,428.05,70.75,189.00,0.3654,-1,-1,-1
238,51,422.72,473.92,40.57,99.51,0.3495,-1,-1,-1
238,59,752.74,436.12,128.84,429.41,0.4551,-1,-1,-1
238,54,1232.49,428.26,68.80,190.28,0.3654,-1,-1,-1
239,2,948.50,423.37,115.45,379.85,0.4161,-1,-1,-1
239,30,944.24,424.13,120.10,407.43,0.2302,-1,-1,-1
239,25,1148.71,439.78,129.64,367.64,0.7733,-1,-1,-1
239,3,794.06,409.37,248.29,588.16,0.8769,-1,-1,-1
239,50,794.05,409.25,248.28,588.24,0.8769,-1,-1,-1
239,52,623.89,456.19,57.14,177.02,0.7202,-1,-1,-1
239,56,510.62,444.94,37.57,111.64,0.3407,-1,-1,-1
239,39,1238.70,430.35,74.47,276.33,0.3083,-1,-1,-1
239,51,422.14,475.26,40.32,98.13,0.2862,-1,-1,-1
239,59,723.94,437.74,150.34,431.30,0.6580,-1,-1,-1
240,2,955.22,424.79,113.69,408.57,0.6742,-1,-1,-1
240,30,953.58,425.03,115.44,417.90,0.6742,-1,-1,-1
240,25,1159.59,438.38,120.09,370.94,0.8375,-1,-1,-1
240,3,797.29,411.07,244.98,587.20,0.8910,-1,-1,-1
240,50,797.30,411.04,244.98,587.22,0.8910,-1,-1,-1
240,52,626.01,456.43,56.42,175.95,0.6748,-1,-1,-1
240,56,510.20,444.52,37.90,112.68,0.3470,-1,-1,-1
240,39,1244.09,431.83,72.17,306.41,0.5068,-1,-1,-1
240,51,420.22,476.06,39.63,96.98,0.2529,-1,-1,-1
240,59,715.06,437.46,161.76,433.80,0.7639,-1,-1,-1
241,2,960.47,425.83,109.54,414.36,0.7738,-1,-1,-1
241,30,959.89,425.92,110.14,417.75,0.7738,-1,-1,-1
241,25,1170.58,438.12,111.81,371.60,0.8569,-1,-1,-1
241,3,808.02,414.35,235.37,584.57,0.8766,-1,-1,-1
241,50,808.03,414.35,235.36,584.58,0.8766,-1,-1,-1
241,52,627.17,456.21,58.91,176.35,0.7070,-1,-1,-1
241,56,509.69,444.95,38.38,112.18,0.3252,-1,-1,-1
241,39,1251.40,431.33,66.28,321.66,0.4973,-1,-1,-1
241,59,714.79,436.19,165.21,433.96,0.7580,-1,-1,-1
242,2,961.48,426.39,110.26,415.08,0.6789,-1,-1,-1
242,30,961.28,426.42,110.46,416.12,0.6789,-1,-1,-1
242,25,1179.95,437.54,109.51,369.35,0.7933,-1,-1,-1
242,3,820.71,420.43,221.61,580.82,0.8685,-1,-1,-1
242,50,820.72,420.44,221.60,580.82,0.8685,-1,-1,-1
242,52,627.45,458.07,60.40,173.19,0.7084,-1,-1,-1
242,56,509.25,446.63,38.69,110.97,0.2828,-1,-1,-1
242,59,743.46,437.29,140.01,433.17,0.7370,-1,-1,-1
243,2,972.61,427.15,101.80,411.57,0.5850,-1,-1,-1
243,30,972.57,427.16,101.84,411.72,0.5850,-1,-1,-1
243,25,1187.57,435.87,106.45,368.69,0.6284,-1,-1,-1
243,3,828.88,409.83,214.12,593.33,0.8358,-1,-1,-1
243,50,828.89,409.84,214.12,593.33,0.8358,-1,-1,-1
243,52,629.19,459.81,61.68,170.74,0.6806,-1,-1,-1
243,56,508.91,449.37,39.43,108.00,0.2246,-1,-1,-1
243,59,749.78,437.22,136.74,434.64,0.5835,-1,-1,-1
244,2,980.58,427.67,95.67,411.42,0.5344,-1,-1,-1
244,30,980.59,427.66,95.65,411.27,0.5344,-1,-1,-1
244,25,1197.40,432.31,113.54,371.90,0.8559,-1,-1,-1
244,3,839.19,400.75,205.47,605.52,0.3466,-1,-1,-1
244,50,840.68,401.63,205.29,604.76,0.7499,-1,-1,-1
244,52,630.55,461.06,65.13,170.64,0.7220,-1,-1,-1
244,56,508.30,449.35,40.06,108.67,0.2765,-1,-1,-1
244,59,739.76,437.22,147.88,433.77,0.7229,-1,-1,-1
245,2,985.91,427.70,92.92,412.94,0.2766,-1,-1,-1
245,25,1203.67,431.86,116.39,373.03,0.8761,-1,-1,-1
245,3,849.62,396.97,205.95,615.93,0.7691,-1,-1,-1
245,50,850.16,397.31,205.89,615.64,0.7691,-1,-1,-1
245,52,630.96,462.12,66.58,170.52,0.7148,-1,-1,-1
245,56,507.97,448.75,40.23,109.01,0.2714,-1,-1,-1
245,59,751.54,437.96,139.27,434.23,0.6988,-1,-1,-1
246,2,985.64,426.55,100.82,416.67,0.3061,-1,-1,-1
246,25,1208.77,433.67,113.42,370.41,0.8595,-1,-1,-1
246,3,857.15,406.13,201.06,617.08,0.8570,-1,-1,-1
246,50,857.34,406.27,201.04,616.97,0.8570,-1,-1,-1
246,52,631.93,461.18,66.12,170.89,0.7024,-1,-1,-1
246,56,508.52,445.76,39.82,112.09,0.2875,-1,-1,-1
246,59,764.02,439.02,132.60,433.61,0.7101,-1,-1,-1
246,39,1278.84,423.50,60.27,235.14,0.4140,-1,-1,-1
247,2,985.79,428.21,110.59,416.23,0.2997,-1,-1,-1
247,25,1212.03,433.66,116.33,368.65,0.8370,-1,-1,-1
247,3,865.97,415.50,193.66,616.68,0.8489,-1,-1,-1
247,50,866.03,415.56,193.65,616.64,0.8489,-1,-1,-1
247,52,632.07,458.81,68.90,173.55,0.5938,-1,-1,-1
247,56,504.98,445.88,40.39,112.71,0.3760,-1,-1,-1
247,59,770.08,435.84,137.64,438.86,0.6920,-1,-1,-1
247,39,1282.12,425.61,58.91,293.93,0.1624,-1,-1,-1
248,25,1215.52,432.42,131.13,369.94,0.8531,-1,-1,-1
248,3,876.74,418.10,186.82,619.94,0.7759,-1,-1,-1
248,50,876.75,418.12,186.81,619.93,0.7759,-1,-1,-1
248,52,632.62,457.96,67.79,174.05,0.6804,-1,-1,-1
248,56,503.63,445.18,40.99,114.01,0.3465,-1,-1,-1
248,59,772.21,433.24,140.76,442.36,0.7115,-1,-1,-1
249,25,1218.70,432.75,144.01,369.69,0.6390,-1,-1,-1
249,3,884.96,420.84,185.56,621.38,0.7363,-1,-1,-1
249,50,884.95,420.85,185.56,621.38,0.7363,-1,-1,-1
249,52,635.37,453.94,65.46,178.47,0.6558,-1,-1,-1
249,56,503.64,447.53,40.28,111.34,0.2759,-1,-1,-1
249,59,777.49,430.98,142.33,446.26,0.8019,-1,-1,-1
250,25,1220.64,431.50,164.60,373.10,0.7142,-1,-1,-1
250,3,892.46,422.13,207.04,621.79,0.7127,-1,-1,-1
250,50,892.46,422.14,207.04,621.79,0.7127,-1,-1,-1
250,52,640.70,450.85,67.25,182.47,0.6911,-1,-1,-1
250,56,506.81,446.96,40.40,111.10,0.2258,-1,-1,-1
250,59,779.75,431.04,145.01,445.83,0.4265,-1,-1,-1
251,25,1220.87,429.94,181.80,375.49,0.9068,-1,-1,-1
251,3,901.68,413.52,213.10,631.27,0.8245,-1,-1,-1
251,50,901.68,413.52,213.10,631.27,0.8245,-1,-1,-1
251,52,645.95,449.57,68.66,182.59,0.7535,-1,-1,-1
251,56,508.33,447.31,40.48,111.39,0.2521,-1,-1,-1
251,59,781.58,431.02,144.53,446.37,0.8289,-1,-1,-1
252,25,1220.98,426.58,195.33,379.96,0.9134,-1,-1,-1
252,3,909.61,406.56,215.15,638.14,0.8937,-1,-1,-1
252,50,909.60,406.57,215.15,638.14,0.8937,-1,-1,-1
252,52,649.09,447.96,67.98,184.18,0.8121,-1,-1,-1
252,56,508.20,446.02,41.54,113.24,0.2809,-1,-1,-1
252,59,778.51,431.60,150.26,446.65,0.8274,-1,-1,-1
252,60,1847.47,515.58,71.91,266.07,0.4875,-1,-1,-1
252,51,412.42,470.94,43.87,100.29,0.3883,-1,-1,-1
253,25,1221.39,425.16,203.29,382.86,0.9091,-1,-1,-1
253,3,918.18,404.63,210.97,641.27,0.8991,-1,-1,-1
253,50,918.17,404.63,210.97,641.27,0.8991,-1,-1,-1
253,52,651.65,446.63,66.62,186.16,0.7969,-1,-1,-1
253,56,509.05,445.74,41.09,113.76,0.2400,-1,-1,-1
253,59,781.33,433.13,147.70,444.73,0.8401,-1,-1,-1
253,60,1846.81,484.56,72.58,295.13,0.6386,-1,-1,-1
253,51,411.88,469.07,45.21,102.25,0.3748,-1,-1,-1
254,25,1221.22,423.39,205.01,386.21,0.9105,-1,-1,-1
254,3,923.25,407.38,205.00,638.55,0.8827,-1,-1,-1
254,50,923.24,407.38,205.00,638.55,0.8827,-1,-1,-1
254,52,654.89,447.14,63.69,185.48,0.8144,-1,-1,-1
254,56,509.40,447.35,40.77,112.86,0.3186,-1,-1,-1
254,59,785.12,432.76,143.13,444.78,0.8414,-1,-1,-1
254,60,1841.35,409.55,77.87,371.75,0.6324,-1,-1,-1
254,51,412.18,466.30,43.86,104.47,0.2402,-1,-1,-1
254,61,730.89,483.07,44.70,115.92,0.3844,-1,-1,-1
255,25,1221.04,425.09,210.56,386.45,0.9077,-1,-1,-1
255,3,926.76,406.02,196.54,639.95,0.8796,-1,-1,-1
255,50,926.75,406.02,196.54,639.95,0.8796,-1,-1,-1
255,52,657.10,447.97,63.79,185.25,0.7797,-1,-1,-1
255,56,511.03,447.41,39.39,112.53,0.3539,-1,-1,-1
255,59,791.30,430.79,141.12,446.30,0.8044,-1,-1,-1
255,60,1820.42,381.87,98.72,398.41,0.7524,-1,-1,-1
255,51,411.14,467.98,44.56,103.39,0.1864,-1,-1,-1
255,61,730.76,482.30,45.08,116.05,0.2913,-1,-1,-1
256,25,1223.99,427.05,210.91,386.27,0.9197,-1,-1,-1
256,3,929.31,407.17,195.11,637.89,0.8759,-1,-1,-1
256,50,929.30,407.17,195.11,637.89,0.8759,-1,-1,-1
256,52,658.47,449.03,66.86,185.07,0.8001,-1,-1,-1
256,56,510.75,444.71,40.50,116.31,0.5435,-1,-1,-1
256,59,800.53,431.44,135.37,448.70,0.8291,-1,-1,-1
256,60,1808.10,379.85,110.93,400.51,0.7344,-1,-1,-1
256,51,410.51,472.41,44.81,98.76,0.1580,-1,-1,-1
256,61,730.54,481.82,44.19,116.96,0.2862,-1,-1,-1
257,25,1228.14,428.49,210.11,386.07,0.9237,-1,-1,-1
257,3,932.39,407.03,191.95,637.05,0.8646,-1,-1,-1
257,50,932.38,407.03,191.95,637.05,0.8646,-1,-1,-1
257,52,658.80,450.79,69.57,184.23,0.7917,-1,-1,-1
257,56,510.49,443.57,40.82,117.44,0.5129,-1,-1,-1
257,59,806.13,432.62,133.07,457.24,0.8078,-1,-1,-1
257,60,1806.79,378.30,112.17,402.29,0.8477,-1,-1,-1
257,51,408.41,474.05,44.58,100.29,0.2733,-1,-1,-1
257,61,730.53,482.23,43.22,115.58,0.2262,-1,-1,-1
258,25,1237.58,426.91,202.07,387.27,0.9097,-1,-1,-1
258,3,936.00,401.16,188.26,641.64,0.8465,-1,-1,-1
258,50,936.00,401.16,188.26,641.64,0.8465,-1,-1,-1
258,52,659.79,448.55,70.93,189.72,0.8187,-1,-1,-1
258,56,511.15,445.42,40.47,114.16,0.1855,-1,-1,-1
258,59,804.64,431.98,135.30,466.92,0.7281,-1,-1,-1
258,60,1805.46,380.48,113.54,401.09,0.8077,-1,-1,-1
258,51,407.12,473.73,44.72,100.59,0.1792,-1,-1,-1
258,61,733.37,483.63,41.27,116.67,0.1698,-1,-1,-1
258,48,1102.57,437.27,54.17,119.55,0.3671,-1,-1,-1
259,25,1247.88,427.08,192.26,386.55,0.8703,-1,-1,-1
259,3,936.83,396.21,185.55,645.86,0.7995,-1,-1,-1
259,50,936.83,396.21,185.55,645.86,0.7995,-1,-1,-1
259,52,660.40,449.26,71.97,188.85,0.8071,-1,-1,-1
259,56,511.05,443.82,40.13,114.99,0.1524,-1,-1,-1
259,59,806.14,432.17,133.93,471.48,0.7728,-1,-1,-1
259,60,1787.79,386.75,130.66,391.50,0.8591,-1,-1,-1
259,51,406.35,474.57,45.39,100.06,0.2062,-1,-1,-1
259,48,1102.26,436.24,54.92,119.87,0.3569,-1,-1,-1
260,25,1259.58,425.56,181.61,387.81,0.8510,-1,-1,-1
260,3,937.87,395.76,179.58,645.86,0.8217,-1,-1,-1
260,50,937.86,395.76,179.58,645.86,0.8217,-1,-1,-1
260,52,662.40,450.79,70.68,186.92,0.7861,-1,-1,-1
260,59,807.05,431.87,134.18,477.54,0.6915,-1,-1,-1
260,60,1760.52,387.25,157.13,389.64,0.8371,-1,-1,-1
260,51,404.75,473.30,46.28,101.69,0.3283,-1,-1,-1
260,48,1101.75,436.43,56.59,118.34,0.2741,-1,-1,-1
261,25,1274.77,424.48,166.61,389.07,0.7968,-1,-1,-1
261,3,939.33,398.77,177.14,643.16,0.8406,-1,-1,-1
261,50,939.33,398.77,177.14,643.16,0.8406,-1,-1,-1
261,52,663.46,450.47,70.22,188.67,0.8053,-1,-1,-1
261,59,807.18,431.92,134.09,481.34,0.6552,-1,-1,-1
261,60,1727.17,385.67,189.94,390.20,0.8271,-1,-1,-1
261,51,403.11,471.19,45.57,93.88,0.1626,-1,-1,-1
261,48,1105.13,437.12,54.23,116.48,0.1658,-1,-1,-1
262,25,1295.68,423.76,149.10,392.60,0.8427,-1,-1,-1
262,3,940.90,397.56,175.36,644.36,0.8648,-1,-1,-1
262,50,940.90,397.56,175.36,644.36,0.8648,-1,-1,-1
262,52,664.17,450.08,69.85,189.83,0.7902,-1,-1,-1
262,59,814.01,431.29,130.79,485.00,0.8023,-1,-1,-1
262,60,1695.27,400.18,221.95,377.16,0.8787,-1,-1,-1
262,51,400.73,470.25,47.99,93.86,0.3268,-1,-1,-1
262,48,1104.83,436.79,54.82,118.15,0.3223,-1,-1,-1
262,56,507.08,442.65,43.68,117.38,0.4318,-1,-1,-1
263,25,1310.47,424.68,141.70,391.81,0.8737,-1,-1,-1
263,3,943.93,397.04,174.01,644.87,0.8744,-1,-1,-1
263,50,943.93,397.04,174.01,644.87,0.8744,-1,-1,-1
263,52,664.63,451.35,71.16,187.98,0.7573,-1,-1,-1
263,59,818.19,431.67,128.03,486.40,0.8158,-1,-1,-1
263,60,1673.75,408.70,243.83,368.65,0.8831,-1,-1,-1
263,51,399.73,470.46,49.37,93.35,0.3245,-1,-1,-1
263,48,1105.70,437.66,53.83,117.09,0.3243,-1,-1,-1
263,56,505.12,442.71,45.48,117.81,0.3123,-1,-1,-1
264,25,1328.15,422.31,130.08,395.35,0.8897,-1,-1,-1
264,3,946.73,399.39,177.15,641.68,0.8649,-1,-1,-1
264,50,946.72,399.39,177.15,641.68,0.8649,-1,-1,-1
264,52,665.93,451.44,72.67,187.90,0.7458,-1,-1,-1
264,59,821.28,431.72,123.42,486.62,0.8009,-1,-1,-1
264,60,1661.54,413.32,254.56,363.99,0.8967,-1,-1,-1
264,51,400.92,468.96,46.76,95.44,0.3595,-1,-1,-1
264,48,1107.09,439.13,52.72,112.95,0.2263,-1,-1,-1
264,56,505.39,443.00,45.73,117.50,0.4178,-1,-1,-1
264,62,1298.44,434.15,42.65,116.06,0.3518,-1,-1,-1
265,25,1340.26,421.56,122.07,398.32,0.8909,-1,-1,-1
265,3,948.40,402.00,180.57,638.93,0.8733,-1,-1,-1
265,50,948.40,402.00,180.57,638.93,0.8733,-1,-1,-1
265,52,668.30,451.70,73.64,187.69,0.7585,-1,-1,-1
265,59,823.88,431.76,121.53,487.45,0.7581,-1,-1,-1
265,60,1655.76,419.01,255.32,357.99,0.8962,-1,-1,-1
265,51,400.27,468.28,48.44,99.16,0.3582,-1,-1,-1
265,48,1108.51,438.90,51.73,117.67,0.2935,-1,-1,-1
265,56,506.28,442.44,45.00,117.82,0.4207,-1,-1,-1
265,62,1299.66,435.62,44.83,113.47,0.3066,-1,-1,-1
266,25,1346.81,422.31,121.93,403.24,0.8892,-1,-1,-1
266,3,950.79,403.56,176.95,637.15,0.8657,-1,-1,-1
266,50,950.79,403.57,176.95,637.15,0.8657,-1,-1,-1
266,52,672.52,452.48,72.23,186.92,0.7359,-1,-1,-1
266,59,824.58,431.33,121.12,488.79,0.7933,-1,-1,-1
266,60,1652.41,413.95,246.62,360.94,0.8728,-1,-1,-1
266,51,400.90,467.67,47.81,102.39,0.3025,-1,-1,-1
266,48,1108.23,438.86,53.11,120.27,0.3781,-1,-1,-1
266,56,507.16,442.26,44.36,117.96,0.4298,-1,-1,-1
267,25,1351.80,419.62,123.54,411.22,0.8712,-1,-1,-1
267,3,952.71,404.03,174.56,636.00,0.8636,-1,-1,-1
267,50,952.71,404.03,174.56,636.00,0.8636,-1,-1,-1
267,52,674.41,453.06,71.98,185.61,0.7677,-1,-1,-1
267,59,824.61,430.39,120.84,489.85,0.8500,-1,-1,-1
267,60,1650.65,416.82,232.86,352.03,0.8798,-1,-1,-1
267,51,399.86,465.15,50.03,107.60,0.3835,-1,-1,-1
267,48,1111.97,439.22,49.68,119.78,0.3799,-1,-1,-1
267,56,507.09,442.34,44.52,117.75,0.4448,-1,-1,-1
268,25,1356.35,419.63,133.50,413.47,0.8686,-1,-1,-1
268,3,952.98,404.88,172.55,635.16,0.1760,-1,-1,-1
268,50,952.50,403.97,172.94,636.58,0.7057,-1,-1,-1
268,52,676.19,453.52,70.34,184.48,0.8128,-1,-1,-1
268,59,824.26,428.87,124.98,491.97,0.7687,-1,-1,-1
268,60,1651.32,415.97,207.39,343.75,0.8729,-1,-1,-1
268,51,397.54,463.94,51.99,110.08,0.2905,-1,-1,-1
268,48,1118.53,441.76,42.54,117.90,0.2837,-1,-1,-1
268,56,506.96,441.43,44.60,119.43,0.3815,-1,-1,-1
269,25,1360.93,423.20,150.87,412.84,0.9165,-1,-1,-1
269,3,952.76,405.20,177.14,634.73,0.8637,-1,-1,-1
269,50,952.59,404.86,177.28,635.27,0.8637,-1,-1,-1
269,52,677.68,453.24,68.90,184.24,0.7677,-1,-1,-1
269,59,822.47,427.83,127.17,494.12,0.7456,-1,-1,-1
269,60,1650.81,417.26,181.64,339.48,0.8486,-1,-1,-1
269,51,394.67,462.65,53.69,110.24,0.3359,-1,-1,-1
269,48,1119.23,441.44,42.61,117.99,0.3966,-1,-1,-1
269,56,506.23,439.94,45.20,120.92,0.5186,-1,-1,-1
269,63,1049.81,443.58,107.50,208.56,0.3747,-1,-1,-1
270,25,1363.81,425.99,167.47,411.13,0.9190,-1,-1,-1
270,3,954.17,406.04,175.03,634.35,0.8454,-1,-1,-1
270,50,954.11,405.91,175.08,634.55,0.8454,-1,-1,-1
270,52,679.98,452.45,67.59,186.18,0.7529,-1,-1,-1
270,59,822.72,427.84,132.55,494.19,0.7634,-1,-1,-1
270,60,1652.91,412.50,150.57,342.47,0.8347,-1,-1,-1
270,51,391.93,462.92,56.89,108.95,0.2079,-1,-1,-1
270,48,1120.83,439.97,41.01,117.05,0.2946,-1,-1,-1
270,56,506.25,439.41,45.30,121.57,0.4229,-1,-1,-1
270,63,1050.96,432.30,107.68,216.83,0.3561,-1,-1,-1
271,25,1364.95,424.91,183.55,412.56,0.9206,-1,-1,-1
271,3,956.53,406.97,169.86,633.27,0.8039,-1,-1,-1
271,50,956.51,406.93,169.88,633.34,0.8039,-1,-1,-1
271,52,683.04,451.21,66.44,188.10,0.6064,-1,-1,-1
271,59,822.01,427.75,137.63,495.08,0.7667,-1,-1,-1
271,60,1653.48,413.84,121.29,339.58,0.8205,-1,-1,-1
271,51,391.81,461.06,57.50,112.60,0.2721,-1,-1,-1
271,48,1122.00,437.90,39.14,118.92,0.2615,-1,-1,-1
271,56,507.30,440.24,44.95,120.57,0.3701,-1,-1,-1
271,63,1058.52,427.98,102.50,219.50,0.3503,-1,-1,-1
272,25,1365.57,425.18,193.03,414.71,0.9267,-1,-1,-1
272,3,960.40,406.55,163.02,633.19,0.8359,-1,-1,-1
272,50,960.40,406.54,163.02,633.21,0.8359,-1,-1,-1
272,52,685.47,448.22,66.38,193.48,0.6390,-1,-1,-1
272,59,825.19,428.07,135.67,494.00,0.8089,-1,-1,-1
272,60,1644.30,416.39,100.80,335.69,0.7507,-1,-1,-1
272,51,393.68,461.66,56.36,113.74,0.3299,-1,-1,-1
272,56,507.47,442.22,45.89,118.69,0.4122,-1,-1,-1
272,63,1061.44,421.84,101.41,219.38,0.3291,-1,-1,-1
273,25,1366.18,426.88,198.09,417.77,0.9281,-1,-1,-1
273,3,963.30,405.88,160.37,633.51,0.8438,-1,-1,-1
273,50,963.30,405.88,160.37,633.51,0.8438,-1,-1,-1
273,52,686.18,446.26,67.44,196.41,0.6451,-1,-1,-1
273,59,827.08,426.71,135.05,493.88,0.8181,-1,-1,-1
273,60,1637.98,429.44,88.67,321.63,0.7119,-1,-1,-1
273,51,393.38,463.83,54.13,112.09,0.3472,-1,-1,-1
273,56,508.58,446.54,44.70,113.41,0.2078,-1,-1,-1
273,63,1066.31,425.65,98.67,222.33,0.1722,-1,-1,-1
274,25,1367.80,425.78,203.88,424.91,0.9282,-1,-1,-1
274,3,964.92,405.43,157.69,634.75,0.8608,-1,-1,-1
274,50,964.92,405.43,157.69,634.75,0.8608,-1,-1,-1
274,52,687.24,445.99,67.25,196.42,0.5925,-1,-1,-1
274,59,829.07,425.69,135.72,493.68,0.8328,-1,-1,-1
274,60,1625.08,438.08,92.84,312.08,0.8552,-1,-1,-1
274,56,508.84,447.01,44.50,112.21,0.2077,-1,-1,-1
274,63,1068.45,425.48,97.68,212.97,0.3149,-1,-1,-1
275,25,1370.35,427.95,205.35,425.55,0.9108,-1,-1,-1
275,3,966.66,406.18,155.41,635.25,0.8382,-1,-1,-1
275,50,966.67,406.18,155.41,635.25,0.8382,-1,-1,-1
275,52,690.47,447.51,72.89,195.52,0.6353,-1,-1,-1
275,59,829.28,423.75,136.19,494.59,0.8296,-1,-1,-1
275,60,1596.86,441.30,118.47,309.27,0.8201,-1,-1,-1
275,56,509.45,448.01,44.59,111.60,0.2455,-1,-1,-1
275,63,1068.89,424.63,101.63,222.38,0.4647,-1,-1,-1
276,25,1374.98,427.89,201.36,425.97,0.9144,-1,-1,-1
276,3,968.16,404.36,155.69,637.70,0.8510,-1,-1,-1
276,50,968.16,404.37,155.69,637.69,0.8510,-1,-1,-1
276,52,695.80,448.18,70.57,194.34,0.5901,-1,-1,-1
276,59,828.16,423.89,135.13,494.02,0.7777,-1,-1,-1
276,60,1572.48,441.39,140.28,309.48,0.8530,-1,-1,-1
276,63,1071.31,422.58,101.43,228.14,0.4776,-1,-1,-1
276,62,1305.31,428.26,56.60,121.76,0.3693,-1,-1,-1
277,25,1379.40,427.29,197.17,426.76,0.8822,-1,-1,-1
277,3,970.33,403.17,156.66,639.51,0.8323,-1,-1,-1
277,50,970.33,403.17,156.66,639.50,0.8323,-1,-1,-1
277,52,696.34,450.22,68.47,192.74,0.3842,-1,-1,-1
277,59,828.91,422.89,132.15,494.85,0.8223,-1,-1,-1
277,60,1553.45,426.17,157.89,324.74,0.8917,-1,-1,-1
277,63,1075.93,424.69,98.22,227.62,0.3971,-1,-1,-1
277,64,697.72,455.22,61.91,188.40,0.3404,-1,-1,-1
277,62,1305.85,429.60,57.64,119.98,0.2880,-1,-1,-1
278,25,1389.19,426.52,203.45,426.76,0.8498,-1,-1,-1
278,3,970.36,401.21,159.74,642.73,0.8473,-1,-1,-1
278,50,970.36,401.21,159.73,642.73,0.8473,-1,-1,-1
278,52,701.67,450.95,72.02,193.29,0.5523,-1,-1,-1
278,59,830.50,422.19,130.66,495.42,0.7828,-1,-1,-1
278,60,1538.48,450.26,172.39,299.12,0.8772,-1,-1,-1
278,63,1087.90,437.36,87.72,218.31,0.3109,-1,-1,-1
278,64,701.35,455.02,59.90,187.88,0.3218,-1,-1,-1
278,62,1305.55,429.49,57.95,118.97,0.1774,-1,-1,-1
279,25,1432.00,430.23,157.32,421.97,0.6547,-1,-1,-1
279,3,973.30,400.27,159.19,644.25,0.8490,-1,-1,-1
279,50,973.30,400.27,159.19,644.24,0.8490,-1,-1,-1
279,52,705.93,451.73,76.19,193.02,0.4657,-1,-1,-1
279,59,830.46,421.35,130.56,496.37,0.7819,-1,-1,-1
279,60,1531.12,430.94,177.77,317.32,0.8667,-1,-1,-1
279,63,1090.45,444.71,86.29,213.80,0.3066,-1,-1,-1
279,64,701.13,458.50,58.71,183.46,0.2621,-1,-1,-1
280,25,1449.22,428.92,144.81,423.30,0.7997,-1,-1,-1
280,3,974.99,402.00,164.87,643.27,0.8463,-1,-1,-1
280,50,974.99,402.00,164.87,643.27,0.8463,-1,-1,-1
280,52,709.65,452.43,78.30,192.27,0.5966,-1,-1,-1
280,60,1545.89,449.04,156.21,299.13,0.6997,-1,-1,-1
280,63,1097.80,458.40,78.71,201.27,0.2631,-1,-1,-1
280,64,703.37,459.73,59.14,182.05,0.1822,-1,-1,-1
280,51,386.74,461.38,58.03,114.88,0.3429,-1,-1,-1
281,25,1459.05,427.40,128.08,423.61,0.8516,-1,-1,-1
281,3,977.32,401.27,168.65,644.49,0.8589,-1,-1,-1
281,50,977.32,401.28,168.65,644.48,0.8589,-1,-1,-1
281,52,712.63,455.46,78.98,189.61,0.6779,-1,-1,-1
281,60,1548.35,427.79,147.16,321.16,0.6051,-1,-1,-1
281,63,1100.90,459.00,74.75,202.44,0.2511,-1,-1,-1
281,64,710.58,458.01,73.36,186.04,0.6779,-1,-1,-1
281,51,385.75,461.51,58.66,115.32,0.3121,-1,-1,-1
281,59,828.90,420.57,140.82,497.77,0.8203,-1,-1,-1
282,25,1464.96,425.77,125.22,424.21,0.8103,-1,-1,-1
282,3,979.12,402.42,171.39,643.95,0.8315,-1,-1,-1
282,50,979.12,402.43,171.39,643.95,0.8315,-1,-1,-1
282,52,713.33,459.84,81.21,184.03,0.5391,-1,-1,-1
282,60,1544.87,423.86,133.70,319.54,0.5998,-1,-1,-1
282,63,1099.56,458.03,76.64,205.65,0.2026,-1,-1,-1
282,64,712.66,460.82,79.99,182.61,0.5391,-1,-1,-1
282,51,384.74,464.79,55.68,110.18,0.1538,-1,-1,-1
282,65,1342.99,440.24,32.11,106.43,0.5139,-1,-1,-1
282,59,828.23,419.89,148.61,497.18,0.8411,-1,-1,-1
283,25,1472.27,429.98,135.84,423.31,0.8572,-1,-1,-1
283,3,982.73,402.30,170.93,643.42,0.8128,-1,-1,-1
283,50,982.74,402.30,170.93,643.41,0.8128,-1,-1,-1
283,52,715.39,460.07,80.94,183.49,0.6359,-1,-1,-1
283,64,715.21,460.34,81.52,183.00,0.6359,-1,-1,-1
283,51,383.88,463.47,55.79,112.40,0.3490,-1,-1,-1
283,65,1343.68,440.67,32.71,106.53,0.2152,-1,-1,-1
283,59,826.81,421.63,161.42,494.93,0.8400,-1,-1,-1
284,25,1480.16,426.58,141.88,427.72,0.8741,-1,-1,-1
284,3,988.00,400.78,164.19,643.33,0.8060,-1,-1,-1
284,50,988.01,400.78,164.19,643.33,0.8060,-1,-1,-1
284,52,716.61,459.53,81.10,184.45,0.7283,-1,-1,-1
284,64,716.62,459.52,82.22,184.34,0.7283,-1,-1,-1
284,51,382.75,465.63,57.92,109.92,0.2113,-1,-1,-1
284,65,1342.75,442.79,35.62,104.06,0.2241,-1,-1,-1
284,59,826.22,422.45,173.35,494.46,0.8558,-1,-1,-1
285,25,1487.99,430.83,140.06,422.07,0.8338,-1,-1,-1
285,3,991.41,402.20,161.07,642.41,0.8624,-1,-1,-1
285,50,991.41,402.20,161.07,642.41,0.8624,-1,-1,-1
285,52,715.93,457.68,83.36,186.40,0.7790,-1,-1,-1
285,64,716.00,457.54,84.56,186.47,0.7790,-1,-1,-1
285,51,381.08,466.15,56.56,108.38,0.2957,-1,-1,-1
285,65,1344.59,442.95,35.40,104.82,0.2512,-1,-1,-1
285,59,828.96,423.77,180.47,493.58,0.8718,-1,-1,-1
285,56,504.77,454.23,40.76,106.43,0.3689,-1,-1,-1
286,25,1495.85,432.38,150.64,421.80,0.8979,-1,-1,-1
286,3,994.04,403.54,160.50,642.26,0.8728,-1,-1,-1
286,50,994.04,403.54,160.50,642.25,0.8728,-1,-1,-1
286,52,715.76,455.55,86.65,188.88,0.8158,-1,-1,-1
286,64,715.83,455.36,87.81,189.02,0.8158,-1,-1,-1
286,51,380.51,466.90,54.31,107.06,0.2242,-1,-1,-1
286,65,1349.02,444.12,35.30,101.48,0.5298,-1,-1,-1
286,59,828.84,422.86,188.29,495.16,0.8769,-1,-1,-1
286,56,504.63,454.74,40.29,106.09,0.3354,-1,-1,-1
287,25,1499.91,431.33,173.47,422.56,0.8806,-1,-1,-1
287,3,994.64,404.11,162.67,641.73,0.8652,-1,-1,-1
287,50,994.65,404.11,162.67,641.72,0.8652,-1,-1,-1
287,52,717.10,455.50,86.32,188.63,0.7896,-1,-1,-1
287,64,717.15,455.32,87.42,188.77,0.7896,-1,-1,-1
287,51,380.89,469.21,50.09,103.73,0.2218,-1,-1,-1
287,65,1349.89,444.56,36.51,102.75,0.6463,-1,-1,-1
287,59,828.56,424.73,191.61,494.06,0.8887,-1,-1,-1
287,56,504.49,454.68,40.41,106.29,0.2848,-1,-1,-1
288,25,1503.54,431.91,197.75,424.75,0.9117,-1,-1,-1
288,3,996.09,405.39,160.32,640.06,0.8623,-1,-1,-1
288,50,996.09,405.39,160.32,640.06,0.8623,-1,-1,-1
288,52,719.67,450.26,84.21,192.97,0.7515,-1,-1,-1
288,64,719.70,450.05,85.20,193.12,0.7515,-1,-1,-1
288,51,380.31,474.00,47.55,99.91,0.2537,-1,-1,-1
288,65,1351.35,444.87,38.67,102.67,0.3101,-1,-1,-1
288,59,829.50,424.90,192.86,494.47,0.8884,-1,-1,-1
288,56,504.67,454.30,40.40,106.99,0.3574,-1,-1,-1
289,25,1506.18,437.31,218.51,421.19,0.9314,-1,-1,-1
289,3,999.07,406.99,160.28,638.34,0.8572,-1,-1,-1
289,50,999.07,406.99,160.28,638.34,0.8572,-1,-1,-1
289,52,724.90,447.65,81.70,196.82,0.7957,-1,-1,-1
289,64,724.91,447.45,82.56,196.99,0.7957,-1,-1,-1
289,51,380.24,476.01,46.40,98.23,0.2161,-1,-1,-1
289,65,1353.72,443.66,40.45,104.73,0.4683,-1,-1,-1
289,59,833.33,425.15,190.20,494.38,0.8826,-1,-1,-1
289,56,505.80,454.84,39.16,106.56,0.2919,-1,-1,-1
289,60,1475.61,414.77,106.16,309.70,0.3907,-1,-1,-1
290,25,1505.92,438.42,235.93,425.28,0.8841,-1,-1,-1
290,3,1001.84,405.70,156.54,639.36,0.8689,-1,-1,-1
290,50,1001.84,405.70,156.54,639.36,0.8689,-1,-1,-1
290,52,729.36,448.22,80.49,196.72,0.7702,-1,-1,-1
290,64,729.38,448.05,81.23,196.86,0.7702,-1,-1,-1
290,51,380.35,476.22,44.92,97.83,0.1935,-1,-1,-1
290,65,1357.22,441.06,41.03,108.05,0.2374,-1,-1,-1
290,59,836.53,423.15,186.97,496.54,0.8795,-1,-1,-1
290,56,505.96,455.16,38.48,104.87,0.2823,-1,-1,-1
290,60,1441.54,414.83,130.86,309.17,0.5139,-1,-1,-1
291,25,1505.51,436.99,248.83,429.40,0.5149,-1,-1,-1
291,3,1002.86,403.14,156.74,640.76,0.8351,-1,-1,-1
291,50,1002.86,403.14,156.74,640.76,0.8351,-1,-1,-1
291,52,732.59,450.05,81.17,197.06,0.7540,-1,-1,-1
291,64,732.61,449.91,81.80,197.18,0.7540,-1,-1,-1
291,65,1358.23,442.59,44.71,105.98,0.3896,-1,-1,-1
291,59,834.21,422.61,190.51,497.08,0.8844,-1,-1,-1
291,56,505.44,455.92,38.16,103.70,0.1879,-1,-1,-1
291,60,1419.53,421.06,147.52,298.07,0.6731,-1,-1,-1
292,25,1504.09,439.15,254.65,428.15,0.8627,-1,-1,-1
292,3,1003.70,402.75,157.93,639.85,0.7977,-1,-1,-1
292,50,1003.70,402.75,157.93,639.85,0.7977,-1,-1,-1
292,52,739.27,451.38,75.59,196.51,0.7322,-1,-1,-1
292,64,739.28,451.25,76.16,196.62,0.7322,-1,-1,-1
292,65,1358.75,443.30,45.44,103.96,0.2012,-1,-1,-1
292,59,834.69,423.43,190.08,496.29,0.8714,-1,-1,-1
292,56,505.07,455.47,38.71,104.59,0.1948,-1,-1,-1
292,60,1405.50,426.31,136.65,286.47,0.3623,-1,-1,-1
293,25,1502.66,437.15,260.79,436.58,0.8129,-1,-1,-1
293,3,1006.02,403.06,157.41,639.60,0.8466,-1,-1,-1
293,50,1006.02,403.06,157.40,639.60,0.8466,-1,-1,-1
293,52,743.32,449.59,71.41,197.66,0.7914,-1,-1,-1
293,64,743.34,449.48,71.88,197.75,0.7914,-1,-1,-1
293,59,837.00,423.31,187.49,496.72,0.8635,-1,-1,-1
293,56,504.35,453.22,39.87,106.57,0.3620,-1,-1,-1
293,60,1398.42,430.19,132.99,279.11,0.7513,-1,-1,-1
294,25,1502.75,435.18,265.01,442.85,0.8755,-1,-1,-1
294,3,1007.63,401.87,156.85,641.95,0.8731,-1,-1,-1
294,50,1007.04,405.06,155.95,638.65,0.4401,-1,-1,-1
294,52,746.53,451.21,67.90,195.31,0.7719,-1,-1,-1
294,64,746.56,451.12,68.29,195.38,0.7719,-1,-1,-1
294,59,840.38,422.24,184.26,498.63,0.8851,-1,-1,-1
294,56,504.31,455.25,40.26,104.14,0.3124,-1,-1,-1
294,60,1394.80,429.68,136.85,279.53,0.8325,-1,-1,-1
295,25,1502.82,433.14,267.59,445.53,0.8461,-1,-1,-1
295,3,1009.30,401.67,153.96,642.35,0.8673,-1,-1,-1
295,50,1008.06,405.15,153.92,638.37,0.4523,-1,-1,-1
295,52,747.53,451.40,71.08,195.80,0.7093,-1,-1,-1
295,64,747.55,451.32,71.39,195.86,0.7093,-1,-1,-1
295,59,843.57,420.93,181.45,499.76,0.8655,-1,-1,-1
295,56,504.18,456.50,39.80,102.30,0.2542,-1,-1,-1
295,60,1389.84,430.71,148.60,278.86,0.8408,-1,-1,-1
296,25,1514.65,431.12,255.59,446.67,0.7766,-1,-1,-1
296,3,1009.24,402.40,156.05,641.32,0.8755,-1,-1,-1
296,50,1006.94,403.06,156.99,640.14,0.4119,-1,-1,-1
296,52,750.56,450.73,75.85,196.17,0.7881,-1,-1,-1
296,64,750.58,450.66,76.13,196.22,0.7881,-1,-1,-1
296,59,847.75,421.40,177.53,499.73,0.8753,-1,-1,-1
296,56,504.59,458.29,38.74,99.85,0.2419,-1,-1,-1
296,60,1390.47,429.82,146.51,280.11,0.8066,-1,-1,-1
296,69,1541.75,430.50,78.62,222.31,0.3978,-1,-1,-1
296,48,1156.95,436.55,47.02,118.31,0.3803,-1,-1,-1
297,25,1528.86,431.41,240.18,446.70,0.8599,-1,-1,-1
297,3,1010.99,403.37,156.09,639.63,0.8725,-1,-1,-1
297,50,1007.94,404.43,157.24,635.63,0.5080,-1,-1,-1
297,52,757.74,449.94,72.37,198.49,0.8466,-1,-1,-1
297,64,757.75,449.88,72.63,198.55,0.8466,-1,-1,-1
297,59,852.67,414.71,173.21,506.66,0.8220,-1,-1,-1
297,56,505.35,457.48,37.78,101.09,0.2160,-1,-1,-1
297,60,1394.34,433.67,138.85,276.95,0.8072,-1,-1,-1
297,69,1550.54,433.53,77.89,216.15,0.3510,-1,-1,-1
297,48,1157.53,436.74,47.43,117.23,0.3839,-1,-1,-1
298,25,1543.14,430.33,227.51,447.24,0.8383,-1,-1,-1
298,3,1010.61,404.70,158.37,637.74,0.8553,-1,-1,-1
298,50,1007.82,406.18,156.61,630.07,0.6099,-1,-1,-1
298,52,758.75,449.22,71.71,199.09,0.8319,-1,-1,-1
298,64,758.77,449.16,71.94,199.14,0.8319,-1,-1,-1
298,59,855.16,417.52,169.74,503.94,0.8303,-1,-1,-1
298,56,505.68,455.64,37.32,103.68,0.2281,-1,-1,-1
298,60,1395.11,439.55,127.83,268.70,0.8373,-1,-1,-1
298,69,1561.81,426.45,76.21,223.49,0.4054,-1,-1,-1
298,48,1157.86,436.60,48.04,117.34,0.4411,-1,-1,-1
299,25,1557.87,426.07,211.92,452.88,0.8494,-1,-1,-1
299,3,1009.96,404.67,160.66,630.33,0.5400,-1,-1,-1
299,50,1009.69,404.96,160.62,633.77,0.8606,-1,-1,-1
299,52,762.67,451.28,71.07,198.35,0.8377,-1,-1,-1
299,64,762.68,451.23,71.27,198.39,0.8377,-1,-1,-1
299,59,866.34,418.22,157.38,508.44,0.6730,-1,-1,-1
299,56,506.26,455.76,36.36,104.17,0.1600,-1,-1,-1
299,60,1394.01,446.68,112.12,260.08,0.8126,-1,-1,-1
299,69,1570.65,422.31,89.41,228.31,0.3852,-1,-1,-1
299,48,1157.12,436.74,50.61,116.75,0.2697,-1,-1,-1
300,25,1572.62,424.83,194.58,454.11,0.7858,-1,-1,-1
300,3,1011.71,404.95,162.53,630.38,0.8103,-1,-1,-1
300,50,1012.09,402.63,162.26,628.33,0.4876,-1,-1,-1
300,52,765.51,451.35,70.84,198.24,0.8486,-1,-1,-1
300,64,765.52,451.31,71.01,198.28,0.8486,-1,-1,-1
300,59,876.15,419.86,146.84,511.35,0.8234,-1,-1,-1
300,56,505.37,456.13,37.75,103.44,0.2713,-1,-1,-1
300,60,1386.16,429.48,102.17,276.63,0.8737,-1,-1,-1
300,69,1579.16,422.43,88.36,228.16,0.4011,-1,-1,-1
300,48,1159.80,437.60,49.63,116.04,0.2735,-1,-1,-1
300,71,684.14,492.75,44.64,111.33,0.4146,-1,-1,-1
301,25,1603.09,421.56,178.67,458.39,0.8429,-1,-1,-1
301,3,1010.96,404.62,162.06,629.07,0.8184,-1,-1,-1
301,50,1010.02,403.95,162.37,622.96,0.6730,-1,-1,-1
301,52,769.33,450.38,68.35,199.30,0.8623,-1,-1,-1
301,64,769.34,450.34,68.50,199.33,0.8623,-1,-1,-1
301,59,884.37,420.08,137.67,519.32,0.8227,-1,-1,-1
301,56,505.29,456.68,37.51,103.00,0.2875,-1,-1,-1
301,60,1381.25,442.72,88.28,263.28,0.8770,-1,-1,-1
301,69,1583.50,423.44,92.29,225.02,0.1517,-1,-1,-1
301,48,1161.23,438.66,51.11,115.95,0.2262,-1,-1,-1
301,71,682.93,491.23,46.28,114.45,0.3271,-1,-1,-1
302,25,1627.60,417.79,163.85,462.74,0.8808,-1,-1,-1
302,3,1008.76,405.48,165.06,625.07,0.8448,-1,-1,-1
302,50,1007.78,405.36,166.21,619.40,0.5788,-1,-1,-1
302,52,770.64,454.49,71.24,196.39,0.8605,-1,-1,-1
302,64,770.65,454.46,71.36,196.42,0.8605,-1,-1,-1
302,59,888.80,420.22,133.28,526.31,0.8087,-1,-1,-1
302,56,505.60,458.21,37.04,101.14,0.3615,-1,-1,-1
302,60,1372.28,451.14,85.34,255.64,0.8773,-1,-1,-1
302,69,1588.41,422.33,96.23,227.62,0.3137,-1,-1,-1
302,48,1161.74,439.23,54.64,116.19,0.3073,-1,-1,-1
302,71,682.99,491.34,45.67,114.47,0.2634,-1,-1,-1
302,51,377.70,471.06,46.52,102.34,0.3625,-1,-1,-1
303,25,1646.22,413.33,153.84,475.70,0.9028,-1,-1,-1
303,3,1010.34,405.48,165.35,619.32,0.5967,-1,-1,-1
303,50,1009.97,404.83,165.70,620.54,0.8408,-1,-1,-1
303,52,771.45,454.29,71.93,197.55,0.8554,-1,-1,-1
303,64,771.46,454.26,72.04,197.57,0.8554,-1,-1,-1
303,59,883.19,419.59,139.67,531.25,0.7836,-1,-1,-1
303,56,505.49,458.22,37.08,101.71,0.4024,-1,-1,-1
303,60,1359.63,430.99,88.82,274.86,0.8695,-1,-1,-1
303,69,1593.47,413.37,96.49,234.93,0.3480,-1,-1,-1
303,48,1163.80,439.15,54.41,115.20,0.2412,-1,-1,-1
303,71,682.77,490.02,46.08,115.52,0.2212,-1,-1,-1
303,74,0.41,656.07,115.01,202.38,0.6457,-1,-1,-1
303,51,375.45,468.95,48.48,104.69,0.2399,-1,-1,-1
304,25,1659.42,411.34,149.09,488.50,0.8855,-1,-1,-1
304,3,1011.24,404.53,170.59,621.69,0.8434,-1,-1,-1
304,50,1011.12,404.28,170.72,622.23,0.8434,-1,-1,-1
304,52,773.09,454.02,74.62,198.75,0.8306,-1,-1,-1
304,64,773.10,454.00,74.72,198.77,0.8306,-1,-1,-1
304,59,874.30,419.30,149.46,533.29,0.7895,-1,-1,-1
304,56,504.97,458.36,38.15,102.33,0.5247,-1,-1,-1
304,60,1346.13,423.34,95.56,282.25,0.8566,-1,-1,-1
304,69,1601.75,409.05,95.74,240.82,0.2402,-1,-1,-1
304,48,1167.93,439.37,51.04,113.76,0.2265,-1,-1,-1
304,71,683.17,487.42,47.23,118.47,0.2427,-1,-1,-1
304,74,0.34,583.73,116.96,274.72,0.7235,-1,-1,-1
304,51,374.37,468.82,49.13,104.77,0.1791,-1,-1,-1
305,25,1669.67,413.65,143.63,493.69,0.8598,-1,-1,-1
305,3,1011.29,404.65,181.16,620.52,0.8212,-1,-1,-1
305,50,1010.07,405.91,166.15,598.21,0.6739,-1,-1,-1
305,52,773.86,451.25,76.39,203.43,0.8161,-1,-1,-1
305,64,773.87,451.23,76.48,203.45,0.8161,-1,-1,-1
305,59,875.12,418.90,148.66,534.36,0.8071,-1,-1,-1
305,56,505.29,457.30,37.63,103.65,0.4787,-1,-1,-1
305,60,1336.09,423.33,101.44,281.46,0.8459,-1,-1,-1
305,69,1611.09,406.54,96.70,245.04,0.2534,-1,-1,-1
305,48,1179.94,438.61,42.06,112.85,0.2274,-1,-1,-1
305,71,682.26,485.64,48.11,120.36,0.1729,-1,-1,-1
305,74,0.42,523.57,117.76,335.76,0.6076,-1,-1,-1
305,51,373.09,467.95,49.94,105.82,0.2329,-1,-1,-1
306,25,1674.56,415.08,165.30,496.71,0.9003,-1,-1,-1
306,3,1013.00,405.10,194.09,616.50,0.8397,-1,-1,-1
306,50,1011.67,408.49,166.20,587.50,0.4059,-1,-1,-1
306,52,775.43,448.77,76.74,206.66,0.5233,-1,-1,-1
306,64,776.00,449.02,76.41,207.10,0.3110,-1,-1,-1
306,59,875.83,418.55,148.67,534.61,0.8232,-1,-1,-1
306,56,504.35,456.91,39.14,104.32,0.5103,-1,-1,-1
306,60,1320.87,432.51,115.56,271.20,0.8353,-1,-1,-1
306,69,1610.50,410.23,107.27,326.06,0.3473,-1,-1,-1
306,48,1184.15,441.34,40.42,108.51,0.6316,-1,-1,-1
306,71,682.53,488.04,49.55,118.02,0.2532,-1,-1,-1
306,74,0.49,472.73,120.26,386.79,0.7748,-1,-1,-1
306,51,372.48,467.07,50.72,106.97,0.3361,-1,-1,-1
306,61,741.50,481.13,39.57,115.75,0.3454,-1,-1,-1
307,25,1680.57,421.69,196.78,493.70,0.8035,-1,-1,-1
307,3,1014.80,403.29,203.88,615.92,0.8423,-1,-1,-1
307,50,1014.36,404.50,193.76,605.46,0.8423,-1,-1,-1
307,52,778.01,447.84,77.11,208.68,0.8283,-1,-1,-1
307,64,778.24,447.93,77.02,208.86,0.8283,-1,-1,-1
307,59,874.62,418.44,150.39,533.95,0.8316,-1,-1,-1
307,56,504.21,458.73,38.43,102.66,0.5022,-1,-1,-1
307,60,1309.59,444.55,126.22,257.36,0.8620,-1,-1,-1
307,69,1612.23,409.40,118.10,372.31,0.6711,-1,-1,-1
307,48,1186.48,442.76,39.78,105.90,0.6904,-1,-1,-1
307,71,682.97,490.44,49.63,115.58,0.2919,-1,-1,-1
307,74,0.60,424.60,121.60,435.09,0.7308,-1,-1,-1
307,51,374.03,467.72,49.36,106.62,0.3086,-1,-1,-1
307,61,738.80,481.91,41.18,113.89,0.4236,-1,-1,-1
308,25,1681.49,419.02,225.20,498.17,0.7680,-1,-1,-1
308,3,1015.34,402.57,213.83,614.13,0.8643,-1,-1,-1
308,50,1015.21,403.01,209.74,610.46,0.8643,-1,-1,-1
308,52,780.43,446.82,75.95,209.93,0.8390,-1,-1,-1
308,64,780.52,446.84,75.96,210.00,0.8390,-1,-1,-1
308,59,875.07,418.72,150.47,532.95,0.8333,-1,-1,-1
308,56,503.26,459.52,39.43,102.10,0.3494,-1,-1,-1
308,60,1299.93,435.03,133.34,265.65,0.8662,-1,-1,-1
308,69,1611.44,407.90,126.50,393.99,0.7513,-1,-1,-1
308,48,1187.44,441.30,42.12,107.60,0.3423,-1,-1,-1
308,71,684.46,492.40,48.33,113.15,0.3168,-1,-1,-1
308,74,0.59,396.92,122.52,462.75,0.7607,-1,-1,-1
308,51,373.25,467.42,50.97,107.32,0.3124,-1,-1,-1
308,61,734.74,481.58,44.16,114.16,0.3535,-1,-1,-1
309,25,1679.22,417.04,239.55,502.96,0.8977,-1,-1,-1
309,3,1015.84,400.78,222.69,614.36,0.8695,-1,-1,-1
309,50,1015.82,400.92,221.21,613.28,0.8695,-1,-1,-1
309,52,787.21,446.36,71.04,209.79,0.8317,-1,-1,-1
309,64,787.24,446.36,71.08,209.82,0.8317,-1,-1,-1
309,59,874.40,419.68,151.06,531.29,0.8557,-1,-1,-1
309,56,502.08,457.98,40.61,103.49,0.2949,-1,-1,-1
309,60,1293.09,431.83,137.31,269.31,0.8572,-1,-1,-1
309,69,1615.74,406.03,132.02,409.06,0.6367,-1,-1,-1
309,48,1189.94,443.56,40.30,104.82,0.5615,-1,-1,-1
309,71,685.02,491.11,47.97,113.70,0.2502,-1,-1,-1
309,74,0.69,381.18,120.81,478.92,0.8705,-1,-1,-1
309,51,374.40,466.06,50.14,108.61,0.2917,-1,-1,-1
309,61,734.15,481.23,45.49,114.91,0.4600,-1,-1,-1
310,25,1677.03,417.80,246.85,508.80,0.9241,-1,-1,-1
310,3,1016.13,400.50,230.28,613.36,0.8870,-1,-1,-1
310,50,1016.16,400.52,229.89,613.25,0.8870,-1,-1,-1
310,52,792.82,444.78,67.39,211.28,0.8244,-1,-1,-1
310,64,792.83,444.77,67.44,211.29,0.8244,-1,-1,-1
310,59,874.78,419.71,150.17,530.99,0.8367,-1,-1,-1
310,56,500.88,457.32,41.98,104.43,0.3857,-1,-1,-1
310,60,1287.76,429.18,138.72,271.23,0.8310,-1,-1,-1
310,69,1623.03,405.80,134.67,412.84,0.5456,-1,-1,-1
310,48,1190.32,445.06,40.77,103.29,0.6211,-1,-1,-1
310,71,682.70,487.76,49.31,118.02,0.1531,-1,-1,-1
310,74,0.39,374.50,121.11,485.38,0.8874,-1,-1,-1
310,61,733.92,481.26,47.41,115.67,0.5349,-1,-1,-1
311,25,1674.95,419.62,251.44,515.62,0.9098,-1,-1,-1
311,3,1015.22,402.42,234.57,610.76,0.8895,-1,-1,-1
311,50,1015.27,402.39,234.62,610.99,0.8895,-1,-1,-1
311,52,797.64,444.34,65.46,211.91,0.8350,-1,-1,-1
311,64,797.64,444.33,65.50,211.92,0.8350,-1,-1,-1
311,59,874.41,420.03,150.78,530.76,0.8338,-1,-1,-1
311,56,499.93,454.34,44.07,106.90,0.5132,-1,-1,-1
311,60,1284.94,430.83,131.76,265.86,0.8432,-1,-1,-1
311,69,1631.54,408.20,132.67,411.42,0.5104,-1,-1,-1
311,48,1190.89,446.83,40.95,101.18,0.6250,-1,-1,-1
311,74,0.20,373.93,119.41,484.00,0.8929,-1,-1,-1
311,61,733.37,481.91,47.56,115.11,0.5875,-1,-1,-1
312,25,1675.78,420.61,251.19,518.85,0.8825,-1,-1,-1
312,3,1017.27,404.11,233.13,608.51,0.8946,-1,-1,-1
312,50,1017.31,404.07,233.36,608.84,0.8946,-1,-1,-1
312,52,799.90,446.80,67.21,209.46,0.8240,-1,-1,-1
312,64,799.90,446.78,67.24,209.47,0.8240,-1,-1,-1
312,59,872.89,419.79,153.29,531.73,0.8512,-1,-1,-1
312,56,499.36,452.45,44.36,108.92,0.4833,-1,-1,-1
312,60,1276.21,429.50,125.16,262.24,0.8542,-1,-1,-1
312,69,1625.99,409.93,145.88,411.83,0.5686,-1,-1,-1
312,48,1192.09,444.97,40.73,104.83,0.6220,-1,-1,-1
312,74,0.02,376.33,124.22,483.35,0.9023,-1,-1,-1
312,61,733.31,482.24,48.05,114.95,0.5552,-1,-1,-1
313,25,1678.89,421.25,248.00,519.78,0.8843,-1,-1,-1
313,3,1017.92,404.01,232.90,608.31,0.8985,-1,-1,-1
313,50,1017.96,403.98,233.18,608.64,0.8985,-1,-1,-1
313,52,800.82,445.94,73.36,210.40,0.8002,-1,-1,-1
313,64,800.82,445.93,73.39,210.41,0.8002,-1,-1,-1
313,59,871.50,419.51,155.16,532.32,0.8276,-1,-1,-1
313,56,499.38,453.45,43.85,108.67,0.1938,-1,-1,-1
313,60,1270.80,429.62,114.91,259.29,0.8618,-1,-1,-1
313,69,1625.21,413.38,156.66,408.31,0.4296,-1,-1,-1
313,48,1192.70,439.93,41.57,111.42,0.3168,-1,-1,-1
313,74,1.13,378.49,136.43,481.84,0.9289,-1,-1,-1
313,61,733.54,481.47,48.55,115.60,0.5758,-1,-1,-1
314,25,1686.76,419.72,239.51,522.04,0.8956,-1,-1,-1
314,3,1019.42,404.02,230.70,607.43,0.8959,-1,-1,-1
314,50,1019.46,403.98,230.99,607.74,0.8959,-1,-1,-1
314,52,802.35,445.87,75.50,210.50,0.8082,-1,-1,-1
314,64,802.35,445.86,75.53,210.50,0.8082,-1,-1,-1
314,59,870.43,418.78,157.01,533.13,0.8232,-1,-1,-1
314,56,498.69,452.82,44.40,109.30,0.3297,-1,-1,-1
314,60,1271.28,426.75,99.07,260.84,0.8627,-1,-1,-1
314,69,1627.32,415.37,163.39,402.10,0.2997,-1,-1,-1
314,48,1193.31,437.17,42.02,115.60,0.4768,-1,-1,-1
314,74,5.76,380.96,148.96,479.02,0.9058,-1,-1,-1
314,61,734.29,484.24,47.70,113.68,0.1638,-1,-1,-1
315,25,1749.15,420.92,176.13,519.67,0.7767,-1,-1,-1
315,3,1025.05,402.05,223.94,609.82,0.8870,-1,-1,-1
315,50,1025.07,402.02,224.23,610.10,0.8870,-1,-1,-1
315,52,804.84,444.30,77.35,212.64,0.8006,-1,-1,-1
315,64,804.84,444.30,77.38,212.64,0.8006,-1,-1,-1
315,59,869.41,417.81,159.52,533.75,0.8289,-1,-1,-1
315,56,498.40,451.59,43.94,109.65,0.5559,-1,-1,-1
315,60,1268.22,426.38,89.30,260.92,0.8513,-1,-1,-1
315,48,1193.71,434.43,42.52,117.17,0.6068,-1,-1,-1
315,74,14.01,384.79,171.40,473.85,0.9119,-1,-1,-1
315,61,737.82,483.75,45.02,113.86,0.4771,-1,-1,-1
316,25,1781.89,421.20,141.31,520.69,0.8537,-1,-1,-1
316,3,1030.47,403.00,216.61,607.65,0.8958,-1,-1,-1
316,50,1030.48,402.97,216.88,607.90,0.8958,-1,-1,-1
316,52,806.13,444.21,79.55,214.09,0.8019,-1,-1,-1
316,64,806.13,444.21,79.58,214.10,0.8019,-1,-1,-1
316,59,868.23,415.50,159.92,535.93,0.8256,-1,-1,-1
316,56,498.58,451.02,43.21,110.23,0.6050,-1,-1,-1
316,60,1268.94,427.30,77.44,261.03,0.8474,-1,-1,-1
316,48,1195.26,433.96,43.56,118.14,0.6584,-1,-1,-1
316,74,18.42,388.93,204.07,469.91,0.4377,-1,-1,-1
316,61,739.07,483.69,43.95,113.92,0.3709,-1,-1,-1
317,25,1801.71,423.18,120.46,519.22,0.7719,-1,-1,-1
317,3,1033.88,402.42,212.38,608.25,0.8946,-1,-1,-1
317,50,1033.89,402.39,212.62,608.47,0.8946,-1,-1,-1
317,52,807.43,444.18,73.95,214.82,0.7941,-1,-1,-1
317,64,807.43,444.17,73.98,214.82,0.7941,-1,-1,-1
317,59,867.30,416.31,163.33,535.26,0.8356,-1,-1,-1
317,56,498.10,450.23,42.55,111.01,0.6253,-1,-1,-1
317,60,1264.00,423.42,76.35,263.07,0.8645,-1,-1,-1
317,48,1196.91,434.44,42.66,117.52,0.6210,-1,-1,-1
317,74,19.19,390.54,235.94,470.04,0.9031,-1,-1,-1
317,61,738.08,483.82,43.39,114.55,0.3000,-1,-1,-1
317,69,1649.04,404.30,193.08,440.61,0.4452,-1,-1,-1
318,25,1811.02,421.07,110.32,517.38,0.5697,-1,-1,-1
318,3,1037.40,402.52,208.99,607.39,0.8939,-1,-1,-1
318,50,1037.41,402.50,209.20,607.58,0.8939,-1,-1,-1
318,52,808.54,444.42,73.12,214.42,0.7790,-1,-1,-1
318,64,808.54,444.41,73.14,214.42,0.7790,-1,-1,-1
318,59,867.31,418.30,164.42,535.45,0.7712,-1,-1,-1
318,56,497.29,451.10,42.33,110.04,0.6513,-1,-1,-1
318,60,1257.54,427.30,79.14,258.55,0.8784,-1,-1,-1
318,48,1198.63,436.56,44.98,113.47,0.6293,-1,-1,-1
318,74,18.89,392.68,262.64,469.16,0.9212,-1,-1,-1
318,61,735.31,483.64,44.07,114.42,0.3242,-1,-1,-1
318,69,1666.15,406.29,176.51,422.89,0.3244,-1,-1,-1
319,25,1822.03,418.10,98.81,518.79,0.7188,-1,-1,-1
319,3,1040.32,402.85,206.70,606.42,0.8951,-1,-1,-1
319,50,1040.33,402.83,206.89,606.59,0.8951,-1,-1,-1
319,52,813.46,444.77,71.69,213.91,0.7877,-1,-1,-1
319,64,813.46,444.77,71.71,213.91,0.7877,-1,-1,-1
319,59,866.31,419.18,165.60,535.63,0.8196,-1,-1,-1
319,56,496.39,452.65,41.86,108.70,0.6355,-1,-1,-1
319,60,1246.66,427.57,88.41,258.59,0.8646,-1,-1,-1
319,48,1200.76,438.51,45.51,110.33,0.6498,-1,-1,-1
319,74,18.94,393.18,278.77,469.42,0.9212,-1,-1,-1
319,61,735.65,484.00,42.86,113.82,0.2306,-1,-1,-1
319,69,1683.70,407.33,161.31,416.77,0.3445,-1,-1,-1
320,25,1831.35,416.45,89.01,522.02,0.8196,-1,-1,-1
320,3,1043.84,403.55,202.93,605.72,0.8878,-1,-1,-1
320,50,1043.84,403.53,203.09,605.87,0.8878,-1,-1,-1
320,52,816.25,445.34,72.52,213.53,0.7364,-1,-1,-1
320,64,816.25,445.34,72.54,213.54,0.7364,-1,-1,-1
320,59,865.48,419.38,168.06,535.73,0.8424,-1,-1,-1
320,56,495.94,450.75,41.55,110.28,0.6050,-1,-1,-1
320,60,1234.46,433.27,100.61,252.78,0.8364,-1,-1,-1
320,48,1204.12,440.23,43.07,107.53,0.4186,-1,-1,-1
320,74,20.64,395.93,288.33,465.75,0.9195,-1,-1,-1
320,61,737.81,484.81,40.96,112.86,0.2111,-1,-1,-1
320,69,1701.42,402.00,152.65,446.15,0.4790,-1,-1,-1
320,65,1437.01,434.63,41.57,115.09,0.5241,-1,-1,-1
321,25,1843.91,419.64,76.12,519.31,0.8008,-1,-1,-1
321,3,1046.07,403.18,200.95,606.12,0.8906,-1,-1,-1
321,50,1046.07,403.17,201.10,606.25,0.8906,-1,-1,-1
321,52,818.90,447.31,70.07,211.29,0.7499,-1,-1,-1
321,64,818.90,447.31,70.08,211.29,0.7499,-1,-1,-1
321,59,866.70,419.59,165.41,536.27,0.5704,-1,-1,-1
321,56,495.03,449.11,40.95,111.57,0.5624,-1,-1,-1
321,60,1232.18,435.01,103.10,250.14,0.8551,-1,-1,-1
321,48,1207.40,442.20,40.60,97.76,0.3523,-1,-1,-1
321,74,22.34,397.44,292.97,463.31,0.9178,-1,-1,-1
321,61,736.12,484.50,43.56,113.22,0.3283,-1,-1,-1
321,69,1717.68,399.49,143.16,444.03,0.5446,-1,-1,-1
321,65,1437.79,434.57,43.63,115.44,0.6097,-1,-1,-1
322,25,1856.39,425.60,63.37,513.51,0.8001,-1,-1,-1
322,3,1048.56,405.45,200.31,606.24,0.8323,-1,-1,-1
322,50,1048.57,405.43,200.43,606.36,0.8323,-1,-1,-1
322,52,820.54,448.37,70.65,210.39,0.7621,-1,-1,-1
322,64,820.54,448.37,70.66,210.39,0.7621,-1,-1,-1
322,59,868.71,417.32,163.77,536.39,0.8842,-1,-1,-1
322,56,493.08,447.82,42.24,112.87,0.6034,-1,-1,-1
322,60,1229.82,439.47,105.33,244.75,0.7730,-1,-1,-1
322,48,1209.26,441.68,39.50,92.94,0.1886,-1,-1,-1
322,74,24.66,399.36,298.14,455.30,0.9093,-1,-1,-1
322,61,736.05,484.34,43.72,113.37,0.3118,-1,-1,-1
322,69,1730.59,397.16,142.44,443.89,0.5405,-1,-1,-1
322,65,1437.02,434.00,46.08,115.69,0.6533,-1,-1,-1
323,25,1862.78,454.82,56.70,483.02,0.7055,-1,-1,-1
323,3,1050.99,404.34,198.38,607.78,0.8871,-1,-1,-1
323,50,1050.99,404.33,198.49,607.88,0.8871,-1,-1,-1
323,52,821.37,451.35,72.74,207.22,0.6970,-1,-1,-1
323,64,821.37,451.35,72.75,207.22,0.6970,-1,-1,-1
323,59,870.68,416.40,164.79,536.51,0.8953,-1,-1,-1
323,56,492.35,447.26,42.76,113.12,0.6447,-1,-1,-1
323,60,1228.37,440.33,103.20,243.01,0.8399,-1,-1,-1
323,74,26.19,401.57,301.86,450.51,0.9176,-1,-1,-1
323,61,736.47,484.36,43.61,112.66,0.2165,-1,-1,-1
323,69,1739.19,394.46,141.39,447.83,0.7661,-1,-1,-1
323,65,1437.82,436.75,49.92,112.43,0.4445,-1,-1,-1
324,25,1863.23,438.70,56.15,498.72,0.5523,-1,-1,-1
324,3,1054.44,401.01,195.04,610.87,0.8908,-1,-1,-1
324,50,1054.45,401.00,195.13,610.96,0.8908,-1,-1,-1
324,52,821.70,454.80,73.85,203.61,0.6431,-1,-1,-1
324,64,821.70,454.80,73.86,203.62,0.6431,-1,-1,-1
324,59,872.20,416.50,164.80,535.92,0.8830,-1,-1,-1
324,56,491.48,447.53,42.96,112.88,0.6398,-1,-1,-1
324,60,1222.61,438.82,103.47,245.33,0.8263,-1,-1,-1
324,74,31.39,403.07,299.16,445.14,0.9269,-1,-1,-1
324,61,736.73,484.36,43.04,112.14,0.2508,-1,-1,-1
324,69,1750.36,395.98,139.52,451.07,0.6399,-1,-1,-1
324,65,1439.61,440.36,51.74,108.36,0.3532,-1,-1,-1
325,25,1864.28,411.06,55.04,519.41,0.5343,-1,-1,-1
325,3,1056.61,398.70,193.66,613.16,0.8915,-1,-1,-1
325,50,1056.62,398.69,193.75,613.23,0.8915,-1,-1,-1
325,59,873.81,416.19,163.66,535.90,0.8935,-1,-1,-1
325,56,490.86,448.40,42.80,111.81,0.6145,-1,-1,-1
325,60,1218.16,442.44,102.08,241.56,0.7770,-1,-1,-1
325,74,40.15,402.79,291.58,444.11,0.9279,-1,-1,-1
325,61,734.95,484.67,44.65,112.56,0.2404,-1,-1,-1
325,69,1759.51,393.19,148.42,464.64,0.5744,-1,-1,-1
325,65,1444.50,439.03,50.31,109.38,0.6211,-1,-1,-1
326,25,1863.56,411.25,55.65,525.57,0.2121,-1,-1,-1
326,3,1057.70,397.66,192.99,614.61,0.9041,-1,-1,-1
326,50,1057.71,397.66,193.07,614.68,0.9041,-1,-1,-1
326,59,874.99,416.42,162.57,535.64,0.8911,-1,-1,-1
326,56,489.99,447.52,43.25,112.99,0.5754,-1,-1,-1
326,60,1212.28,451.65,99.00,230.09,0.5599,-1,-1,-1
326,74,54.68,403.02,277.02,440.75,0.9169,-1,-1,-1
326,61,733.07,484.70,47.35,113.15,0.3111,-1,-1,-1
326,69,1765.12,392.96,151.55,463.43,0.6081,-1,-1,-1
326,65,1448.09,439.82,48.60,108.97,0.5058,-1,-1,-1
326,51,372.84,465.18,50.65,111.18,0.3448,-1,-1,-1
327,3,1058.76,397.37,190.76,618.13,0.8953,-1,-1,-1
327,50,1058.76,397.36,190.82,618.19,0.8953,-1,-1,-1
327,59,877.66,416.54,159.57,535.43,0.8396,-1,-1,-1
327,56,489.38,447.39,42.70,112.96,0.6290,-1,-1,-1
327,74,76.45,392.10,255.13,446.76,0.8864,-1,-1,-1
327,61,733.63,483.84,47.43,114.23,0.3452,-1,-1,-1
327,69,1767.44,392.34,153.68,468.94,0.6704,-1,-1,-1
327,65,1448.47,442.28,51.55,106.55,0.6403,-1,-1,-1
327,51,372.48,465.48,51.39,110.57,0.3849,-1,-1,-1
328,3,1059.11,397.50,190.17,620.16,0.8868,-1,-1,-1
328,50,1059.11,397.49,190.22,620.21,0.8868,-1,-1,-1
328,59,879.30,416.87,158.47,535.50,0.8601,-1,-1,-1
328,56,489.41,449.91,41.04,109.82,0.4436,-1,-1,-1
328,74,98.15,391.82,234.26,439.76,0.9266,-1,-1,-1
328,61,733.83,483.28,47.54,114.87,0.4103,-1,-1,-1
328,69,1768.77,388.91,154.05,485.78,0.6201,-1,-1,-1
328,65,1452.83,441.49,46.85,106.88,0.6364,-1,-1,-1
328,51,373.39,465.48,50.78,110.63,0.5211,-1,-1,-1
328,82,1766.54,385.55,153.09,553.71,0.7154,-1,-1,-1
329,3,1058.89,396.93,191.58,619.83,0.9152,-1,-1,-1
329,50,1058.90,396.92,191.63,619.88,0.9152,-1,-1,-1
329,59,879.42,416.02,158.88,537.18,0.8305,-1,-1,-1
329,56,489.34,453.25,41.14,106.24,0.3989,-1,-1,-1
329,74,120.21,391.63,210.86,434.59,0.9014,-1,-1,-1
329,61,733.73,483.23,47.75,115.54,0.4548,-1,-1,-1
329,69,1769.26,391.41,154.26,527.12,0.5096,-1,-1,-1
329,65,1456.75,440.59,42.62,106.11,0.6450,-1,-1,-1
329,51,373.12,465.55,51.27,110.54,0.3685,-1,-1,-1
329,82,1765.72,390.54,153.68,548.31,0.5452,-1,-1,-1
330,3,1058.71,395.57,192.13,620.79,0.9224,-1,-1,-1
330,50,1058.72,395.57,192.17,620.83,0.9224,-1,-1,-1
330,59,873.52,417.36,166.68,535.76,0.8472,-1,-1,-1
330,56,488.68,453.19,41.56,107.24,0.4897,-1,-1,-1
330,74,144.82,395.63,183.19,428.33,0.8767,-1,-1,-1
330,61,734.58,483.24,46.70,115.05,0.4292,-1,-1,-1
330,69,1770.03,392.06,153.13,516.19,0.5537,-1,-1,-1
330,65,1459.75,439.97,39.88,105.43,0.5616,-1,-1,-1
330,51,372.97,465.75,51.44,109.88,0.2876,-1,-1,-1
330,82,1766.27,393.80,153.46,540.14,0.5216,-1,-1,-1
331,3,1058.90,395.21,193.75,621.01,0.9216,-1,-1,-1
331,50,1058.90,395.20,193.79,621.05,0.9216,-1,-1,-1
331,59,873.37,419.27,167.66,533.58,0.8321,-1,-1,-1
331,56,488.15,453.94,41.61,105.86,0.4149,-1,-1,-1
331,74,170.80,393.25,157.47,430.32,0.8577,-1,-1,-1
331,61,734.55,482.48,46.39,116.17,0.4418,-1,-1,-1
331,69,1771.25,392.52,151.58,479.04,0.7620,-1,-1,-1
331,65,1463.88,439.58,37.41,106.38,0.6203,-1,-1,-1
331,51,371.81,464.86,52.69,110.72,0.2222,-1,-1,-1
331,82,1767.96,393.69,151.49,475.08,0.7620,-1,-1,-1
332,3,1059.57,396.18,194.29,621.03,0.9168,-1,-1,-1
332,50,1059.57,396.18,194.33,621.06,0.9168,-1,-1,-1
332,59,872.63,419.67,172.36,532.60,0.6694,-1,-1,-1
332,56,488.62,452.36,40.75,107.90,0.4348,-1,-1,-1
332,74,199.06,392.50,137.60,430.70,0.8680,-1,-1,-1
332,61,736.09,482.32,45.24,116.55,0.3531,-1,-1,-1
332,69,1771.96,393.13,150.48,462.76,0.7963,-1,-1,-1
332,65,1467.09,439.36,37.73,108.01,0.3914,-1,-1,-1
332,51,372.38,462.19,52.38,113.87,0.1558,-1,-1,-1
332,82,1769.08,393.88,150.28,453.13,0.7963,-1,-1,-1
333,3,1060.07,397.65,195.62,619.33,0.9107,-1,-1,-1
333,50,1060.07,397.64,195.65,619.36,0.9107,-1,-1,-1
333,59,870.40,418.41,176.66,534.59,0.8391,-1,-1,-1
333,56,489.71,452.31,39.98,107.97,0.4112,-1,-1,-1
333,74,215.84,394.90,135.61,427.97,0.8490,-1,-1,-1
333,61,738.32,479.58,44.11,119.84,0.3995,-1,-1,-1
333,69,1772.22,393.72,149.88,457.67,0.7604,-1,-1,-1
333,65,1470.94,440.38,36.98,105.18,0.7212,-1,-1,-1
333,51,370.55,466.55,54.90,108.71,0.2426,-1,-1,-1
333,82,1769.64,394.28,149.70,448.53,0.7604,-1,-1,-1
334,3,1061.22,397.75,194.45,619.51,0.9214,-1,-1,-1
334,50,1061.22,397.75,194.48,619.53,0.9214,-1,-1,-1
334,59,870.12,417.89,178.35,534.61,0.8357,-1,-1,-1
334,56,490.27,453.26,39.35,106.38,0.3198,-1,-1,-1
334,74,223.87,398.46,144.65,425.14,0.8233,-1,-1,-1
334,61,739.23,478.75,44.14,120.68,0.4521,-1,-1,-1
334,69,1776.10,392.43,145.99,460.35,0.5128,-1,-1,-1
334,65,1472.59,439.74,37.96,107.52,0.5080,-1,-1,-1
334,51,367.33,468.64,58.57,106.49,0.1565,-1,-1,-1
334,82,1774.09,399.66,145.21,445.09,0.3828,-1,-1,-1
335,3,1061.59,397.75,193.11,618.49,0.9254,-1,-1,-1
335,50,1061.59,397.75,193.13,618.51,0.9254,-1,-1,-1
335,59,871.77,417.04,178.79,535.05,0.8229,-1,-1,-1
335,56,490.01,450.31,39.78,110.62,0.4820,-1,-1,-1
335,74,208.37,413.37,176.73,409.47,0.7942,-1,-1,-1
335,61,739.47,479.01,43.80,121.30,0.4103,-1,-1,-1
335,69,1781.71,403.68,139.67,451.44,0.4491,-1,-1,-1
335,65,1474.33,438.26,38.94,107.67,0.6038,-1,-1,-1
335,82,1779.32,406.77,140.32,442.45,0.2879,-1,-1,-1
335,85,0.52,466.72,139.12,318.03,0.7293,-1,-1,-1
336,3,1060.89,397.79,193.49,618.40,0.9248,-1,-1,-1
336,50,1060.89,397.78,193.51,618.42,0.9248,-1,-1,-1
336,59,871.31,417.53,177.70,534.82,0.8677,-1,-1,-1
336,56,488.94,448.79,39.89,112.15,0.4692,-1,-1,-1
336,74,219.59,409.61,178.60,411.02,0.7509,-1,-1,-1
336,61,737.94,480.69,44.42,119.03,0.2230,-1,-1,-1
336,69,1790.05,422.43,130.84,434.20,0.4588,-1,-1,-1
336,65,1475.88,436.94,37.97,108.18,0.5298,-1,-1,-1
336,82,1788.58,424.62,130.66,427.09,0.4588,-1,-1,-1
336,85,0.48,449.01,144.34,338.07,0.8454,-1,-1,-1
336,71,682.28,497.82,48.50,105.22,0.3557,-1,-1,-1
337,3,1061.03,398.37,195.20,618.15,0.9202,-1,-1,-1
337,50,1061.03,398.36,195.22,618.17,0.9202,-1,-1,-1
337,59,871.75,417.63,176.75,534.54,0.8502,-1,-1,-1
337,56,488.78,450.24,38.74,109.22,0.2192,-1,-1,-1
337,74,226.67,423.40,189.08,397.69,0.8046,-1,-1,-1
337,61,735.18,483.06,45.79,117.15,0.3562,-1,-1,-1
337,69,1804.65,427.87,115.92,430.18,0.4279,-1,-1,-1
337,65,1476.67,435.39,39.51,110.24,0.6488,-1,-1,-1
337,82,1803.87,429.27,115.27,424.79,0.4279,-1,-1,-1
337,85,0.41,441.53,148.29,344.86,0.8705,-1,-1,-1
337,71,681.16,496.75,49.34,107.41,0.3769,-1,-1,-1
338,3,1061.34,398.00,196.99,618.17,0.9203,-1,-1,-1
338,50,1061.34,398.00,197.00,618.19,0.9203,-1,-1,-1
338,59,874.02,417.93,177.17,535.00,0.6387,-1,-1,-1
338,74,239.87,434.38,197.64,386.93,0.8108,-1,-1,-1
338,61,735.33,482.68,45.66,117.99,0.3485,-1,-1,-1
338,65,1478.48,435.36,41.03,109.60,0.7275,-1,-1,-1
338,85,0.68,443.10,149.57,342.78,0.8725,-1,-1,-1
338,71,680.48,495.89,49.92,108.16,0.2718,-1,-1,-1
339,3,1062.41,397.57,194.82,618.36,0.9283,-1,-1,-1
339,50,1062.41,397.57,194.83,618.37,0.9283,-1,-1,-1
339,59,873.29,417.51,175.96,536.23,0.8176,-1,-1,-1
339,74,245.32,413.17,205.09,408.76,0.8627,-1,-1,-1
339,61,736.16,484.77,44.43,114.93,0.3685,-1,-1,-1
339,65,1480.81,436.30,42.01,108.84,0.5465,-1,-1,-1
339,85,0.56,442.09,150.63,343.30,0.8951,-1,-1,-1
339,71,680.19,493.61,50.07,110.72,0.4450,-1,-1,-1
340,3,1062.88,398.70,195.67,616.78,0.9267,-1,-1,-1
340,50,1062.88,398.70,195.69,616.80,0.9267,-1,-1,-1
340,59,875.85,417.41,172.55,536.26,0.8413,-1,-1,-1
340,74,244.32,409.00,216.35,413.24,0.8302,-1,-1,-1
340,61,737.10,483.99,43.64,115.70,0.4026,-1,-1,-1
340,65,1483.20,436.08,41.79,109.27,0.4944,-1,-1,-1
340,85,0.28,439.05,150.50,346.70,0.8936,-1,-1,-1
340,71,680.07,492.46,50.03,112.27,0.4619,-1,-1,-1
341,3,1063.91,401.13,195.62,614.42,0.9252,-1,-1,-1
341,50,1063.92,401.13,195.63,614.43,0.9252,-1,-1,-1
341,59,877.66,416.99,171.10,536.76,0.8275,-1,-1,-1
341,74,245.28,425.21,218.83,397.46,0.8925,-1,-1,-1
341,61,737.55,483.09,43.94,116.59,0.3084,-1,-1,-1
341,65,1486.30,434.13,39.72,111.77,0.2841,-1,-1,-1
341,85,0.21,438.16,151.22,346.78,0.8975,-1,-1,-1
341,71,680.07,492.43,50.09,111.76,0.4273,-1,-1,-1
342,3,1065.42,400.59,197.98,614.71,0.9179,-1,-1,-1
342,50,1065.42,400.59,197.99,614.72,0.9179,-1,-1,-1
342,59,879.36,418.21,172.46,536.54,0.7957,-1,-1,-1
342,74,244.94,432.87,222.56,388.90,0.8994,-1,-1,-1
342,61,738.94,482.65,43.47,116.59,0.4744,-1,-1,-1
342,65,1487.51,434.12,39.66,112.41,0.1899,-1,-1,-1
342,85,0.33,438.26,152.44,345.85,0.8932,-1,-1,-1
342,71,679.45,490.03,51.46,114.38,0.4846,-1,-1,-1
343,3,1065.79,400.97,196.17,614.36,0.9210,-1,-1,-1
343,50,1065.79,400.97,196.18,614.37,0.9210,-1,-1,-1
343,59,882.11,417.30,171.55,537.00,0.5766,-1,-1,-1
343,74,245.93,435.04,221.27,385.58,0.9047,-1,-1,-1
343,61,739.71,482.95,42.70,116.25,0.3806,-1,-1,-1
343,65,1492.14,433.84,45.27,113.88,0.1941,-1,-1,-1
343,85,1.12,435.28,151.55,353.46,0.8539,-1,-1,-1
343,71,678.41,488.49,53.01,114.73,0.3514,-1,-1,-1
344,3,1066.38,400.51,196.31,615.10,0.9200,-1,-1,-1
344,50,1066.38,400.51,196.32,615.10,0.9200,-1,-1,-1
344,59,884.02,416.89,170.95,537.08,0.8613,-1,-1,-1
344,74,247.84,420.97,218.93,397.83,0.8977,-1,-1,-1
344,61,739.54,483.22,43.28,116.48,0.5014,-1,-1,-1
344,85,7.73,436.33,143.75,351.49,0.8475,-1,-1,-1
344,71,677.49,487.32,54.65,116.82,0.4729,-1,-1,-1
345,3,1066.89,401.37,198.78,613.76,0.9198,-1,-1,-1
345,50,1066.89,401.37,198.79,613.77,0.9198,-1,-1,-1
345,59,884.75,418.60,167.28,537.00,0.7480,-1,-1,-1
345,74,251.20,412.58,214.56,404.56,0.9203,-1,-1,-1
345,61,736.73,482.33,46.62,117.40,0.3219,-1,-1,-1
345,85,10.80,434.44,143.12,354.34,0.8770,-1,-1,-1
345,71,679.30,487.39,53.49,116.66,0.3632,-1,-1,-1
346,3,1067.43,401.35,198.24,614.00,0.9175,-1,-1,-1
346,50,1067.43,401.35,198.24,614.00,0.9175,-1,-1,-1
346,59,885.36,419.36,169.66,537.88,0.8448,-1,-1,-1
346,74,260.44,403.91,204.19,411.70,0.9166,-1,-1,-1
346,61,735.41,481.23,48.55,118.63,0.4277,-1,-1,-1
346,85,29.96,435.32,129.05,350.78,0.8810,-1,-1,-1
346,71,678.92,490.01,53.60,114.85,0.3527,-1,-1,-1
347,3,1068.12,402.70,199.60,612.89,0.9125,-1,-1,-1
347,50,1068.12,402.70,199.61,612.89,0.9125,-1,-1,-1
347,59,887.25,419.81,169.99,538.23,0.8620,-1,-1,-1
347,74,272.24,399.16,191.85,416.57,0.8984,-1,-1,-1
347,61,734.67,481.76,49.05,118.25,0.3172,-1,-1,-1
347,85,47.91,437.72,122.22,346.08,0.8743,-1,-1,-1
347,71,677.89,491.37,54.13,113.50,0.3622,-1,-1,-1
348,3,1068.29,401.10,200.94,614.42,0.9120,-1,-1,-1
348,50,1068.29,401.10,200.95,614.42,0.9120,-1,-1,-1
348,59,890.82,419.84,163.84,536.81,0.7424,-1,-1,-1
348,74,288.01,399.56,178.57,415.33,0.8783,-1,-1,-1
348,61,733.83,481.69,49.98,118.36,0.5055,-1,-1,-1
348,85,55.47,436.85,125.94,347.79,0.7855,-1,-1,-1
348,71,678.34,495.23,53.60,110.92,0.2118,-1,-1,-1
349,3,1068.35,402.27,201.99,613.44,0.9136,-1,-1,-1
349,50,1068.35,402.27,201.99,613.44,0.9136,-1,-1,-1
349,59,895.23,417.05,162.16,537.78,0.8508,-1,-1,-1
349,74,303.32,398.32,162.63,408.55,0.8460,-1,-1,-1
349,61,733.84,481.54,48.65,118.63,0.2687,-1,-1,-1
349,85,56.80,435.51,134.81,349.03,0.5920,-1,-1,-1
349,71,676.72,496.00,54.69,109.84,0.2317,-1,-1,-1
350,3,1068.09,401.01,202.25,614.13,0.9128,-1,-1,-1
350,50,1068.09,401.01,202.25,614.14,0.9128,-1,-1,-1
350,59,896.67,416.24,165.12,537.68,0.6036,-1,-1,-1
350,74,320.34,391.71,144.68,411.45,0.8245,-1,-1,-1
350,85,69.96,435.81,138.44,347.63,0.8641,-1,-1,-1
350,71,675.87,495.51,55.08,109.90,0.1617,-1,-1,-1
350,56,481.91,445.75,46.21,116.58,0.3495,-1,-1,-1
351,3,1068.25,402.04,199.78,615.04,0.8926,-1,-1,-1
351,50,1068.25,402.04,199.78,615.04,0.8926,-1,-1,-1
351,59,896.25,417.95,166.04,536.28,0.8334,-1,-1,-1
351,74,339.94,391.66,123.67,407.86,0.8581,-1,-1,-1
351,85,71.18,436.25,163.00,346.61,0.8760,-1,-1,-1
351,71,675.72,492.63,53.92,112.33,0.2616,-1,-1,-1
351,89,0.29,502.14,55.44,354.87,0.5194,-1,-1,-1
351,56,475.24,443.97,51.17,118.55,0.3835,-1,-1,-1
352,3,1067.76,402.46,200.70,615.05,0.9017,-1,-1,-1
352,50,1067.76,402.46,200.70,615.06,0.9017,-1,-1,-1
352,59,897.98,417.30,166.17,535.51,0.8136,-1,-1,-1
352,74,356.47,396.16,113.09,403.13,0.8542,-1,-1,-1
352,85,73.31,438.14,181.77,343.82,0.9002,-1,-1,-1
352,71,674.53,491.42,54.28,112.94,0.2414,-1,-1,-1
352,89,0.35,504.81,61.59,352.10,0.6205,-1,-1,-1
352,56,473.35,444.18,50.04,118.56,0.3707,-1,-1,-1
353,3,1066.73,400.51,201.61,615.57,0.7969,-1,-1,-1
353,50,1066.73,400.51,201.61,615.58,0.7969,-1,-1,-1
353,59,898.87,416.55,164.90,535.46,0.8529,-1,-1,-1
353,74,369.23,410.87,110.09,388.04,0.6261,-1,-1,-1
353,85,78.21,436.66,198.16,345.71,0.9102,-1,-1,-1
353,71,674.28,490.50,53.84,113.58,0.2368,-1,-1,-1
353,89,0.20,503.73,69.67,352.60,0.7150,-1,-1,-1
353,56,471.54,444.52,48.33,117.90,0.3269,-1,-1,-1
354,3,1066.72,398.69,202.16,616.77,0.9138,-1,-1,-1
354,50,1066.72,398.69,202.16,616.78,0.9138,-1,-1,-1
354,59,899.78,416.58,167.41,535.06,0.8223,-1,-1,-1
354,74,358.94,402.64,129.96,396.74,0.6624,-1,-1,-1
354,85,83.29,436.63,207.24,345.57,0.8932,-1,-1,-1
354,71,674.37,490.49,55.25,113.79,0.1874,-1,-1,-1
354,89,0.55,500.18,79.13,353.80,0.7763,-1,-1,-1
354,56,471.86,445.83,48.97,116.00,0.1873,-1,-1,-1
355,3,1067.15,399.18,200.56,615.57,0.9172,-1,-1,-1
355,50,1067.15,399.18,200.56,615.57,0.9172,-1,-1,-1
355,59,899.13,418.02,167.47,532.72,0.8392,-1,-1,-1
355,74,378.87,400.43,121.93,396.96,0.6277,-1,-1,-1
355,85,86.47,438.36,211.66,339.94,0.9002,-1,-1,-1
355,71,674.72,491.45,54.51,112.68,0.2201,-1,-1,-1
355,89,1.41,479.97,101.13,370.97,0.8097,-1,-1,-1
356,3,1067.17,400.17,199.82,615.04,0.8970,-1,-1,-1
356,50,1067.17,400.17,199.82,615.05,0.8970,-1,-1,-1
356,59,902.11,418.40,162.05,528.55,0.8250,-1,-1,-1
356,74,359.26,398.21,151.91,398.81,0.6853,-1,-1,-1
356,85,97.20,437.59,203.34,336.20,0.8664,-1,-1,-1
356,71,675.88,492.43,52.51,111.15,0.1823,-1,-1,-1
356,89,0.83,457.34,135.64,392.82,0.8509,-1,-1,-1
356,60,1058.38,436.89,63.78,212.92,0.4547,-1,-1,-1
357,3,1067.28,399.67,202.59,616.63,0.8928,-1,-1,-1
357,50,1067.28,399.67,202.59,616.63,0.8928,-1,-1,-1
357,59,902.34,418.40,160.48,526.63,0.8458,-1,-1,-1
357,74,381.60,400.99,156.42,395.81,0.6251,-1,-1,-1
357,85,109.88,438.30,191.69,331.49,0.8625,-1,-1,-1
357,71,675.07,489.74,54.58,114.80,0.1603,-1,-1,-1
357,89,0.82,447.23,166.24,405.19,0.8661,-1,-1,-1
357,60,1056.06,429.47,64.13,219.69,0.2674,-1,-1,-1
358,3,1067.73,399.63,203.54,617.24,0.8932,-1,-1,-1
358,50,1067.73,399.63,203.55,617.25,0.8932,-1,-1,-1
358,59,903.11,416.83,158.91,528.33,0.8124,-1,-1,-1
358,74,391.85,400.34,169.07,395.88,0.7627,-1,-1,-1
358,85,124.25,441.56,177.24,327.68,0.8570,-1,-1,-1
358,89,0.88,444.36,192.79,408.51,0.8920,-1,-1,-1
358,60,1051.82,427.61,65.22,219.28,0.6390,-1,-1,-1
359,3,1068.41,398.85,204.46,618.34,0.8941,-1,-1,-1
359,50,1068.41,398.85,204.46,618.34,0.8941,-1,-1,-1
359,59,907.35,415.44,155.06,529.92,0.5682,-1,-1,-1
359,74,397.27,404.34,179.65,392.24,0.8237,-1,-1,-1
359,85,135.25,440.90,166.47,327.95,0.8723,-1,-1,-1
359,89,0.64,442.74,207.38,410.69,0.8979,-1,-1,-1
359,60,1043.64,427.08,69.27,219.52,0.4468,-1,-1,-1
360,3,1068.31,400.02,206.63,617.67,0.8976,-1,-1,-1
360,50,1068.31,400.02,206.63,617.67,0.8976,-1,-1,-1
360,74,399.50,410.44,188.83,385.77,0.8152,-1,-1,-1
360,85,146.73,440.71,155.88,324.61,0.8379,-1,-1,-1
360,89,0.53,442.81,218.06,410.72,0.9140,-1,-1,-1
361,3,1068.38,401.27,208.87,616.35,0.8960,-1,-1,-1
361,50,1068.38,401.27,208.87,616.35,0.8960,-1,-1,-1
361,74,399.51,405.67,199.55,391.18,0.8701,-1,-1,-1
361,85,165.14,437.98,136.94,326.78,0.8238,-1,-1,-1
361,89,0.93,441.53,224.48,412.13,0.9171,-1,-1,-1
361,59,915.01,415.80,151.30,526.53,0.7771,-1,-1,-1
362,3,1069.41,402.46,208.91,614.99,0.9054,-1,-1,-1
362,50,1069.41,402.46,208.91,614.99,0.9054,-1,-1,-1
362,74,399.98,405.02,203.15,392.60,0.8666,-1,-1,-1
362,85,172.79,437.46,127.69,327.81,0.7531,-1,-1,-1
362,89,0.47,440.50,233.23,412.24,0.9077,-1,-1,-1
362,59,914.71,414.98,153.59,525.45,0.8455,-1,-1,-1
363,3,1069.62,402.38,209.44,614.74,0.8947,-1,-1,-1
363,50,1069.62,402.38,209.44,614.75,0.8947,-1,-1,-1
363,74,398.46,406.06,206.44,391.33,0.8628,-1,-1,-1
363,85,181.25,439.31,118.31,326.37,0.8154,-1,-1,-1
363,89,0.19,441.29,236.04,410.48,0.9037,-1,-1,-1
363,59,919.05,416.88,155.11,518.85,0.8498,-1,-1,-1
363,65,1540.43,427.24,41.77,119.29,0.4091,-1,-1,-1
363,61,733.18,481.58,46.49,117.38,0.4769,-1,-1,-1
364,3,1069.61,402.56,210.41,614.55,0.8943,-1,-1,-1
364,50,1069.61,402.56,210.41,614.55,0.8943,-1,-1,-1
364,74,399.44,408.80,204.82,388.81,0.8800,-1,-1,-1
364,85,194.68,442.91,105.31,322.08,0.7795,-1,-1,-1
364,89,0.27,440.78,237.30,409.52,0.9124,-1,-1,-1
364,59,918.07,416.44,157.10,516.97,0.8645,-1,-1,-1
364,65,1542.53,427.64,41.05,119.14,0.4127,-1,-1,-1
364,61,733.65,482.22,46.28,117.29,0.5010,-1,-1,-1
365,3,1069.43,403.15,210.37,613.59,0.8961,-1,-1,-1
365,50,1069.43,403.15,210.38,613.59,0.8961,-1,-1,-1
365,74,398.84,408.85,204.76,388.24,0.9008,-1,-1,-1
365,85,203.59,442.22,101.21,322.58,0.7377,-1,-1,-1
365,89,1.18,437.59,238.26,412.48,0.8988,-1,-1,-1
365,59,918.44,416.69,158.54,516.32,0.8651,-1,-1,-1
365,65,1545.83,426.73,38.09,110.17,0.2110,-1,-1,-1
365,61,734.37,481.37,45.83,118.63,0.5001,-1,-1,-1
366,3,1069.27,401.50,210.35,615.40,0.8941,-1,-1,-1
366,50,1069.27,401.50,210.35,615.40,0.8941,-1,-1,-1
366,74,400.70,407.07,202.27,386.78,0.8993,-1,-1,-1
366,85,211.35,440.09,99.97,324.52,0.8114,-1,-1,-1
366,89,3.78,436.92,236.04,411.27,0.9067,-1,-1,-1
366,59,918.75,416.08,160.00,517.47,0.8741,-1,-1,-1
366,65,1546.39,427.84,37.92,110.23,0.1666,-1,-1,-1
366,61,734.39,481.71,44.43,117.70,0.4187,-1,-1,-1
367,3,1069.25,401.59,211.98,615.16,0.8718,-1,-1,-1
367,50,1069.25,401.59,211.98,615.16,0.8718,-1,-1,-1
367,74,401.34,405.82,198.81,385.62,0.9048,-1,-1,-1
367,85,219.79,440.43,104.49,323.48,0.8049,-1,-1,-1
367,89,21.77,440.10,218.37,399.84,0.8606,-1,-1,-1
367,59,921.24,413.88,158.14,520.12,0.8838,-1,-1,-1
367,61,733.42,481.45,44.48,117.50,0.5161,-1,-1,-1
367,71,664.57,494.73,52.79,112.84,0.3405,-1,-1,-1
368,3,1069.52,399.88,216.71,616.83,0.8609,-1,-1,-1
368,50,1069.52,399.88,216.71,616.83,0.8609,-1,-1,-1
368,74,402.08,400.25,195.17,387.55,0.9079,-1,-1,-1
368,85,227.46,437.96,115.73,326.15,0.8203,-1,-1,-1
368,89,44.34,439.59,194.83,391.04,0.8868,-1,-1,-1
368,59,924.10,413.65,154.99,519.74,0.8940,-1,-1,-1
368,61,732.73,481.33,44.96,117.44,0.5362,-1,-1,-1
368,71,664.07,496.77,53.55,111.93,0.2298,-1,-1,-1
369,3,1070.02,399.32,219.24,617.74,0.8393,-1,-1,-1
369,50,1070.02,399.32,219.24,617.74,0.8393,-1,-1,-1
369,74,407.75,398.78,187.31,388.36,0.9139,-1,-1,-1
369,85,234.31,437.64,132.31,327.37,0.8789,-1,-1,-1
369,89,75.05,436.71,164.16,389.83,0.8604,-1,-1,-1
369,59,926.01,415.15,155.47,517.51,0.9005,-1,-1,-1
369,61,732.82,481.90,44.99,117.07,0.4855,-1,-1,-1
370,3,1070.29,397.41,219.85,619.52,0.8717,-1,-1,-1
370,50,1070.29,397.41,219.85,619.52,0.8717,-1,-1,-1
370,74,414.46,405.15,179.92,383.75,0.8810,-1,-1,-1
370,85,240.59,435.52,147.89,329.38,0.8854,-1,-1,-1
370,89,104.01,437.12,135.30,386.75,0.8718,-1,-1,-1
370,59,928.46,414.44,156.65,517.83,0.8900,-1,-1,-1
370,61,732.19,481.17,45.13,117.49,0.4737,-1,-1,-1
371,3,1070.50,396.72,216.04,619.90,0.8095,-1,-1,-1
371,50,1070.50,396.72,216.04,619.90,0.8095,-1,-1,-1
371,74,426.47,405.05,168.41,383.85,0.9018,-1,-1,-1
371,85,244.07,436.61,159.11,327.83,0.8691,-1,-1,-1
371,89,126.40,440.74,124.21,380.85,0.8717,-1,-1,-1
371,59,931.11,413.02,156.85,520.73,0.8805,-1,-1,-1
371,61,731.33,481.42,45.95,118.34,0.4641,-1,-1,-1
372,3,1070.58,397.15,217.69,619.21,0.8857,-1,-1,-1
372,50,1070.58,397.15,217.69,619.21,0.8857,-1,-1,-1
372,74,439.08,422.10,156.22,360.56,0.8779,-1,-1,-1
372,85,245.54,439.72,165.98,323.63,0.8536,-1,-1,-1
372,89,136.74,440.10,121.91,381.87,0.8549,-1,-1,-1
372,59,933.88,411.53,155.75,521.71,0.8771,-1,-1,-1
372,61,731.71,482.29,44.68,116.96,0.3926,-1,-1,-1
373,3,1070.72,396.84,219.54,618.72,0.9009,-1,-1,-1
373,50,1070.72,396.84,219.54,618.72,0.9009,-1,-1,-1
373,74,456.01,407.39,147.72,369.99,0.8562,-1,-1,-1
373,85,254.19,437.64,162.84,319.18,0.8244,-1,-1,-1
373,89,147.42,438.51,139.66,381.98,0.8693,-1,-1,-1
373,59,936.31,411.82,155.28,521.62,0.8752,-1,-1,-1
373,61,732.41,482.72,44.31,115.33,0.4173,-1,-1,-1
373,92,0.42,493.79,42.51,319.34,0.5150,-1,-1,-1
374,3,1070.82,397.98,219.81,617.62,0.8790,-1,-1,-1
374,50,1070.82,397.98,219.81,617.62,0.8790,-1,-1,-1
374,74,470.34,403.49,141.60,369.78,0.8368,-1,-1,-1
374,85,264.81,438.51,157.59,311.90,0.8269,-1,-1,-1
374,89,155.54,437.06,146.55,381.66,0.8165,-1,-1,-1
374,59,939.04,411.51,154.81,522.25,0.8574,-1,-1,-1
374,61,733.49,481.00,44.98,117.45,0.4304,-1,-1,-1
374,92,0.75,493.02,49.71,318.17,0.7100,-1,-1,-1
375,3,1070.70,399.31,220.55,616.11,0.8683,-1,-1,-1
375,50,1070.70,399.31,220.55,616.11,0.8683,-1,-1,-1
375,74,481.43,407.32,141.12,363.89,0.8152,-1,-1,-1
375,85,275.87,445.54,149.94,302.17,0.7623,-1,-1,-1
375,89,160.09,435.05,168.59,382.52,0.8047,-1,-1,-1
375,59,941.00,413.44,153.10,520.76,0.8635,-1,-1,-1
375,61,733.82,480.46,45.35,118.47,0.4363,-1,-1,-1
375,92,0.61,488.57,58.18,325.92,0.7034,-1,-1,-1
376,3,1070.64,399.65,222.14,615.29,0.8788,-1,-1,-1
376,50,1070.64,399.65,222.14,615.29,0.8788,-1,-1,-1
376,74,486.60,404.16,142.67,365.38,0.5364,-1,-1,-1
376,85,278.78,440.92,148.38,307.12,0.7749,-1,-1,-1
376,89,159.94,439.81,187.46,377.21,0.4032,-1,-1,-1
376,59,942.83,413.66,150.09,521.12,0.8582,-1,-1,-1
376,61,732.46,480.04,46.18,119.23,0.4075,-1,-1,-1
376,92,0.27,482.48,70.46,330.90,0.8339,-1,-1,-1
377,3,1070.63,400.32,225.51,614.82,0.8790,-1,-1,-1
377,50,1070.63,400.32,225.51,614.82,0.8790,-1,-1,-1
377,74,488.77,400.31,146.12,368.90,0.8365,-1,-1,-1
377,85,283.36,441.46,145.69,307.67,0.7415,-1,-1,-1
377,89,158.40,443.40,204.41,374.18,0.8608,-1,-1,-1
377,59,942.81,412.34,153.99,523.10,0.8488,-1,-1,-1
377,61,732.11,481.50,46.01,118.21,0.3676,-1,-1,-1
377,92,0.20,452.15,95.54,359.29,0.8410,-1,-1,-1
378,3,1071.29,399.08,224.82,616.33,0.8529,-1,-1,-1
378,50,1071.29,399.08,224.82,616.33,0.8529,-1,-1,-1
378,85,292.52,440.75,137.08,309.30,0.7334,-1,-1,-1
378,89,158.57,443.42,212.60,373.41,0.8587,-1,-1,-1
378,59,945.24,412.45,154.48,522.45,0.8556,-1,-1,-1
378,61,732.22,482.56,45.35,115.78,0.3850,-1,-1,-1
378,92,0.16,434.79,126.12,375.37,0.8846,-1,-1,-1
379,3,1070.97,397.02,223.37,617.82,0.8921,-1,-1,-1
379,50,1070.97,397.02,223.37,617.82,0.8921,-1,-1,-1
379,85,310.35,441.85,118.91,307.94,0.7617,-1,-1,-1
379,89,158.51,443.09,217.21,373.41,0.8708,-1,-1,-1
379,59,946.13,412.70,154.73,522.03,0.8627,-1,-1,-1
379,61,732.31,482.44,44.78,115.85,0.4912,-1,-1,-1
379,92,0.10,428.96,139.33,377.87,0.8856,-1,-1,-1
379,74,498.42,399.47,164.17,370.01,0.8131,-1,-1,-1
380,3,1071.45,395.38,222.26,619.25,0.8885,-1,-1,-1
380,50,1071.45,395.38,222.26,619.25,0.8885,-1,-1,-1
380,85,322.71,445.79,103.02,305.54,0.6861,-1,-1,-1
380,89,161.07,445.25,221.79,370.01,0.9093,-1,-1,-1
380,59,946.81,409.69,156.57,523.71,0.8670,-1,-1,-1
380,61,731.96,481.24,45.55,117.74,0.4616,-1,-1,-1
380,92,0.46,429.37,158.13,376.35,0.8459,-1,-1,-1
380,74,514.61,399.47,158.99,369.89,0.6095,-1,-1,-1
381,3,1072.12,393.68,218.71,621.19,0.8657,-1,-1,-1
381,50,1072.12,393.68,218.71,621.19,0.8657,-1,-1,-1
381,89,160.02,444.38,226.06,367.19,0.9204,-1,-1,-1
381,59,949.05,409.43,157.20,523.66,0.8474,-1,-1,-1
381,61,731.48,480.75,46.35,117.72,0.3258,-1,-1,-1
381,92,0.61,434.61,170.72,371.33,0.7920,-1,-1,-1
381,74,529.55,401.17,140.88,368.55,0.6489,-1,-1,-1
382,3,1073.36,396.49,221.14,618.68,0.8774,-1,-1,-1
382,50,1073.36,396.49,221.14,618.68,0.8774,-1,-1,-1
382,89,165.62,444.44,221.20,365.67,0.8964,-1,-1,-1
382,59,950.84,412.88,158.35,521.74,0.8341,-1,-1,-1
382,61,731.73,479.70,47.75,119.96,0.4455,-1,-1,-1
382,92,0.74,436.37,180.28,368.96,0.8787,-1,-1,-1
382,74,535.29,403.29,140.25,365.88,0.7187,-1,-1,-1
382,85,335.73,442.77,96.80,306.28,0.7667,-1,-1,-1
383,3,1073.53,396.98,221.35,618.46,0.8877,-1,-1,-1
383,50,1073.53,396.98,221.35,618.46,0.8877,-1,-1,-1
383,59,956.16,409.43,154.14,525.38,0.6210,-1,-1,-1
383,61,731.19,477.67,48.50,122.66,0.4330,-1,-1,-1
383,92,0.46,436.45,192.79,368.64,0.9209,-1,-1,-1
383,74,530.43,407.82,152.62,361.68,0.7634,-1,-1,-1
383,85,344.41,443.29,100.15,302.68,0.5794,-1,-1,-1
384,3,1073.70,396.81,221.32,618.77,0.8899,-1,-1,-1
384,50,1073.70,396.81,221.32,618.77,0.8899,-1,-1,-1
384,59,960.86,406.81,148.31,528.63,0.5274,-1,-1,-1
384,61,730.80,476.20,48.93,125.11,0.5523,-1,-1,-1
384,92,0.41,435.19,201.57,370.23,0.9310,-1,-1,-1
384,74,531.22,406.28,157.05,363.39,0.8070,-1,-1,-1
384,85,357.72,455.91,97.14,288.85,0.6339,-1,-1,-1
384,89,192.46,440.11,194.36,370.14,0.8749,-1,-1,-1
385,3,1073.86,396.78,220.71,618.93,0.8564,-1,-1,-1
385,50,1073.86,396.78,220.71,618.93,0.8564,-1,-1,-1
385,59,965.64,407.76,142.85,528.11,0.7381,-1,-1,-1
385,61,730.83,473.82,48.63,128.25,0.7001,-1,-1,-1
385,92,0.11,434.67,210.69,371.77,0.9201,-1,-1,-1
385,74,535.38,407.41,155.86,362.23,0.8280,-1,-1,-1
385,85,360.95,447.44,101.32,296.22,0.6699,-1,-1,-1
385,89,209.24,436.30,175.91,368.47,0.8846,-1,-1,-1
386,3,1074.22,397.05,219.54,619.04,0.8028,-1,-1,-1
386,50,1074.22,397.05,219.54,619.04,0.8028,-1,-1,-1
386,59,963.78,406.68,147.22,528.90,0.7259,-1,-1,-1
386,61,731.24,471.83,47.88,129.63,0.6647,-1,-1,-1
386,92,0.12,433.58,213.50,374.40,0.9099,-1,-1,-1
386,74,540.22,406.97,155.08,362.14,0.8842,-1,-1,-1
386,85,366.89,440.70,114.70,303.43,0.8017,-1,-1,-1
386,89,230.00,436.98,153.10,364.68,0.8636,-1,-1,-1
386,94,691.18,473.01,44.94,121.69,0.3388,-1,-1,-1
387,3,1073.96,397.19,219.49,619.15,0.8398,-1,-1,-1
387,50,1073.96,397.19,219.49,619.15,0.8398,-1,-1,-1
387,59,969.53,405.77,140.55,530.10,0.7051,-1,-1,-1
387,61,731.77,471.56,47.18,129.90,0.6758,-1,-1,-1
387,92,1.40,432.70,212.82,373.56,0.9097,-1,-1,-1
387,74,542.96,407.68,152.58,360.58,0.8770,-1,-1,-1
387,85,368.51,440.28,137.44,304.32,0.8650,-1,-1,-1
387,89,249.12,434.13,132.96,365.57,0.7157,-1,-1,-1
387,94,692.18,475.31,43.21,116.70,0.3316,-1,-1,-1
388,3,1061.73,396.62,244.15,619.69,0.8170,-1,-1,-1
388,50,1061.73,396.62,244.15,619.69,0.8170,-1,-1,-1
388,59,972.44,407.44,135.46,528.21,0.6949,-1,-1,-1
388,61,731.98,470.67,46.86,131.73,0.6422,-1,-1,-1
388,92,10.45,431.41,203.49,373.62,0.8940,-1,-1,-1
388,74,546.32,408.73,148.29,356.50,0.8662,-1,-1,-1
388,85,369.47,440.87,153.08,304.68,0.8373,-1,-1,-1
388,89,273.20,436.50,108.21,361.35,0.8030,-1,-1,-1
388,94,692.29,475.34,42.66,118.23,0.3205,-1,-1,-1
389,3,1058.74,396.38,271.84,619.75,0.7716,-1,-1,-1
389,50,1058.74,396.38,271.84,619.75,0.7716,-1,-1,-1
389,59,974.31,406.68,129.38,528.40,0.7424,-1,-1,-1
389,61,731.32,473.01,47.69,128.79,0.6470,-1,-1,-1
389,92,20.38,425.31,193.71,374.99,0.8746,-1,-1,-1
389,74,549.31,410.55,144.67,352.10,0.8600,-1,-1,-1
389,85,366.97,441.18,166.97,304.06,0.8445,-1,-1,-1
389,89,287.28,436.25,100.88,361.26,0.7540,-1,-1,-1
389,94,692.33,476.85,41.29,115.66,0.2611,-1,-1,-1
390,3,1060.01,396.42,286.70,620.17,0.8172,-1,-1,-1
390,50,1060.01,396.42,286.70,620.17,0.8172,-1,-1,-1
390,59,977.86,405.52,123.79,530.05,0.7513,-1,-1,-1
390,61,730.66,475.46,48.34,128.14,0.5703,-1,-1,-1
390,92,31.58,428.58,182.72,369.26,0.8618,-1,-1,-1
390,74,554.38,411.96,140.76,348.48,0.8555,-1,-1,-1
390,85,369.63,441.59,172.39,302.87,0.8300,-1,-1,-1
390,89,296.77,439.29,99.11,356.94,0.5067,-1,-1,-1
390,94,690.38,477.25,41.34,115.21,0.2514,-1,-1,-1
391,3,1057.06,396.48,297.81,619.93,0.8181,-1,-1,-1
391,50,1057.06,396.48,297.81,619.93,0.8181,-1,-1,-1
391,59,980.51,405.11,118.64,530.89,0.7604,-1,-1,-1
391,61,729.00,473.29,49.72,130.78,0.5420,-1,-1,-1
391,92,39.63,428.99,176.51,369.25,0.8287,-1,-1,-1
391,74,559.95,414.01,136.08,347.62,0.8561,-1,-1,-1
391,85,376.22,441.96,169.15,299.97,0.7917,-1,-1,-1
391,89,304.73,438.07,98.75,360.24,0.6346,-1,-1,-1
391,94,689.58,477.50,42.01,112.63,0.3423,-1,-1,-1
392,3,1055.73,397.18,300.78,619.81,0.8299,-1,-1,-1
392,50,1055.73,397.18,300.78,619.81,0.8299,-1,-1,-1
392,59,981.09,405.65,119.53,531.03,0.7774,-1,-1,-1
392,61,728.63,470.34,49.95,133.42,0.5614,-1,-1,-1
392,92,52.16,431.25,165.28,364.56,0.8510,-1,-1,-1
392,74,567.94,411.09,129.19,352.56,0.8386,-1,-1,-1
392,85,389.04,441.06,157.55,298.22,0.7369,-1,-1,-1
392,89,310.50,436.56,114.26,362.52,0.7589,-1,-1,-1
392,94,689.23,479.00,42.36,111.29,0.2258,-1,-1,-1
393,3,1053.30,397.69,305.20,619.76,0.8520,-1,-1,-1
393,50,1053.30,397.69,305.20,619.76,0.8520,-1,-1,-1
393,59,980.79,406.49,119.09,529.99,0.7480,-1,-1,-1
393,61,728.45,469.57,50.25,133.78,0.7031,-1,-1,-1
393,92,77.63,430.99,144.32,364.64,0.7407,-1,-1,-1
393,74,576.35,414.78,121.68,341.52,0.8480,-1,-1,-1
393,85,398.96,441.08,147.17,295.29,0.8088,-1,-1,-1
393,89,312.22,440.23,138.21,359.80,0.8837,-1,-1,-1
393,94,687.88,477.87,42.11,113.81,0.3188,-1,-1,-1
393,95,924.11,438.18,57.94,161.81,0.4026,-1,-1,-1
394,3,1054.50,397.81,279.39,619.67,0.7781,-1,-1,-1
394,50,1054.50,397.81,279.39,619.67,0.7781,-1,-1,-1
394,59,982.91,408.48,116.06,527.68,0.7617,-1,-1,-1
394,61,727.26,474.92,51.11,129.72,0.7803,-1,-1,-1
394,92,70.60,428.99,159.37,367.45,0.8469,-1,-1,-1
394,74,582.71,412.47,115.67,340.63,0.8331,-1,-1,-1
394,85,409.13,442.97,139.11,291.75,0.7884,-1,-1,-1
394,89,313.20,442.75,148.95,358.77,0.8351,-1,-1,-1
394,94,684.43,481.00,44.24,114.74,0.2632,-1,-1,-1
394,95,923.24,440.76,55.48,162.64,0.3873,-1,-1,-1
394,96,921.49,435.84,57.95,163.95,0.3443,-1,-1,-1
395,3,1055.28,396.72,266.51,620.99,0.7913,-1,-1,-1
395,50,1055.28,396.72,266.51,620.99,0.7913,-1,-1,-1
395,59,984.56,409.79,114.06,526.22,0.7217,-1,-1,-1
395,61,726.28,473.11,51.39,133.25,0.7813,-1,-1,-1
395,92,72.02,430.02,163.75,366.77,0.8527,-1,-1,-1
395,74,586.87,413.28,113.65,338.60,0.8450,-1,-1,-1
395,85,420.39,442.45,127.93,292.19,0.7788,-1,-1,-1
395,89,313.13,443.25,157.60,359.09,0.8232,-1,-1,-1
395,95,921.33,441.29,53.03,162.70,0.2895,-1,-1,-1
395,96,919.83,436.48,56.68,163.09,0.3272,-1,-1,-1
396,3,1058.84,397.00,279.35,621.36,0.8240,-1,-1,-1
396,50,1058.84,397.00,279.35,621.36,0.8240,-1,-1,-1
396,59,982.12,411.48,116.76,523.25,0.6087,-1,-1,-1
396,61,724.29,466.62,53.25,141.87,0.7006,-1,-1,-1
396,92,90.45,439.95,149.57,356.33,0.7147,-1,-1,-1
396,74,590.34,422.77,115.28,324.75,0.8063,-1,-1,-1
396,85,434.00,445.08,113.48,288.15,0.7002,-1,-1,-1
396,89,312.08,441.56,169.11,359.20,0.8346,-1,-1,-1
396,95,920.12,442.31,50.92,168.48,0.5602,-1,-1,-1
396,96,919.87,441.11,51.91,168.66,0.5602,-1,-1,-1
397,3,1060.89,397.47,257.79,621.06,0.8550,-1,-1,-1
397,50,1060.89,397.47,257.79,621.06,0.8550,-1,-1,-1
397,59,981.13,412.51,117.81,522.76,0.7170,-1,-1,-1
397,61,722.30,463.80,54.41,143.75,0.6851,-1,-1,-1
397,92,123.23,436.35,127.44,360.17,0.7695,-1,-1,-1
397,74,594.30,419.11,117.04,326.13,0.7956,-1,-1,-1
397,85,447.67,466.28,98.57,264.49,0.6797,-1,-1,-1
397,89,311.59,437.46,174.81,362.25,0.8497,-1,-1,-1
397,95,917.92,444.02,51.65,167.26,0.6137,-1,-1,-1
397,96,917.95,444.01,51.89,167.19,0.6137,-1,-1,-1
398,3,1063.23,398.05,246.67,621.16,0.8923,-1,-1,-1
398,50,1063.23,398.05,246.67,621.16,0.8923,-1,-1,-1
398,59,978.82,413.61,119.79,521.44,0.7539,-1,-1,-1
398,61,721.21,461.26,54.88,146.28,0.5986,-1,-1,-1
398,92,135.94,436.23,126.28,359.68,0.8542,-1,-1,-1
398,74,598.45,424.29,120.50,318.16,0.8241,-1,-1,-1
398,85,450.62,446.78,95.54,284.85,0.7370,-1,-1,-1
398,89,312.80,439.32,179.95,358.06,0.8745,-1,-1,-1
398,95,915.06,451.89,53.86,158.15,0.4325,-1,-1,-1
398,96,915.15,452.41,53.93,157.75,0.4325,-1,-1,-1
399,3,1064.66,399.19,242.25,620.00,0.8946,-1,-1,-1
399,50,1064.66,399.19,242.25,620.00,0.8946,-1,-1,-1
399,59,978.29,414.68,120.97,520.10,0.7631,-1,-1,-1
399,61,720.47,464.26,54.71,143.20,0.5303,-1,-1,-1
399,92,136.63,433.95,152.61,360.71,0.8462,-1,-1,-1
399,74,604.30,429.59,124.34,310.68,0.8021,-1,-1,-1
399,85,462.23,440.81,85.67,289.66,0.6251,-1,-1,-1
399,89,315.54,438.95,179.20,357.84,0.8816,-1,-1,-1
399,95,913.51,445.17,55.22,165.48,0.4060,-1,-1,-1
399,96,913.29,441.35,56.94,169.94,0.5740,-1,-1,-1
400,3,1066.76,399.24,238.63,620.38,0.9018,-1,-1,-1
400,50,1066.76,399.24,238.63,620.38,0.9018,-1,-1,-1
400,59,978.56,414.90,120.34,519.57,0.7612,-1,-1,-1
400,61,718.25,470.49,54.97,135.65,0.4776,-1,-1,-1
400,92,139.31,433.99,171.26,359.25,0.8561,-1,-1,-1
400,74,606.88,426.41,131.50,314.42,0.7962,-1,-1,-1
400,85,470.37,440.08,82.12,289.12,0.7880,-1,-1,-1
400,89,315.93,436.22,180.60,359.57,0.8919,-1,-1,-1
400,95,910.97,440.80,56.28,168.47,0.5514,-1,-1,-1
400,96,911.57,442.03,55.65,168.60,0.2518,-1,-1,-1
401,3,1068.35,398.68,236.61,621.26,0.8957,-1,-1,-1
401,50,1068.35,398.68,236.61,621.26,0.8957,-1,-1,-1
401,59,978.64,414.71,120.36,519.65,0.7528,-1,-1,-1
401,61,716.22,466.57,56.09,141.60,0.3713,-1,-1,-1
401,92,141.19,433.74,175.87,360.25,0.8825,-1,-1,-1
401,74,608.71,424.23,145.11,316.26,0.8372,-1,-1,-1
401,85,479.55,442.57,80.84,288.22,0.7809,-1,-1,-1
401,89,321.77,437.24,174.59,356.23,0.8612,-1,-1,-1
401,95,908.88,438.91,59.53,166.97,0.6077,-1,-1,-1
401,96,909.15,439.48,59.34,166.93,0.6077,-1,-1,-1
402,3,1070.46,398.42,232.89,621.86,0.8864,-1,-1,-1
402,50,1070.46,398.42,232.89,621.86,0.8864,-1,-1,-1
402,59,978.89,415.54,119.51,519.44,0.7572,-1,-1,-1
402,61,715.75,463.54,54.72,144.26,0.5745,-1,-1,-1
402,92,143.95,435.30,175.46,357.81,0.8693,-1,-1,-1
402,74,614.70,415.26,151.96,326.00,0.8561,-1,-1,-1
402,85,484.06,451.76,85.57,276.75,0.7788,-1,-1,-1
402,89,334.82,441.09,160.69,350.30,0.8723,-1,-1,-1
402,95,904.89,438.52,66.48,169.44,0.6157,-1,-1,-1
402,96,905.03,438.83,66.45,169.39,0.6157,-1,-1,-1
403,3,1073.72,398.70,228.76,621.42,0.8886,-1,-1,-1
403,50,1073.72,398.70,228.76,621.42,0.8886,-1,-1,-1
403,59,976.28,415.29,122.23,519.59,0.7073,-1,-1,-1
403,61,715.77,465.06,53.76,142.68,0.5366,-1,-1,-1
403,92,143.84,439.01,185.14,354.00,0.8876,-1,-1,-1
403,74,618.30,409.85,158.20,333.39,0.8780,-1,-1,-1
403,85,489.88,448.44,96.21,280.80,0.7129,-1,-1,-1
403,89,346.18,446.34,149.00,338.93,0.8110,-1,-1,-1
403,95,902.18,441.70,72.85,167.84,0.3461,-1,-1,-1
403,96,902.27,441.92,72.89,167.77,0.3461,-1,-1,-1
404,3,1075.62,398.88,227.17,622.09,0.8807,-1,-1,-1
404,50,1075.62,398.88,227.17,622.09,0.8807,-1,-1,-1
404,59,973.46,415.95,124.69,518.86,0.6865,-1,-1,-1
404,61,715.99,464.98,51.78,143.79,0.4605,-1,-1,-1
404,92,149.40,438.36,184.87,353.35,0.8881,-1,-1,-1
404,74,623.75,407.83,162.91,336.09,0.8515,-1,-1,-1
404,85,493.12,444.97,114.83,283.19,0.7715,-1,-1,-1
404,89,356.34,443.17,140.68,339.83,0.7982,-1,-1,-1
404,95,899.68,447.98,58.63,161.35,0.6299,-1,-1,-1
404,96,899.75,448.18,58.64,161.24,0.6299,-1,-1,-1
405,3,1076.77,399.91,216.32,621.17,0.8836,-1,-1,-1
405,50,1076.77,399.91,216.32,621.17,0.8836,-1,-1,-1
405,59,972.34,416.67,125.85,518.26,0.6779,-1,-1,-1
405,61,716.60,467.98,50.68,141.09,0.4116,-1,-1,-1
405,92,153.96,437.29,180.61,351.64,0.9056,-1,-1,-1
405,74,628.47,413.44,165.30,331.55,0.8389,-1,-1,-1
405,85,496.24,447.50,124.15,280.20,0.7837,-1,-1,-1
405,89,374.21,440.74,122.60,337.97,0.7940,-1,-1,-1
405,95,895.99,453.83,55.27,155.62,0.4752,-1,-1,-1
405,96,896.03,454.00,55.26,155.52,0.4752,-1,-1,-1
405,97,1243.18,444.90,35.77,89.95,0.3388,-1,-1,-1
406,3,1076.00,398.42,211.38,622.77,0.8840,-1,-1,-1
406,50,1076.00,398.42,211.38,622.77,0.8840,-1,-1,-1
406,59,968.97,416.62,128.69,518.28,0.6408,-1,-1,-1
406,92,160.14,435.65,172.92,352.78,0.3395,-1,-1,-1
406,74,632.43,421.65,166.27,322.96,0.8402,-1,-1,-1
406,85,499.54,450.55,125.66,276.79,0.7819,-1,-1,-1
406,89,394.81,438.41,105.20,336.49,0.8017,-1,-1,-1
406,95,892.14,454.26,55.87,154.31,0.3590,-1,-1,-1
406,96,892.17,454.40,55.87,154.22,0.3590,-1,-1,-1
406,97,1242.79,445.50,34.64,90.47,0.2436,-1,-1,-1
407,3,1075.10,396.81,206.59,623.97,0.8869,-1,-1,-1
407,50,1075.10,396.81,206.59,623.97,0.8869,-1,-1,-1
407,59,964.99,417.14,132.03,518.13,0.6727,-1,-1,-1
407,92,171.79,433.36,164.31,355.29,0.8828,-1,-1,-1
407,74,635.88,417.03,163.98,327.56,0.8676,-1,-1,-1
407,85,497.76,446.03,134.80,283.43,0.7972,-1,-1,-1
407,89,408.41,438.06,96.78,334.54,0.7521,-1,-1,-1
407,95,886.14,458.35,58.28,149.02,0.4088,-1,-1,-1
407,96,886.16,458.48,58.28,148.93,0.4088,-1,-1,-1
407,97,1242.62,444.31,34.71,94.57,0.3589,-1,-1,-1
408,3,1073.54,396.96,202.31,623.64,0.8864,-1,-1,-1
408,50,1073.54,396.96,202.31,623.64,0.8864,-1,-1,-1
408,59,966.56,416.92,130.62,518.52,0.6502,-1,-1,-1
408,92,186.00,435.02,151.51,350.07,0.8617,-1,-1,-1
408,74,641.57,419.59,158.38,324.85,0.8884,-1,-1,-1
408,85,502.76,446.32,139.03,281.40,0.8004,-1,-1,-1
408,89,413.51,437.51,97.68,333.74,0.6909,-1,-1,-1
408,95,881.42,457.30,59.47,149.18,0.5875,-1,-1,-1
408,96,881.43,457.40,59.47,149.11,0.5875,-1,-1,-1
408,97,1243.57,445.38,33.55,93.98,0.2994,-1,-1,-1
409,3,1072.47,398.54,201.05,622.06,0.8816,-1,-1,-1
409,50,1072.47,398.54,201.05,622.06,0.8816,-1,-1,-1
409,59,967.21,417.11,131.78,519.16,0.6565,-1,-1,-1
409,92,202.71,436.64,136.89,337.78,0.8299,-1,-1,-1
409,74,644.13,418.06,156.45,325.69,0.8948,-1,-1,-1
409,85,501.78,442.04,142.65,284.76,0.8281,-1,-1,-1
409,89,407.89,437.49,109.73,332.75,0.7477,-1,-1,-1
409,95,875.68,450.30,62.04,157.78,0.3896,-1,-1,-1
409,96,878.63,449.71,59.55,156.78,0.5160,-1,-1,-1
409,97,1242.92,445.71,33.77,96.32,0.4060,-1,-1,-1
409,99,1826.65,464.53,81.43,186.31,0.3711,-1,-1,-1
410,3,1070.65,399.11,198.04,621.53,0.8891,-1,-1,-1
410,50,1070.65,399.11,198.04,621.53,0.8891,-1,-1,-1
410,59,965.24,418.69,133.54,517.19,0.7425,-1,-1,-1
410,92,223.79,434.35,121.80,337.01,0.8057,-1,-1,-1
410,74,646.17,412.26,155.36,331.42,0.8907,-1,-1,-1
410,85,511.29,440.07,133.44,283.20,0.8210,-1,-1,-1
410,89,416.66,438.44,115.23,331.68,0.7306,-1,-1,-1
410,95,874.42,446.56,59.87,161.43,0.2827,-1,-1,-1
410,96,876.43,446.45,57.76,160.76,0.2468,-1,-1,-1
410,97,1242.96,444.44,33.04,97.87,0.3764,-1,-1,-1
410,99,1829.59,463.85,77.02,186.61,0.2997,-1,-1,-1
411,3,1069.35,399.66,191.94,621.90,0.8938,-1,-1,-1
411,50,1069.35,399.66,191.94,621.90,0.8938,-1,-1,-1
411,59,962.09,419.22,137.05,516.42,0.7635,-1,-1,-1
411,92,228.89,433.05,123.54,335.51,0.3958,-1,-1,-1
411,74,646.40,415.59,155.21,326.07,0.8849,-1,-1,-1
411,85,520.83,440.49,123.35,281.98,0.7868,-1,-1,-1
411,89,427.34,437.47,128.18,330.72,0.6186,-1,-1,-1
411,95,874.13,443.20,59.97,164.99,0.4215,-1,-1,-1
411,96,874.89,443.19,59.19,164.71,0.4215,-1,-1,-1
411,97,1241.20,444.08,34.59,93.88,0.3568,-1,-1,-1
411,99,1828.63,462.80,78.45,188.36,0.2542,-1,-1,-1
412,3,1069.28,400.92,189.85,618.64,0.9053,-1,-1,-1
412,50,1069.28,400.92,189.85,618.64,0.9053,-1,-1,-1
412,59,963.88,419.78,135.77,516.30,0.7271,-1,-1,-1
412,92,256.85,429.92,105.55,338.77,0.8139,-1,-1,-1
412,74,646.32,408.11,155.53,333.45,0.8853,-1,-1,-1
412,85,530.28,438.85,113.57,283.57,0.7500,-1,-1,-1
412,89,432.18,435.90,135.83,332.44,0.6013,-1,-1,-1
412,95,873.88,441.39,58.39,167.02,0.3582,-1,-1,-1
412,96,874.15,441.42,58.12,166.90,0.3582,-1,-1,-1
412,97,1239.76,444.55,34.46,90.45,0.3758,-1,-1,-1
412,99,1828.89,463.79,76.64,186.85,0.2735,-1,-1,-1
412,101,412.22,437.96,155.59,330.26,0.7100,-1,-1,-1
413,3,1069.66,401.47,188.85,617.59,0.9037,-1,-1,-1
413,50,1069.66,401.47,188.85,617.59,0.9037,-1,-1,-1
413,59,960.59,418.60,140.34,516.57,0.7796,-1,-1,-1
413,92,267.33,428.23,106.87,342.18,0.8360,-1,-1,-1
413,74,647.40,408.82,154.97,331.98,0.8736,-1,-1,-1
413,85,548.52,437.01,99.95,283.09,0.7090,-1,-1,-1
413,89,437.82,437.41,145.17,330.35,0.7213,-1,-1,-1
413,95,874.70,439.38,56.20,168.68,0.3251,-1,-1,-1
413,96,874.05,441.35,52.93,166.27,0.1875,-1,-1,-1
413,97,1239.27,444.34,33.21,89.84,0.2400,-1,-1,-1
413,99,1828.85,463.98,76.10,186.62,0.3062,-1,-1,-1
413,101,430.63,438.33,151.17,329.89,0.7213,-1,-1,-1
414,3,1066.18,402.64,191.19,616.59,0.9054,-1,-1,-1
414,50,1066.18,402.64,191.19,616.59,0.9054,-1,-1,-1
414,59,963.02,419.13,138.88,515.65,0.6611,-1,-1,-1
414,92,273.07,426.02,109.80,346.44,0.8038,-1,-1,-1
414,74,652.66,420.60,148.56,320.08,0.8695,-1,-1,-1
414,85,557.35,438.11,95.08,282.29,0.7171,-1,-1,-1
414,89,438.94,437.76,156.93,329.55,0.7932,-1,-1,-1
414,95,873.27,440.90,50.37,166.65,0.5230,-1,-1,-1
414,96,873.07,441.68,49.11,165.71,0.5230,-1,-1,-1
414,97,1238.74,445.97,32.49,87.52,0.2028,-1,-1,-1
414,99,1829.60,463.27,77.48,187.55,0.2712,-1,-1,-1
414,101,436.28,438.15,159.49,329.72,0.7932,-1,-1,-1
415,3,1064.43,405.82,192.69,613.65,0.8997,-1,-1,-1
415,50,1064.43,405.82,192.69,613.65,0.8997,-1,-1,-1
415,59,965.86,419.01,134.44,515.65,0.7357,-1,-1,-1
415,92,280.84,432.00,114.82,339.49,0.7768,-1,-1,-1
415,74,657.41,425.77,144.17,315.60,0.8589,-1,-1,-1
415,85,559.20,436.18,95.14,284.76,0.6700,-1,-1,-1
415,89,436.69,439.24,163.45,327.84,0.8204,-1,-1,-1
415,95,872.50,441.59,48.08,165.41,0.4775,-1,-1,-1
415,96,872.42,441.90,47.68,165.06,0.4775,-1,-1,-1
415,97,1236.02,445.52,34.10,87.42,0.1581,-1,-1,-1
415,99,1829.54,462.38,76.63,188.69,0.3350,-1,-1,-1
415,101,434.78,439.61,164.37,328.04,0.8204,-1,-1,-1
416,3,1061.93,409.68,196.42,609.79,0.9017,-1,-1,-1
416,50,1061.93,409.68,196.42,609.79,0.9017,-1,-1,-1
416,59,967.23,418.36,131.54,515.86,0.7734,-1,-1,-1
416,92,288.55,435.65,113.97,334.50,0.8348,-1,-1,-1
416,74,667.56,431.84,134.01,307.52,0.8573,-1,-1,-1
416,85,568.88,434.60,87.99,286.39,0.7839,-1,-1,-1
416,89,435.76,441.03,164.91,326.38,0.8508,-1,-1,-1
416,95,870.75,439.98,51.19,166.53,0.3383,-1,-1,-1
416,96,871.54,443.49,46.86,163.18,0.4339,-1,-1,-1
416,99,1829.30,460.10,75.09,190.97,0.3207,-1,-1,-1
416,101,434.11,441.42,164.79,326.57,0.8508,-1,-1,-1
417,3,1061.98,409.38,198.07,609.91,0.8836,-1,-1,-1
417,50,1061.98,409.38,198.07,609.91,0.8836,-1,-1,-1
417,59,968.29,416.61,129.11,517.45,0.8229,-1,-1,-1
417,92,291.96,440.83,125.88,326.29,0.7247,-1,-1,-1
417,74,676.44,425.58,125.53,310.38,0.8656,-1,-1,-1
417,85,570.79,435.22,96.51,284.13,0.7285,-1,-1,-1
417,89,435.94,449.22,165.47,318.58,0.8539,-1,-1,-1
417,95,868.36,438.53,51.90,167.62,0.3914,-1,-1,-1
417,96,868.58,442.43,48.42,164.33,0.6710,-1,-1,-1
417,99,1829.59,459.48,73.67,191.38,0.3554,-1,-1,-1
417,101,434.47,450.04,164.91,318.30,0.8539,-1,-1,-1
418,3,1060.07,406.76,200.64,612.18,0.8543,-1,-1,-1
418,50,1060.07,406.76,200.64,612.18,0.8543,-1,-1,-1
418,59,970.69,416.12,126.97,518.68,0.7953,-1,-1,-1
418,92,292.23,440.52,139.62,327.37,0.7938,-1,-1,-1
418,74,683.16,413.23,120.43,319.89,0.8289,-1,-1,-1
418,85,581.14,435.25,96.27,282.68,0.7880,-1,-1,-1
418,89,438.87,446.00,159.22,320.80,0.8671,-1,-1,-1
418,95,866.52,443.60,47.61,160.97,0.5837,-1,-1,-1
418,96,866.61,445.09,46.33,159.73,0.5837,-1,-1,-1
418,99,1830.35,461.20,73.82,189.62,0.3632,-1,-1,-1
418,101,437.67,446.42,158.11,320.80,0.8671,-1,-1,-1
419,3,1057.66,408.69,205.20,610.13,0.6402,-1,-1,-1
419,50,1057.66,408.69,205.20,610.13,0.6402,-1,-1,-1
419,59,971.82,417.44,124.70,517.61,0.8084,-1,-1,-1
419,92,292.31,439.88,154.44,328.75,0.7592,-1,-1,-1
419,74,689.43,406.74,119.20,324.69,0.8618,-1,-1,-1
419,85,587.20,436.32,93.24,280.62,0.8108,-1,-1,-1
419,89,442.21,440.44,156.68,324.05,0.7946,-1,-1,-1
419,95,865.26,442.64,45.34,161.12,0.5795,-1,-1,-1
419,96,865.28,443.17,44.94,160.69,0.5795,-1,-1,-1
419,99,1830.45,459.82,73.55,190.22,0.3321,-1,-1,-1
419,101,441.23,440.57,155.54,324.22,0.7946,-1,-1,-1
420,3,1055.43,410.09,213.23,608.83,0.8642,-1,-1,-1
420,50,1055.43,410.09,213.23,608.83,0.8642,-1,-1,-1
420,59,972.17,415.30,121.40,519.91,0.6686,-1,-1,-1
420,92,294.41,443.28,159.07,325.23,0.8302,-1,-1,-1
420,74,695.73,405.44,115.89,324.80,0.8550,-1,-1,-1
420,85,587.25,436.95,98.14,280.22,0.8134,-1,-1,-1
420,89,447.58,438.95,151.25,326.80,0.8112,-1,-1,-1
420,95,863.22,438.74,45.78,164.77,0.1539,-1,-1,-1
420,99,1829.57,463.22,74.44,186.50,0.3846,-1,-1,-1
420,101,446.82,439.02,150.02,327.04,0.8112,-1,-1,-1
421,3,1053.39,409.85,214.86,608.22,0.8537,-1,-1,-1
421,50,1053.39,409.85,214.86,608.22,0.8537,-1,-1,-1
421,59,970.96,414.88,121.16,520.78,0.5717,-1,-1,-1
421,92,293.17,440.13,166.35,327.98,0.8425,-1,-1,-1
421,74,698.20,416.46,110.40,312.62,0.8040,-1,-1,-1
421,85,589.36,439.17,107.94,278.32,0.8078,-1,-1,-1
421,89,447.20,437.39,148.29,326.66,0.7971,-1,-1,-1
421,95,859.59,437.59,47.68,165.58,0.1902,-1,-1,-1
421,99,1830.22,464.35,76.12,185.47,0.3573,-1,-1,-1
421,101,446.42,437.43,147.17,326.88,0.7971,-1,-1,-1
422,3,1049.92,406.35,214.16,612.19,0.8543,-1,-1,-1
422,50,1049.92,406.35,214.16,612.19,0.8543,-1,-1,-1
422,59,970.27,419.94,121.65,515.45,0.4936,-1,-1,-1
422,92,293.40,440.37,181.51,326.61,0.8672,-1,-1,-1
422,74,702.66,432.26,106.09,295.13,0.7322,-1,-1,-1
422,85,594.75,440.56,115.02,276.99,0.8051,-1,-1,-1
422,89,457.95,436.20,136.17,326.91,0.7919,-1,-1,-1
422,95,855.75,445.15,50.21,157.78,0.3532,-1,-1,-1
422,99,1830.68,465.18,76.68,184.76,0.3507,-1,-1,-1
422,101,457.48,436.22,134.92,327.11,0.7919,-1,-1,-1
423,3,1048.80,402.50,215.79,617.91,0.8536,-1,-1,-1
423,50,1048.80,402.50,215.79,617.91,0.8536,-1,-1,-1
423,59,970.91,446.46,119.35,488.59,0.2456,-1,-1,-1
423,92,293.30,439.03,188.34,326.91,0.8671,-1,-1,-1
423,74,710.75,437.05,103.40,292.56,0.6792,-1,-1,-1
423,85,601.54,443.12,121.73,273.18,0.8004,-1,-1,-1
423,89,469.77,436.49,124.08,321.50,0.7968,-1,-1,-1
423,95,853.09,445.08,52.10,156.84,0.3941,-1,-1,-1
423,99,1830.96,465.38,75.99,184.78,0.3747,-1,-1,-1
423,101,469.55,436.51,122.87,321.62,0.7968,-1,-1,-1
423,102,1155.84,416.11,168.37,493.63,0.6961,-1,-1,-1
424,3,1049.48,398.24,216.22,624.42,0.6369,-1,-1,-1
424,50,1049.48,398.24,216.22,624.42,0.6369,-1,-1,-1
424,59,971.04,470.17,118.11,464.33,0.2961,-1,-1,-1
424,92,301.69,437.85,180.09,326.45,0.8659,-1,-1,-1
424,74,713.00,432.24,103.82,298.02,0.7467,-1,-1,-1
424,85,606.80,447.78,131.31,267.06,0.6378,-1,-1,-1
424,89,478.23,436.00,117.62,318.43,0.8058,-1,-1,-1
424,95,851.49,445.20,51.09,157.37,0.5647,-1,-1,-1
424,99,1831.79,466.40,75.94,183.92,0.3217,-1,-1,-1
424,101,478.08,436.02,116.63,318.51,0.8058,-1,-1,-1
424,102,1153.45,412.50,171.78,498.62,0.3880,-1,-1,-1
425,3,1050.16,399.71,207.13,631.39,0.4871,-1,-1,-1
425,50,1050.16,399.71,207.13,631.39,0.4871,-1,-1,-1
425,59,971.09,485.61,118.20,445.67,0.4850,-1,-1,-1
425,92,311.59,438.65,170.47,324.83,0.8479,-1,-1,-1
425,74,715.52,422.19,112.08,306.46,0.8199,-1,-1,-1
425,85,609.72,453.96,132.79,261.04,0.7741,-1,-1,-1
425,89,491.11,437.60,107.46,315.70,0.7592,-1,-1,-1
425,95,849.93,447.74,49.16,153.68,0.6096,-1,-1,-1
425,99,1831.31,464.31,78.32,186.25,0.3244,-1,-1,-1
425,101,491.07,437.63,106.56,315.76,0.7592,-1,-1,-1
425,102,1157.69,415.11,168.37,497.92,0.5462,-1,-1,-1
426,3,1049.58,403.44,192.28,616.18,0.2886,-1,-1,-1
426,59,970.87,490.99,118.39,437.75,0.5274,-1,-1,-1
426,92,322.62,435.38,158.46,328.87,0.8322,-1,-1,-1
426,74,716.37,413.23,115.54,314.71,0.8181,-1,-1,-1
426,85,610.43,452.22,135.66,263.32,0.7813,-1,-1,-1
426,89,511.76,438.31,98.01,313.69,0.7427,-1,-1,-1
426,95,848.33,446.62,46.57,154.57,0.6213,-1,-1,-1
426,99,1839.31,445.53,76.80,201.98,0.3009,-1,-1,-1
426,101,511.89,438.34,97.25,313.74,0.7427,-1,-1,-1
426,102,1159.81,418.11,166.86,500.64,0.5917,-1,-1,-1
427,3,1053.08,401.37,179.23,614.93,0.2055,-1,-1,-1
427,59,971.75,457.16,118.83,470.02,0.4162,-1,-1,-1
427,92,331.51,433.75,151.72,326.73,0.8302,-1,-1,-1
427,74,720.63,410.32,112.77,317.95,0.8120,-1,-1,-1
427,85,609.93,453.68,134.92,262.08,0.7960,-1,-1,-1
427,89,518.80,438.28,94.89,314.21,0.7471,-1,-1,-1
427,95,844.93,447.33,46.40,154.43,0.4925,-1,-1,-1
427,101,518.83,438.31,94.34,314.26,0.7471,-1,-1,-1
427,102,1158.79,415.11,169.63,503.13,0.3806,-1,-1,-1
428,3,1055.09,401.17,169.64,615.54,0.5149,-1,-1,-1
428,59,972.50,442.79,120.08,480.70,0.6122,-1,-1,-1
428,92,346.17,435.11,137.66,319.71,0.8051,-1,-1,-1
428,74,723.78,417.51,114.79,310.80,0.7960,-1,-1,-1
428,85,608.11,448.29,134.17,266.94,0.7778,-1,-1,-1
428,89,508.68,437.27,108.15,317.17,0.7282,-1,-1,-1
428,95,842.60,445.45,46.96,154.30,0.5211,-1,-1,-1
428,101,508.56,437.29,107.82,317.23,0.7282,-1,-1,-1
428,102,1154.33,407.31,175.63,599.34,0.3555,-1,-1,-1
428,105,1691.46,330.01,228.26,620.94,0.6572,-1,-1,-1
429,3,1055.35,401.26,168.33,615.09,0.5094,-1,-1,-1
429,59,973.59,455.97,118.78,470.19,0.4421,-1,-1,-1
429,92,367.55,436.00,118.86,315.15,0.8132,-1,-1,-1
429,74,726.98,431.16,116.41,296.53,0.7798,-1,-1,-1
429,85,618.27,442.32,122.06,272.29,0.7960,-1,-1,-1
429,89,503.34,437.91,121.45,316.20,0.5769,-1,-1,-1
429,101,524.66,439.97,103.34,314.51,0.6202,-1,-1,-1
429,102,1151.57,404.11,180.32,640.81,0.3631,-1,-1,-1
429,105,1648.62,324.94,271.20,651.32,0.5626,-1,-1,-1
430,3,1057.00,399.68,167.20,617.03,0.4696,-1,-1,-1
430,59,974.56,448.93,119.13,476.05,0.6156,-1,-1,-1
430,92,378.38,438.73,108.45,308.78,0.8181,-1,-1,-1
430,74,728.26,431.95,120.55,295.67,0.7347,-1,-1,-1
430,85,634.14,441.78,107.85,272.10,0.6745,-1,-1,-1
430,89,504.24,438.29,143.45,316.76,0.5626,-1,-1,-1
430,101,536.42,440.43,112.28,314.37,0.5909,-1,-1,-1
430,102,1155.60,402.89,178.62,658.58,0.2275,-1,-1,-1
430,105,1598.33,320.00,321.61,622.90,0.4999,-1,-1,-1
431,3,1060.20,400.51,165.33,616.68,0.5624,-1,-1,-1
431,59,975.61,442.30,120.18,481.78,0.6016,-1,-1,-1
431,92,385.88,439.86,104.63,304.81,0.8107,-1,-1,-1
431,74,728.30,434.08,122.25,294.28,0.7377,-1,-1,-1
431,85,643.78,441.51,99.15,270.53,0.5336,-1,-1,-1
431,89,528.58,441.86,135.06,312.71,0.7135,-1,-1,-1
431,101,542.36,442.67,122.19,311.85,0.7135,-1,-1,-1
431,102,1158.68,401.75,173.16,667.50,0.1913,-1,-1,-1
431,105,1549.81,307.89,370.25,691.54,0.7349,-1,-1,-1
431,95,837.26,443.07,46.35,154.36,0.4252,-1,-1,-1
432,3,1066.77,400.68,168.39,635.53,0.5306,-1,-1,-1
432,59,976.43,445.15,120.65,481.36,0.6110,-1,-1,-1
432,92,388.14,441.47,106.69,306.16,0.7869,-1,-1,-1
432,74,728.93,427.58,121.87,298.77,0.6384,-1,-1,-1
432,85,656.17,445.79,88.24,260.50,0.4900,-1,-1,-1
432,89,539.75,441.43,138.08,314.23,0.7606,-1,-1,-1
432,101,545.22,441.73,132.85,313.95,0.7606,-1,-1,-1
432,102,1174.77,405.12,150.01,492.05,0.6389,-1,-1,-1
432,105,1503.02,303.47,416.42,712.39,0.8173,-1,-1,-1
432,106,1261.57,421.30,93.94,256.61,0.4038,-1,-1,-1
432,95,833.97,446.91,48.65,147.33,0.5597,-1,-1,-1
433,3,1071.20,406.12,172.96,618.62,0.7430,-1,-1,-1
433,59,978.47,430.56,125.37,496.52,0.6276,-1,-1,-1
433,92,394.01,442.64,108.60,305.36,0.7641,-1,-1,-1
433,74,731.84,429.78,120.71,296.03,0.6677,-1,-1,-1
433,85,663.40,445.78,84.86,259.14,0.4074,-1,-1,-1
433,89,542.29,441.98,146.16,314.20,0.7934,-1,-1,-1
433,101,544.69,442.08,143.88,314.14,0.7934,-1,-1,-1
433,102,1184.00,408.19,148.30,416.52,0.7157,-1,-1,-1
433,105,1454.25,303.51,465.71,718.13,0.7171,-1,-1,-1
433,106,1266.52,418.35,93.55,262.75,0.2775,-1,-1,-1
433,95,830.80,445.79,50.91,148.81,0.4516,-1,-1,-1
434,3,1075.32,404.35,160.57,561.57,0.1630,-1,-1,-1
434,59,983.96,423.18,129.07,511.94,0.7463,-1,-1,-1
434,92,400.51,442.58,109.41,305.54,0.7595,-1,-1,-1
434,74,736.21,421.60,119.36,305.61,0.6948,-1,-1,-1
434,85,666.56,445.26,88.43,258.82,0.2682,-1,-1,-1
434,89,545.78,442.66,145.39,313.25,0.8382,-1,-1,-1
434,101,546.89,442.68,144.47,313.26,0.8382,-1,-1,-1
434,102,1190.39,406.70,137.22,346.45,0.5031,-1,-1,-1
434,105,1407.95,302.45,496.13,716.48,0.7259,-1,-1,-1
434,106,1270.92,419.16,93.85,290.84,0.3435,-1,-1,-1
434,95,829.35,446.28,48.71,146.43,0.2267,-1,-1,-1
435,3,1081.80,399.35,163.28,451.58,0.6487,-1,-1,-1
435,59,985.07,418.82,133.19,493.56,0.8034,-1,-1,-1
435,92,409.60,439.19,108.39,307.69,0.3126,-1,-1,-1
435,74,741.68,424.89,114.20,301.16,0.7868,-1,-1,-1
435,85,679.32,438.56,83.86,265.79,0.4938,-1,-1,-1
435,89,547.15,442.50,145.85,315.32,0.8220,-1,-1,-1
435,101,547.71,442.50,145.47,315.36,0.8220,-1,-1,-1
435,102,1194.36,404.88,130.17,309.92,0.6473,-1,-1,-1
435,105,1368.87,303.60,481.24,713.20,0.3789,-1,-1,-1
435,106,1275.87,418.63,94.16,302.36,0.4047,-1,-1,-1
435,95,828.91,448.30,48.49,146.44,0.1945,-1,-1,-1
436,3,1088.03,410.71,163.85,419.26,0.6714,-1,-1,-1
436,59,989.91,418.68,135.21,420.18,0.7337,-1,-1,-1
436,92,411.77,438.61,113.04,307.93,0.6516,-1,-1,-1
436,74,749.28,425.51,107.56,298.00,0.7341,-1,-1,-1
436,85,690.21,438.13,82.44,269.74,0.5188,-1,-1,-1
436,89,545.23,442.09,150.11,314.68,0.8323,-1,-1,-1
436,101,545.59,442.08,149.93,314.73,0.8323,-1,-1,-1
436,102,1195.58,407.78,130.52,370.21,0.6612,-1,-1,-1
436,105,1313.99,308.73,471.42,706.67,0.8270,-1,-1,-1
436,106,1278.82,417.24,85.33,291.20,0.1626,-1,-1,-1
436,95,827.67,445.73,47.47,147.80,0.2050,-1,-1,-1
437,3,1094.12,405.35,160.95,428.32,0.7447,-1,-1,-1
437,59,995.08,420.58,137.39,402.30,0.7989,-1,-1,-1
437,92,416.38,441.79,116.88,306.66,0.8250,-1,-1,-1
437,74,749.68,418.49,107.44,301.92,0.4485,-1,-1,-1
437,85,700.85,438.90,75.85,271.11,0.4690,-1,-1,-1
437,89,546.43,441.66,150.53,315.28,0.8345,-1,-1,-1
437,101,546.70,441.65,150.45,315.32,0.8345,-1,-1,-1
437,102,1200.75,406.26,131.58,326.44,0.5502,-1,-1,-1
437,105,1227.01,317.33,489.47,701.65,0.8317,-1,-1,-1
438,3,1099.28,397.04,158.08,444.51,0.8801,-1,-1,-1
438,59,999.07,422.52,137.44,405.23,0.8031,-1,-1,-1
438,92,420.98,437.57,118.92,310.90,0.8644,-1,-1,-1
438,74,764.61,413.66,96.83,306.24,0.6521,-1,-1,-1
438,85,704.74,438.07,81.98,273.30,0.5721,-1,-1,-1
438,89,547.12,441.47,150.05,312.74,0.8378,-1,-1,-1
438,101,547.33,441.46,150.01,312.78,0.8378,-1,-1,-1
438,105,1194.67,324.32,448.75,700.75,0.6951,-1,-1,-1
439,3,1102.70,419.49,153.14,409.40,0.4640,-1,-1,-1
439,59,998.46,421.30,141.23,418.89,0.8074,-1,-1,-1
439,92,424.25,441.53,121.81,304.56,0.8421,-1,-1,-1
439,74,770.83,428.88,94.10,289.52,0.6313,-1,-1,-1
439,85,705.19,441.02,87.32,271.34,0.4629,-1,-1,-1
439,89,549.89,441.17,147.48,311.62,0.8403,-1,-1,-1
439,101,550.08,441.16,147.47,311.66,0.8403,-1,-1,-1
439,105,1154.20,334.18,418.94,699.61,0.7849,-1,-1,-1
439,99,1830.45,464.14,75.16,183.89,0.4158,-1,-1,-1
440,59,997.80,422.06,147.97,434.75,0.4897,-1,-1,-1
440,92,428.53,439.92,121.03,303.60,0.8075,-1,-1,-1
440,74,773.62,438.02,91.01,278.94,0.6763,-1,-1,-1
440,85,707.96,441.54,87.00,271.06,0.5344,-1,-1,-1
440,89,551.25,441.39,145.91,311.31,0.8435,-1,-1,-1
440,101,551.42,441.38,145.91,311.34,0.8435,-1,-1,-1
440,105,1103.95,348.59,399.99,682.59,0.7697,-1,-1,-1
440,99,1830.34,465.34,73.55,182.71,0.4606,-1,-1,-1
441,59,999.37,427.16,140.26,415.93,0.3919,-1,-1,-1
441,92,434.79,439.38,117.22,301.47,0.7791,-1,-1,-1
441,74,775.29,434.83,88.51,278.54,0.6581,-1,-1,-1
441,85,711.03,446.47,95.59,265.83,0.6316,-1,-1,-1
441,89,552.13,440.05,146.02,312.61,0.8440,-1,-1,-1
441,101,552.28,440.04,146.03,312.63,0.8440,-1,-1,-1
441,105,1049.22,357.28,381.60,675.00,0.7549,-1,-1,-1
441,99,1831.08,465.90,74.12,183.32,0.4749,-1,-1,-1
442,59,1002.10,445.85,125.78,326.70,0.2862,-1,-1,-1
442,92,440.34,437.81,112.10,306.44,0.7781,-1,-1,-1
442,74,776.44,429.79,90.50,281.30,0.6534,-1,-1,-1
442,85,711.98,448.62,109.24,264.43,0.5741,-1,-1,-1
442,89,560.38,439.48,138.65,310.63,0.8492,-1,-1,-1
442,101,560.50,439.47,138.66,310.65,0.8492,-1,-1,-1
442,105,1004.14,364.08,361.74,660.96,0.7945,-1,-1,-1
442,99,1831.55,465.45,73.21,183.92,0.4106,-1,-1,-1
442,106,1305.72,434.32,149.27,321.49,0.7802,-1,-1,-1
443,92,448.87,440.42,106.19,300.82,0.7762,-1,-1,-1
443,74,783.44,427.27,85.09,283.93,0.6642,-1,-1,-1
443,85,712.55,446.25,113.60,265.97,0.6034,-1,-1,-1
443,89,567.54,438.95,133.43,309.28,0.8568,-1,-1,-1
443,101,567.64,438.94,133.45,309.30,0.8568,-1,-1,-1
443,105,959.18,363.76,351.97,654.06,0.8492,-1,-1,-1
443,99,1831.36,465.77,74.34,183.10,0.3483,-1,-1,-1
443,106,1311.54,435.42,151.47,324.53,0.7932,-1,-1,-1
443,102,1229.50,430.20,126.08,396.25,0.7177,-1,-1,-1
444,92,459.64,440.23,101.16,297.49,0.8110,-1,-1,-1
444,74,788.11,428.92,83.66,282.16,0.5709,-1,-1,-1
444,85,711.57,443.68,125.63,267.05,0.6830,-1,-1,-1
444,89,578.91,439.47,122.01,305.85,0.8153,-1,-1,-1
444,101,578.99,439.46,122.04,305.87,0.8153,-1,-1,-1
444,105,917.08,362.63,338.35,651.96,0.8397,-1,-1,-1
444,99,1831.74,466.39,74.32,182.91,0.3932,-1,-1,-1
444,106,1316.05,435.03,147.93,329.37,0.7600,-1,-1,-1
444,102,1232.48,430.10,122.53,411.13,0.5209,-1,-1,-1
445,92,466.79,438.25,103.05,295.36,0.7887,-1,-1,-1
445,74,787.73,434.11,86.54,278.52,0.4933,-1,-1,-1
445,85,711.26,447.76,113.48,260.96,0.5452,-1,-1,-1
445,89,585.98,439.87,115.08,304.50,0.8090,-1,-1,-1
445,101,586.04,439.87,115.11,304.51,0.8090,-1,-1,-1
445,105,876.50,356.02,338.53,653.61,0.7663,-1,-1,-1
445,99,1830.63,467.68,76.50,181.46,0.3389,-1,-1,-1
445,106,1324.08,434.65,140.93,328.58,0.7943,-1,-1,-1
445,102,1237.46,429.05,127.01,393.66,0.3833,-1,-1,-1
445,3,1141.64,404.15,204.54,502.61,0.4174,-1,-1,-1
446,92,470.33,436.60,106.06,291.43,0.5871,-1,-1,-1
446,74,792.63,429.50,84.81,282.38,0.6153,-1,-1,-1
446,85,712.84,451.92,109.98,255.51,0.5335,-1,-1,-1
446,89,601.19,438.84,101.71,305.08,0.7378,-1,-1,-1
446,101,601.23,438.84,101.74,305.09,0.7378,-1,-1,-1
446,105,845.11,347.17,326.94,651.36,0.7741,-1,-1,-1
446,99,1830.01,468.93,76.07,180.09,0.3887,-1,-1,-1
446,106,1332.62,433.67,132.40,329.51,0.7693,-1,-1,-1
446,102,1241.17,428.01,123.22,410.16,0.5523,-1,-1,-1
446,3,1138.46,412.58,200.01,598.23,0.7539,-1,-1,-1
447,92,475.29,433.68,105.76,292.15,0.7536,-1,-1,-1
447,74,795.04,429.48,80.31,276.30,0.3317,-1,-1,-1
447,85,715.91,452.92,104.29,253.58,0.3572,-1,-1,-1
447,89,607.83,436.23,99.87,306.64,0.7351,-1,-1,-1
447,101,607.86,436.23,99.89,306.65,0.7351,-1,-1,-1
447,105,802.96,337.71,332.13,652.69,0.7571,-1,-1,-1
447,99,1829.52,469.30,75.75,179.48,0.2921,-1,-1,-1
447,106,1340.74,431.60,124.90,330.88,0.7342,-1,-1,-1
447,102,1239.97,422.90,124.27,419.37,0.2986,-1,-1,-1
447,3,1137.36,412.46,202.45,640.24,0.7920,-1,-1,-1
448,92,483.73,435.43,101.57,279.00,0.6929,-1,-1,-1
448,85,723.95,446.18,121.31,262.43,0.4571,-1,-1,-1
448,89,603.35,435.91,108.32,307.64,0.6886,-1,-1,-1
448,101,612.93,436.88,101.48,305.35,0.5628,-1,-1,-1
448,105,766.61,335.26,331.63,646.69,0.7911,-1,-1,-1
448,99,1829.38,469.35,77.36,179.63,0.3336,-1,-1,-1
448,106,1346.27,425.30,121.05,338.22,0.8131,-1,-1,-1
448,102,1244.13,422.24,124.53,383.90,0.3190,-1,-1,-1
448,3,1140.14,415.92,203.27,654.28,0.7982,-1,-1,-1
448,112,1057.69,422.48,127.82,378.03,0.3618,-1,-1,-1
449,92,485.18,437.62,103.91,280.01,0.8029,-1,-1,-1
449,89,625.47,436.14,94.03,305.73,0.6906,-1,-1,-1
449,101,612.60,436.32,105.82,307.35,0.1723,-1,-1,-1
449,105,731.01,333.86,333.34,643.29,0.7331,-1,-1,-1
449,99,1829.03,469.57,77.73,179.91,0.4045,-1,-1,-1
449,106,1349.40,423.99,118.83,339.69,0.8275,-1,-1,-1
449,102,1247.93,418.99,120.49,347.98,0.5596,-1,-1,-1
449,3,1143.58,422.96,193.83,652.81,0.5748,-1,-1,-1
449,112,1039.12,420.03,146.14,494.14,0.8082,-1,-1,-1
450,92,486.73,435.60,107.17,286.18,0.7854,-1,-1,-1
450,89,637.50,435.31,84.66,301.35,0.7637,-1,-1,-1
450,101,632.27,435.35,89.53,302.01,0.7637,-1,-1,-1
450,105,695.56,336.47,333.86,636.25,0.7338,-1,-1,-1
450,99,1829.66,468.72,78.28,180.87,0.4063,-1,-1,-1
450,106,1352.64,422.18,120.66,340.69,0.8366,-1,-1,-1
450,102,1254.61,423.84,115.31,320.70,0.1866,-1,-1,-1
450,3,1144.67,419.85,211.82,654.09,0.8403,-1,-1,-1
450,112,1035.25,416.55,152.89,539.66,0.7069,-1,-1,-1
451,92,489.14,433.93,120.47,290.49,0.7015,-1,-1,-1
451,89,645.37,438.12,81.41,298.96,0.7216,-1,-1,-1
451,101,643.73,438.13,82.96,299.22,0.7216,-1,-1,-1
451,105,660.83,340.70,331.20,637.37,0.7369,-1,-1,-1
451,99,1830.50,467.77,80.54,182.71,0.3462,-1,-1,-1
451,106,1350.20,419.84,129.53,344.44,0.8000,-1,-1,-1
451,102,1257.30,425.30,113.04,315.88,0.2615,-1,-1,-1
451,3,1137.68,418.43,247.66,656.43,0.8608,-1,-1,-1
451,112,1036.25,415.54,156.15,554.32,0.7966,-1,-1,-1
452,92,489.68,433.45,129.56,290.75,0.7800,-1,-1,-1
452,101,648.05,455.37,75.94,258.31,0.2976,-1,-1,-1
452,105,638.57,348.76,318.71,631.50,0.6994,-1,-1,-1
452,99,1832.48,466.48,78.24,183.43,0.2911,-1,-1,-1
452,106,1357.57,418.98,128.97,345.80,0.8534,-1,-1,-1
452,3,1107.52,415.08,293.31,662.18,0.7365,-1,-1,-1
452,112,1038.18,416.37,158.68,555.88,0.7326,-1,-1,-1
453,92,494.32,435.62,129.84,286.49,0.7678,-1,-1,-1
453,105,590.88,359.10,344.54,662.66,0.6114,-1,-1,-1
453,99,1831.78,464.43,79.49,185.61,0.3086,-1,-1,-1
453,106,1365.58,420.06,125.65,345.39,0.8827,-1,-1,-1
453,3,1134.88,413.84,295.76,654.74,0.8606,-1,-1,-1
453,112,1042.77,414.99,157.31,555.58,0.7096,-1,-1,-1
454,92,503.00,437.04,114.82,282.67,0.8209,-1,-1,-1
454,105,545.12,367.96,361.74,657.33,0.6919,-1,-1,-1
454,99,1831.01,465.78,83.68,184.97,0.2825,-1,-1,-1
454,106,1370.18,421.02,126.75,346.76,0.8870,-1,-1,-1
454,3,1144.68,410.02,304.00,661.77,0.8601,-1,-1,-1
454,112,1046.12,414.50,157.71,554.29,0.7912,-1,-1,-1
454,74,821.19,422.77,69.23,270.03,0.5012,-1,-1,-1
455,92,511.66,448.35,97.16,266.71,0.7184,-1,-1,-1
455,105,500.14,382.35,371.78,638.10,0.6686,-1,-1,-1
455,99,1831.58,463.40,85.96,187.96,0.1953,-1,-1,-1
455,106,1373.61,421.99,128.93,346.89,0.8942,-1,-1,-1
455,3,1149.41,417.76,303.71,657.98,0.7938,-1,-1,-1
455,112,1049.44,415.53,169.26,550.55,0.4868,-1,-1,-1
455,116,246.73,519.46,88.38,119.70,0.5168,-1,-1,-1
455,74,815.95,419.62,79.05,284.10,0.5884,-1,-1,-1
456,105,460.87,390.73,377.34,653.74,0.7396,-1,-1,-1
456,106,1376.94,421.19,132.61,351.71,0.8905,-1,-1,-1
456,3,1151.36,421.59,307.74,656.25,0.8195,-1,-1,-1
456,112,1053.44,416.34,170.18,548.48,0.5491,-1,-1,-1
456,116,239.34,518.78,89.80,114.76,0.1533,-1,-1,-1
456,74,807.00,417.94,93.11,289.52,0.6467,-1,-1,-1
456,117,1053.78,417.73,174.55,541.77,0.7354,-1,-1,-1
457,105,414.34,394.15,378.70,639.53,0.7518,-1,-1,-1
457,106,1379.63,421.37,136.24,356.16,0.8992,-1,-1,-1
457,3,1151.21,413.35,298.65,664.91,0.8779,-1,-1,-1
457,112,1059.23,418.09,167.47,552.10,0.6641,-1,-1,-1
457,116,227.08,510.99,99.18,122.73,0.1726,-1,-1,-1
457,74,805.62,414.89,97.19,294.06,0.6588,-1,-1,-1
457,117,1060.33,418.98,166.11,544.16,0.6641,-1,-1,-1
457,89,688.80,440.38,69.60,219.39,0.3500,-1,-1,-1
458,105,376.02,393.83,390.17,661.79,0.8004,-1,-1,-1
458,106,1386.97,422.06,135.48,359.58,0.8818,-1,-1,-1
458,3,1150.66,413.57,305.80,664.63,0.8996,-1,-1,-1
458,112,1066.98,418.82,161.36,549.29,0.7651,-1,-1,-1
458,116,221.03,515.48,94.27,118.22,0.4321,-1,-1,-1
458,74,809.39,415.60,95.01,293.27,0.7509,-1,-1,-1
458,117,1069.16,419.43,157.51,540.71,0.7651,-1,-1,-1
458,89,689.05,441.26,81.73,273.12,0.6104,-1,-1,-1
459,105,341.25,388.93,396.21,678.77,0.8568,-1,-1,-1
459,106,1391.71,423.40,146.12,360.99,0.8812,-1,-1,-1
459,3,1151.69,415.18,317.64,662.33,0.8949,-1,-1,-1
459,112,1075.54,416.93,156.22,550.75,0.8311,-1,-1,-1
459,116,210.58,519.31,95.35,117.92,0.3405,-1,-1,-1
459,74,815.57,418.91,89.11,288.60,0.5886,-1,-1,-1
459,117,1078.10,417.04,152.27,543.28,0.8311,-1,-1,-1
459,89,685.94,442.87,103.80,283.85,0.5379,-1,-1,-1
459,85,802.62,424.44,100.21,283.56,0.4240,-1,-1,-1
460,105,305.54,384.03,403.06,686.32,0.7371,-1,-1,-1
460,106,1397.50,424.74,157.63,361.85,0.8459,-1,-1,-1
460,3,1154.00,409.27,315.69,668.17,0.8827,-1,-1,-1
460,112,1084.95,417.44,153.23,552.20,0.8264,-1,-1,-1
460,116,203.89,520.93,93.98,115.29,0.5027,-1,-1,-1
460,74,820.03,422.28,89.79,282.81,0.5891,-1,-1,-1
460,117,1087.52,417.61,149.93,545.71,0.8264,-1,-1,-1
460,89,675.98,440.29,124.35,293.36,0.7736,-1,-1,-1
460,85,802.44,426.41,107.27,280.58,0.4471,-1,-1,-1
460,99,1830.03,457.43,87.49,193.88,0.3555,-1,-1,-1
461,105,276.26,376.56,402.30,696.37,0.8222,-1,-1,-1
461,106,1401.95,427.02,162.55,362.34,0.8932,-1,-1,-1
461,3,1155.72,407.50,315.75,669.37,0.9111,-1,-1,-1
461,112,1094.60,416.99,152.10,555.94,0.7520,-1,-1,-1
461,116,194.23,523.24,94.89,113.64,0.3466,-1,-1,-1
461,74,817.26,416.59,99.05,286.91,0.6135,-1,-1,-1
461,117,1097.05,417.12,149.53,550.41,0.7520,-1,-1,-1
461,89,661.17,439.57,143.46,298.06,0.8354,-1,-1,-1
461,85,804.16,419.00,111.34,286.66,0.3752,-1,-1,-1
461,99,1829.59,459.78,87.75,191.92,0.2364,-1,-1,-1
461,92,550.37,437.50,101.12,273.21,0.3898,-1,-1,-1
462,105,248.40,369.85,401.68,703.70,0.7890,-1,-1,-1
462,106,1405.40,429.35,163.99,363.09,0.8846,-1,-1,-1
462,3,1156.63,404.30,316.04,672.81,0.9107,-1,-1,-1
462,112,1100.92,415.53,153.19,558.56,0.7491,-1,-1,-1
462,74,812.44,412.68,104.34,291.75,0.6766,-1,-1,-1
462,117,1102.98,415.60,151.25,553.70,0.7491,-1,-1,-1
462,89,664.66,440.00,138.37,298.34,0.7992,-1,-1,-1
462,85,809.20,413.15,108.03,292.02,0.6766,-1,-1,-1
462,99,1829.29,464.79,86.99,186.70,0.3689,-1,-1,-1
462,92,561.63,434.81,92.04,276.09,0.6069,-1,-1,-1
463,105,242.04,362.11,385.88,710.97,0.8127,-1,-1,-1
463,106,1406.01,430.90,169.20,365.03,0.8903,-1,-1,-1
463,3,1160.77,401.58,311.59,675.92,0.8454,-1,-1,-1
463,112,1105.08,411.68,152.86,562.05,0.7473,-1,-1,-1
463,74,808.60,410.84,111.77,293.40,0.6641,-1,-1,-1
463,117,1106.77,411.62,151.25,557.80,0.7473,-1,-1,-1
463,89,671.43,439.66,126.59,297.35,0.7973,-1,-1,-1
463,85,808.90,410.64,112.45,293.82,0.6641,-1,-1,-1
463,99,1829.30,464.63,87.41,185.86,0.2358,-1,-1,-1
463,92,565.25,432.79,93.65,276.71,0.7585,-1,-1,-1
463,95,775.79,446.86,45.60,140.10,0.3754,-1,-1,-1
464,105,220.24,357.62,386.66,715.50,0.8590,-1,-1,-1
464,106,1412.77,428.14,165.38,370.66,0.9097,-1,-1,-1
464,3,1167.59,400.28,303.44,676.67,0.8443,-1,-1,-1
464,112,1105.56,406.82,160.99,568.17,0.8091,-1,-1,-1
464,74,808.06,411.27,116.81,293.87,0.7190,-1,-1,-1
464,117,1106.85,406.67,159.92,564.51,0.8091,-1,-1,-1
464,89,679.25,439.46,117.10,293.91,0.7901,-1,-1,-1
464,85,809.72,410.87,116.31,294.29,0.7190,-1,-1,-1
464,99,1828.74,466.67,83.53,182.94,0.3944,-1,-1,-1
464,92,570.09,432.88,92.62,274.87,0.5123,-1,-1,-1
464,95,773.81,445.98,46.23,141.34,0.3559,-1,-1,-1
465,105,194.08,360.05,394.77,710.65,0.8264,-1,-1,-1
465,106,1421.32,426.17,158.57,375.50,0.8951,-1,-1,-1
465,3,1179.61,400.78,291.74,678.07,0.8733,-1,-1,-1
465,112,1109.96,411.82,159.64,560.56,0.7546,-1,-1,-1
465,74,815.75,412.26,110.08,293.45,0.7271,-1,-1,-1
465,117,1111.14,411.84,158.62,557.05,0.7546,-1,-1,-1
465,89,685.54,439.35,113.21,293.12,0.7282,-1,-1,-1
465,85,818.06,411.85,108.82,293.84,0.7271,-1,-1,-1
465,99,1828.31,463.12,86.35,186.95,0.3105,-1,-1,-1
465,92,565.12,431.74,101.62,276.20,0.3882,-1,-1,-1
465,119,564.43,430.70,102.13,276.00,0.5710,-1,-1,-1
466,105,158.19,365.86,400.54,705.09,0.7757,-1,-1,-1
466,106,1435.15,426.30,145.60,377.29,0.8786,-1,-1,-1
466,3,1195.07,401.41,275.89,677.42,0.8520,-1,-1,-1
466,112,1109.66,418.86,163.07,553.99,0.7864,-1,-1,-1
466,74,821.14,409.56,107.29,297.18,0.7741,-1,-1,-1
466,117,1110.59,419.01,162.25,550.79,0.7864,-1,-1,-1
466,89,701.57,439.10,110.91,291.74,0.7229,-1,-1,-1
466,85,823.36,409.19,105.98,297.50,0.7741,-1,-1,-1
466,99,1828.68,462.14,86.90,187.97,0.3441,-1,-1,-1
466,92,563.84,430.50,105.75,277.71,0.7733,-1,-1,-1
466,119,561.57,430.42,106.15,277.59,0.7733,-1,-1,-1
466,120,509.53,447.99,80.51,198.16,0.3819,-1,-1,-1
467,105,130.00,369.23,403.91,702.70,0.8827,-1,-1,-1
467,106,1447.17,423.80,135.72,380.73,0.8738,-1,-1,-1
467,3,1215.82,400.96,259.76,671.26,0.7765,-1,-1,-1
467,112,1110.79,423.23,171.34,552.23,0.7487,-1,-1,-1
467,74,825.88,407.38,101.90,300.26,0.7742,-1,-1,-1
467,117,1111.59,423.39,170.70,549.41,0.7487,-1,-1,-1
467,89,717.46,439.69,99.15,292.44,0.7851,-1,-1,-1
467,85,827.93,407.06,100.57,300.53,0.7742,-1,-1,-1
467,99,1828.59,461.95,87.10,188.25,0.2580,-1,-1,-1
467,92,570.69,428.25,98.96,278.99,0.8108,-1,-1,-1
467,119,569.63,428.16,97.93,278.83,0.8108,-1,-1,-1
467,120,501.02,452.79,80.68,186.94,0.3132,-1,-1,-1
468,105,112.99,372.14,392.32,701.66,0.8638,-1,-1,-1
468,106,1460.62,420.36,130.63,384.14,0.8921,-1,-1,-1
468,3,1240.08,401.81,245.43,668.42,0.6552,-1,-1,-1
468,112,1113.60,423.35,176.37,560.71,0.8304,-1,-1,-1
468,74,828.86,405.72,98.86,301.16,0.7753,-1,-1,-1
468,117,1114.34,423.47,175.81,558.33,0.8304,-1,-1,-1
468,89,713.30,438.97,103.96,293.39,0.5934,-1,-1,-1
468,85,830.63,405.46,97.68,301.39,0.7753,-1,-1,-1
468,99,1829.06,462.31,86.42,187.74,0.2710,-1,-1,-1
468,92,573.04,432.53,97.12,272.91,0.8301,-1,-1,-1
468,119,572.42,433.26,96.07,271.75,0.8301,-1,-1,-1
468,120,496.87,460.85,73.99,168.66,0.2125,-1,-1,-1
468,101,704.12,437.78,107.81,293.49,0.5394,-1,-1,-1
469,105,77.90,379.60,389.47,690.22,0.7680,-1,-1,-1
469,106,1471.37,416.20,124.16,388.44,0.8734,-1,-1,-1
469,3,1253.90,401.30,243.51,671.89,0.8518,-1,-1,-1
469,112,1117.30,422.13,172.38,567.09,0.8220,-1,-1,-1
469,74,832.01,406.70,95.25,299.87,0.7903,-1,-1,-1
469,117,1117.97,422.22,171.83,564.99,0.8220,-1,-1,-1
469,89,712.13,437.61,108.45,295.16,0.7177,-1,-1,-1
469,85,833.56,406.48,94.19,300.06,0.7903,-1,-1,-1
469,99,1828.95,465.53,86.18,184.36,0.3032,-1,-1,-1
469,92,576.35,434.82,95.68,269.65,0.8185,-1,-1,-1
469,119,576.02,435.66,94.73,268.37,0.8185,-1,-1,-1
469,120,495.42,464.26,70.09,169.18,0.1929,-1,-1,-1
469,101,705.61,436.15,110.90,295.95,0.2777,-1,-1,-1
470,105,49.99,386.84,392.72,681.86,0.8249,-1,-1,-1
470,106,1481.02,413.38,121.12,390.69,0.8974,-1,-1,-1
470,3,1269.51,403.93,237.87,671.08,0.7096,-1,-1,-1
470,112,1124.51,422.71,172.49,579.77,0.3791,-1,-1,-1
470,74,832.93,408.53,93.33,298.59,0.7868,-1,-1,-1
470,117,1125.11,422.80,172.01,577.95,0.3791,-1,-1,-1
470,89,715.16,436.48,116.73,295.55,0.6959,-1,-1,-1
470,85,834.23,408.36,92.43,298.75,0.7868,-1,-1,-1
470,99,1828.61,462.26,88.09,187.43,0.2709,-1,-1,-1
470,92,580.69,437.79,93.45,268.22,0.8256,-1,-1,-1
470,119,580.54,438.67,92.56,267.10,0.8256,-1,-1,-1
470,120,495.52,473.99,65.39,163.24,0.1587,-1,-1,-1
470,101,712.39,435.59,117.67,296.31,0.6959,-1,-1,-1
471,105,19.04,394.97,408.79,673.65,0.8604,-1,-1,-1
471,106,1489.19,410.86,117.89,393.11,0.8873,-1,-1,-1
471,3,1286.60,404.26,220.23,669.83,0.6494,-1,-1,-1
471,112,1128.61,422.06,173.48,585.72,0.7154,-1,-1,-1
471,74,834.68,413.54,93.14,292.90,0.7653,-1,-1,-1
471,117,1129.13,422.14,173.06,584.09,0.7154,-1,-1,-1
471,89,721.73,436.03,125.10,297.35,0.6966,-1,-1,-1
471,85,835.80,413.39,92.38,293.04,0.7653,-1,-1,-1
471,99,1828.98,460.34,88.01,189.49,0.3115,-1,-1,-1
471,92,582.65,445.65,93.94,262.75,0.8117,-1,-1,-1
471,119,582.47,446.76,93.29,261.55,0.8117,-1,-1,-1
471,101,720.38,435.41,125.43,298.03,0.6966,-1,-1,-1
471,123,409.04,492.16,67.93,134.33,0.3962,-1,-1,-1
472,105,-2.63,400.64,400.39,668.46,0.8075,-1,-1,-1
472,106,1494.75,410.02,118.05,395.56,0.8876,-1,-1,-1
472,3,1288.31,400.64,212.18,670.77,0.6977,-1,-1,-1
472,112,1133.76,420.72,170.35,588.95,0.8039,-1,-1,-1
472,74,835.99,413.35,91.96,292.13,0.7571,-1,-1,-1
472,117,1134.23,420.79,169.97,587.48,0.8039,-1,-1,-1
472,89,734.20,436.98,121.56,295.52,0.7294,-1,-1,-1
472,85,836.97,413.24,91.29,292.23,0.7571,-1,-1,-1
472,99,1828.71,463.87,87.37,185.56,0.2144,-1,-1,-1
472,92,584.80,446.03,95.81,261.95,0.8346,-1,-1,-1
472,119,584.65,446.89,95.36,260.97,0.8346,-1,-1,-1
472,101,733.31,436.48,121.79,296.15,0.7294,-1,-1,-1
472,123,408.04,487.63,62.48,138.57,0.3808,-1,-1,-1
472,124,1082.72,472.70,59.41,120.62,0.4128,-1,-1,-1
473,105,-11.54,402.38,395.06,667.95,0.6668,-1,-1,-1
473,106,1500.25,411.04,118.59,392.56,0.8800,-1,-1,-1
473,3,1314.58,398.97,208.03,672.73,0.6693,-1,-1,-1
473,112,1138.08,421.34,169.43,589.60,0.8404,-1,-1,-1
473,74,837.61,414.25,90.65,292.31,0.7147,-1,-1,-1
473,117,1138.49,421.41,169.10,588.28,0.8404,-1,-1,-1
473,89,739.76,438.19,119.14,293.01,0.7578,-1,-1,-1
473,85,838.46,414.17,90.07,292.39,0.7147,-1,-1,-1
473,99,1831.15,467.41,80.69,182.01,0.2950,-1,-1,-1
473,92,587.51,441.46,97.44,266.19,0.8156,-1,-1,-1
473,119,587.37,442.03,97.10,265.52,0.8156,-1,-1,-1
473,101,739.14,437.76,119.36,293.59,0.7578,-1,-1,-1
473,123,411.44,488.48,50.63,128.74,0.3991,-1,-1,-1
473,124,1083.31,465.71,59.13,128.21,0.2348,-1,-1,-1
474,105,-13.69,400.59,359.34,671.96,0.6499,-1,-1,-1
474,106,1504.59,411.31,122.40,391.29,0.8649,-1,-1,-1
474,3,1327.60,398.39,206.33,673.02,0.7253,-1,-1,-1
474,112,1143.92,421.32,166.82,590.33,0.8520,-1,-1,-1
474,74,836.65,413.65,90.67,291.77,0.6974,-1,-1,-1
474,117,1144.29,421.39,166.52,589.15,0.8520,-1,-1,-1
474,89,738.82,439.05,122.52,291.44,0.7746,-1,-1,-1
474,85,837.36,413.59,90.18,291.83,0.6974,-1,-1,-1
474,99,1831.72,467.45,79.44,182.37,0.3018,-1,-1,-1
474,92,589.87,439.61,98.59,267.65,0.8221,-1,-1,-1
474,119,589.74,440.06,98.32,267.10,0.8221,-1,-1,-1
474,101,738.42,438.69,122.67,291.94,0.7746,-1,-1,-1
474,124,1084.39,464.37,57.04,129.01,0.2890,-1,-1,-1
475,105,-12.18,398.57,344.15,674.26,0.7633,-1,-1,-1
475,106,1509.93,412.00,127.99,390.99,0.8605,-1,-1,-1
475,3,1329.94,398.87,209.37,673.29,0.7537,-1,-1,-1
475,112,1147.85,421.47,167.70,590.38,0.8769,-1,-1,-1
475,74,843.71,414.39,87.21,289.03,0.5523,-1,-1,-1
475,117,1148.16,421.54,167.44,589.33,0.8769,-1,-1,-1
475,89,740.45,437.01,122.32,294.07,0.7733,-1,-1,-1
475,85,844.37,414.35,86.77,289.08,0.5523,-1,-1,-1
475,99,1831.23,462.57,82.46,187.72,0.2469,-1,-1,-1
475,92,592.07,440.89,99.50,266.20,0.8256,-1,-1,-1
475,119,591.93,441.30,99.28,265.70,0.8256,-1,-1,-1
475,101,740.14,436.70,122.46,294.51,0.7733,-1,-1,-1
475,124,1084.96,466.54,55.37,125.84,0.1991,-1,-1,-1
476,105,-10.68,394.45,298.83,675.57,0.5484,-1,-1,-1
476,106,1514.99,413.51,147.05,391.52,0.8516,-1,-1,-1
476,3,1331.84,397.34,213.62,675.35,0.2282,-1,-1,-1
476,112,1150.36,420.83,167.73,590.53,0.8735,-1,-1,-1
476,74,846.77,415.73,77.44,287.52,0.6858,-1,-1,-1
476,117,1150.64,420.90,167.51,589.60,0.8735,-1,-1,-1
476,89,741.58,437.05,122.00,294.63,0.7885,-1,-1,-1
476,85,847.32,415.71,77.03,287.56,0.6858,-1,-1,-1
476,99,1831.48,460.20,79.84,189.90,0.2848,-1,-1,-1
476,92,595.18,443.56,101.94,262.13,0.8464,-1,-1,-1
476,119,595.06,443.95,101.77,261.65,0.8464,-1,-1,-1
476,101,741.35,436.78,122.14,295.03,0.7885,-1,-1,-1
476,124,1087.70,457.27,56.51,134.56,0.1742,-1,-1,-1
476,120,439.34,479.54,93.14,188.81,0.6114,-1,-1,-1
477,105,-8.04,390.17,295.41,680.33,0.8214,-1,-1,-1
477,106,1517.93,411.91,165.42,397.87,0.8906,-1,-1,-1
477,3,1337.16,396.29,206.94,671.40,0.4486,-1,-1,-1
477,112,1151.94,420.56,171.06,590.60,0.8775,-1,-1,-1
477,74,847.58,416.78,75.61,285.20,0.6950,-1,-1,-1
477,117,1152.18,420.62,170.87,589.78,0.8775,-1,-1,-1
477,89,743.28,438.61,118.91,293.56,0.7677,-1,-1,-1
477,85,848.00,416.76,75.30,285.22,0.6950,-1,-1,-1
477,99,1833.00,462.21,76.90,187.12,0.2568,-1,-1,-1
477,92,600.19,443.64,101.24,260.74,0.8185,-1,-1,-1
477,119,600.10,443.97,101.08,260.32,0.8185,-1,-1,-1
477,101,743.09,438.36,119.07,293.91,0.7677,-1,-1,-1
477,124,1088.31,456.98,56.49,135.25,0.1889,-1,-1,-1
477,120,431.04,475.60,97.73,199.49,0.2614,-1,-1,-1
478,105,-6.63,383.83,277.22,685.88,0.5597,-1,-1,-1
478,106,1524.42,409.43,179.69,400.90,0.9011,-1,-1,-1
478,3,1343.06,395.19,204.28,666.70,0.7110,-1,-1,-1
478,112,1157.01,420.63,170.58,590.38,0.8788,-1,-1,-1
478,74,848.93,416.01,74.00,285.60,0.6178,-1,-1,-1
478,117,1157.22,420.69,170.41,589.64,0.8788,-1,-1,-1
478,89,744.59,438.54,116.75,294.52,0.6886,-1,-1,-1
478,85,849.30,416.01,73.74,285.62,0.6178,-1,-1,-1
478,99,1832.99,463.82,78.71,184.37,0.2822,-1,-1,-1
478,92,611.86,444.41,93.97,258.01,0.7737,-1,-1,-1
478,119,611.84,444.70,93.77,257.64,0.7737,-1,-1,-1
478,101,744.43,438.33,116.90,294.84,0.6886,-1,-1,-1
478,124,1090.86,447.68,55.50,145.45,0.1887,-1,-1,-1
478,120,423.72,475.89,92.86,187.93,0.1967,-1,-1,-1
479,105,-5.14,381.86,260.44,687.03,0.7737,-1,-1,-1
479,106,1530.50,410.68,194.21,403.31,0.9166,-1,-1,-1
479,3,1345.87,396.58,214.57,671.82,0.8307,-1,-1,-1
479,112,1161.90,421.16,169.51,590.31,0.8842,-1,-1,-1
479,74,851.51,415.92,71.34,284.59,0.6708,-1,-1,-1
479,117,1162.09,421.22,169.36,589.66,0.8842,-1,-1,-1
479,89,752.77,439.78,109.24,293.22,0.5439,-1,-1,-1
479,85,851.82,415.92,71.11,284.60,0.6708,-1,-1,-1
479,99,1831.81,463.76,80.33,184.42,0.2715,-1,-1,-1
479,92,611.48,443.26,99.68,258.12,0.4832,-1,-1,-1
479,119,614.02,444.33,97.90,256.95,0.3591,-1,-1,-1
479,101,752.61,439.58,109.41,293.51,0.5439,-1,-1,-1
479,124,1092.77,441.16,54.36,152.16,0.2521,-1,-1,-1
479,120,415.48,475.22,92.83,185.99,0.1727,-1,-1,-1
479,126,1314.49,413.98,94.93,533.17,0.5052,-1,-1,-1
480,105,-3.75,389.15,242.41,680.09,0.4565,-1,-1,-1
480,106,1537.00,413.94,200.45,407.60,0.9071,-1,-1,-1
480,3,1347.86,400.92,227.95,671.45,0.8799,-1,-1,-1
480,112,1167.53,422.18,167.05,589.19,0.2376,-1,-1,-1
480,74,852.68,414.43,71.43,285.45,0.7481,-1,-1,-1
480,117,1167.25,415.94,165.00,594.28,0.7429,-1,-1,-1
480,89,762.00,436.83,102.19,294.17,0.6420,-1,-1,-1
480,85,852.94,414.44,71.25,285.46,0.7481,-1,-1,-1
480,99,1831.30,463.44,78.30,185.51,0.2783,-1,-1,-1
480,92,618.06,439.25,93.28,261.01,0.6390,-1,-1,-1
480,119,619.03,439.75,92.45,260.43,0.6390,-1,-1,-1
480,101,761.86,436.66,102.36,294.42,0.6420,-1,-1,-1
480,124,1091.81,436.57,54.28,156.52,0.1666,-1,-1,-1
480,120,408.87,477.96,97.42,194.77,0.1767,-1,-1,-1
480,126,1320.53,413.25,91.74,540.89,0.5667,-1,-1,-1
480,127,896.84,437.73,106.85,247.22,0.6758,-1,-1,-1
481,105,-2.77,405.65,222.53,664.93,0.7635,-1,-1,-1
481,106,1542.58,419.19,204.51,405.61,0.8793,-1,-1,-1
481,3,1348.81,396.58,245.64,678.26,0.8902,-1,-1,-1
481,112,1173.25,419.54,164.74,592.22,0.8262,-1,-1,-1
481,74,854.24,414.83,70.49,285.15,0.7472,-1,-1,-1
481,117,1171.37,412.79,164.44,596.97,0.7160,-1,-1,-1
481,89,772.71,439.67,95.67,287.21,0.6943,-1,-1,-1
481,85,854.47,414.84,70.33,285.15,0.7472,-1,-1,-1
481,99,1831.00,463.13,79.07,185.82,0.3493,-1,-1,-1
481,92,626.13,435.87,92.47,263.54,0.7418,-1,-1,-1
481,119,626.46,436.14,92.11,263.20,0.7418,-1,-1,-1
481,101,772.57,439.51,95.82,287.45,0.6943,-1,-1,-1
481,124,1092.51,435.21,54.06,158.87,0.3128,-1,-1,-1
481,120,405.22,479.39,89.79,175.41,0.4170,-1,-1,-1
481,126,1325.60,410.39,87.63,548.35,0.4509,-1,-1,-1
481,127,899.14,440.39,105.51,242.75,0.7649,-1,-1,-1
482,105,-2.42,453.24,202.98,618.01,0.7292,-1,-1,-1
482,106,1549.07,419.40,205.07,408.14,0.8832,-1,-1,-1
482,3,1354.27,394.33,255.43,680.82,0.9080,-1,-1,-1
482,112,1178.10,418.68,162.45,593.95,0.1975,-1,-1,-1
482,74,855.66,415.01,70.29,283.78,0.7390,-1,-1,-1
482,117,1175.67,410.92,161.31,600.28,0.6055,-1,-1,-1
482,89,781.75,439.44,90.78,283.90,0.6288,-1,-1,-1
482,85,855.85,415.02,70.15,283.78,0.7390,-1,-1,-1
482,99,1831.19,460.80,81.75,187.75,0.3547,-1,-1,-1
482,92,632.01,434.40,89.17,265.76,0.7003,-1,-1,-1
482,119,632.11,434.58,88.98,265.53,0.7003,-1,-1,-1
482,101,781.63,439.30,90.92,284.11,0.6288,-1,-1,-1
482,124,1092.16,436.05,52.99,158.65,0.3325,-1,-1,-1
482,120,404.95,480.45,82.29,162.38,0.2851,-1,-1,-1
482,126,1329.13,408.65,88.79,555.92,0.3728,-1,-1,-1
482,127,902.65,443.81,103.65,238.38,0.7850,-1,-1,-1
483,105,-1.96,501.09,184.67,570.71,0.7346,-1,-1,-1
483,106,1555.97,418.84,197.95,412.13,0.8922,-1,-1,-1
483,3,1358.77,392.67,263.46,681.78,0.8713,-1,-1,-1
483,112,1184.07,418.22,160.85,593.90,0.6830,-1,-1,-1
483,74,855.85,416.46,68.29,283.72,0.7031,-1,-1,-1
483,117,1181.58,410.85,160.54,599.89,0.7576,-1,-1,-1
483,89,791.47,439.05,85.13,286.11,0.6980,-1,-1,-1
483,85,856.02,416.47,68.17,283.72,0.7031,-1,-1,-1
483,99,1832.25,460.51,82.63,188.83,0.2560,-1,-1,-1
483,92,631.07,433.50,95.48,264.56,0.7403,-1,-1,-1
483,119,631.07,433.63,95.37,264.37,0.7403,-1,-1,-1
483,101,791.36,438.93,85.25,286.29,0.6980,-1,-1,-1
483,124,1093.01,438.62,50.37,156.15,0.2426,-1,-1,-1
483,120,397.40,476.12,88.39,180.87,0.3638,-1,-1,-1
483,126,1331.08,406.13,93.07,558.73,0.3821,-1,-1,-1
483,127,906.59,445.50,98.99,236.50,0.7713,-1,-1,-1
484,105,-1.58,544.43,163.82,454.55,0.4456,-1,-1,-1
484,106,1565.03,416.97,190.69,418.75,0.8876,-1,-1,-1
484,3,1360.69,392.23,271.86,682.76,0.9126,-1,-1,-1
484,112,1189.49,416.85,159.99,595.18,0.8157,-1,-1,-1
484,74,859.27,425.94,65.26,274.29,0.7528,-1,-1,-1
484,117,1187.59,411.33,159.09,598.46,0.4521,-1,-1,-1
484,89,796.68,438.37,82.50,289.62,0.7464,-1,-1,-1
484,85,859.42,425.95,65.15,274.29,0.7528,-1,-1,-1
484,99,1831.93,455.46,85.20,194.46,0.2826,-1,-1,-1
484,92,633.31,434.45,99.41,263.02,0.7633,-1,-1,-1
484,119,633.28,434.55,99.33,262.87,0.7633,-1,-1,-1
484,101,796.60,438.26,82.60,289.78,0.7464,-1,-1,-1
484,124,1092.43,438.09,49.17,156.91,0.2456,-1,-1,-1
484,120,379.76,475.02,103.84,187.69,0.4047,-1,-1,-1
484,126,1334.88,408.39,94.58,559.79,0.3642,-1,-1,-1
484,127,910.07,444.35,95.82,238.86,0.7107,-1,-1,-1
485,105,-0.98,563.06,143.66,404.98,0.4634,-1,-1,-1
485,106,1576.38,414.72,182.15,423.65,0.8920,-1,-1,-1
485,3,1360.95,394.01,277.86,680.30,0.9046,-1,-1,-1
485,112,1194.14,418.44,161.62,593.78,0.8340,-1,-1,-1
485,74,861.41,424.47,61.35,273.21,0.6318,-1,-1,-1
485,117,1193.15,417.72,159.13,591.39,0.2861,-1,-1,-1
485,89,799.28,437.59,85.43,288.87,0.7346,-1,-1,-1
485,85,861.54,424.48,61.26,273.20,0.6318,-1,-1,-1
485,99,1831.44,451.42,85.72,199.11,0.3307,-1,-1,-1
485,92,632.38,434.01,109.49,262.30,0.7637,-1,-1,-1
485,119,632.34,434.10,109.44,262.17,0.7637,-1,-1,-1
485,101,799.21,437.49,85.50,289.01,0.7346,-1,-1,-1
485,124,1091.18,439.14,47.41,155.06,0.2542,-1,-1,-1
485,120,363.30,475.72,112.51,190.39,0.2430,-1,-1,-1
485,126,1337.42,415.49,95.59,549.89,0.5358,-1,-1,-1
485,127,911.15,440.88,95.00,242.26,0.3351,-1,-1,-1
486,105,-0.47,574.83,117.83,401.46,0.6461,-1,-1,-1
486,106,1585.20,414.90,176.89,425.03,0.8919,-1,-1,-1
486,3,1359.94,395.01,284.53,678.75,0.8889,-1,-1,-1
486,112,1198.99,418.25,162.54,593.40,0.8392,-1,-1,-1
486,74,863.10,427.98,59.44,264.53,0.3527,-1,-1,-1
486,117,1198.69,418.10,161.60,592.24,0.8392,-1,-1,-1
486,89,800.98,437.63,94.74,288.50,0.6470,-1,-1,-1
486,85,863.20,427.99,59.36,264.52,0.3527,-1,-1,-1
486,99,1847.21,413.35,71.57,237.91,0.2063,-1,-1,-1
486,92,633.23,433.93,117.80,262.51,0.8089,-1,-1,-1
486,119,633.18,434.01,117.76,262.40,0.8089,-1,-1,-1
486,101,800.93,437.54,94.80,288.62,0.6470,-1,-1,-1
486,124,1090.90,437.12,51.24,157.75,0.2433,-1,-1,-1
486,120,354.04,476.07,109.75,190.67,0.2465,-1,-1,-1
486,126,1339.41,420.77,104.78,529.05,0.4925,-1,-1,-1
486,127,911.78,440.90,94.31,240.32,0.7574,-1,-1,-1
487,105,-0.37,599.05,94.80,379.97,0.3363,-1,-1,-1
487,106,1592.82,417.84,169.17,421.96,0.8645,-1,-1,-1
487,3,1359.70,395.78,286.28,678.00,0.8948,-1,-1,-1
487,112,1201.96,417.42,174.99,594.38,0.8289,-1,-1,-1
487,74,864.65,430.61,60.11,265.28,0.4551,-1,-1,-1
487,117,1201.93,417.48,174.60,593.72,0.8289,-1,-1,-1
487,89,803.32,437.76,93.50,286.13,0.5647,-1,-1,-1
487,85,864.73,430.62,60.05,265.28,0.4551,-1,-1,-1
487,99,1852.78,424.31,66.55,227.33,0.2073,-1,-1,-1
487,92,634.09,434.05,124.82,261.80,0.7655,-1,-1,-1
487,119,634.04,434.11,124.78,261.70,0.7655,-1,-1,-1
487,101,803.27,437.69,93.55,286.24,0.5647,-1,-1,-1
487,124,1091.83,433.90,59.06,160.12,0.2063,-1,-1,-1
487,120,351.40,475.74,107.27,196.50,0.3922,-1,-1,-1
487,126,1344.72,422.13,106.16,509.91,0.6087,-1,-1,-1
487,127,916.36,441.34,91.74,239.83,0.7338,-1,-1,-1
488,105,-0.20,645.50,70.42,318.22,0.6049,-1,-1,-1
488,106,1599.55,419.75,164.25,420.03,0.8639,-1,-1,-1
488,3,1359.89,398.97,291.66,674.52,0.8676,-1,-1,-1
488,112,1203.67,418.25,180.72,592.80,0.8379,-1,-1,-1
488,74,851.39,435.29,77.63,282.29,0.3273,-1,-1,-1
488,117,1203.73,418.38,180.56,592.36,0.8379,-1,-1,-1
488,89,802.31,438.79,116.63,287.39,0.5610,-1,-1,-1
488,99,1856.37,403.15,63.07,247.63,0.1621,-1,-1,-1
488,92,636.44,433.74,126.08,261.68,0.7683,-1,-1,-1
488,119,636.39,433.80,126.04,261.60,0.7683,-1,-1,-1
488,101,802.27,438.72,116.66,287.49,0.5610,-1,-1,-1
488,120,346.36,474.64,108.04,201.54,0.2496,-1,-1,-1
488,126,1349.40,422.96,105.41,500.49,0.5529,-1,-1,-1
488,127,920.10,446.92,89.62,234.39,0.5857,-1,-1,-1
489,106,1607.88,414.06,157.61,426.89,0.8598,-1,-1,-1
489,3,1361.07,394.63,293.16,677.67,0.8516,-1,-1,-1
489,112,1205.26,418.85,183.36,592.07,0.8518,-1,-1,-1
489,74,846.20,436.70,88.01,289.25,0.4787,-1,-1,-1
489,117,1205.35,418.99,183.30,591.74,0.8518,-1,-1,-1
489,89,800.32,439.35,132.06,287.83,0.4482,-1,-1,-1
489,99,1856.91,394.79,62.50,255.72,0.1746,-1,-1,-1
489,92,640.38,435.43,125.64,260.22,0.7938,-1,-1,-1
489,119,640.35,435.48,125.60,260.14,0.7938,-1,-1,-1
489,101,828.77,437.00,103.81,291.23,0.4787,-1,-1,-1
489,120,338.63,458.75,102.34,218.59,0.4983,-1,-1,-1
489,126,1351.62,424.52,108.40,477.38,0.6083,-1,-1,-1
489,127,923.05,440.62,89.28,240.74,0.6347,-1,-1,-1
489,128,-0.34,532.65,61.97,117.95,0.3507,-1,-1,-1
490,106,1615.68,412.00,151.53,431.78,0.8536,-1,-1,-1
490,3,1364.61,394.96,275.45,675.61,0.7944,-1,-1,-1
490,112,1205.96,418.47,186.50,592.52,0.8487,-1,-1,-1
490,74,836.82,441.21,100.11,286.88,0.5998,-1,-1,-1
490,117,1206.06,418.60,186.48,592.26,0.8487,-1,-1,-1
490,89,820.87,441.39,117.74,286.16,0.5998,-1,-1,-1
490,99,1855.06,413.17,64.30,238.41,0.1512,-1,-1,-1
490,92,642.54,435.71,125.35,261.39,0.8585,-1,-1,-1
490,119,642.51,435.75,125.32,261.32,0.8585,-1,-1,-1
490,101,810.78,445.24,129.13,282.59,0.2807,-1,-1,-1
490,120,327.89,454.27,102.06,225.77,0.2138,-1,-1,-1
490,126,1355.27,422.49,111.50,471.54,0.5980,-1,-1,-1
490,127,932.22,439.46,82.04,241.08,0.5993,-1,-1,-1
490,128,-0.48,543.35,52.58,111.27,0.4782,-1,-1,-1
491,106,1620.81,409.64,135.23,433.07,0.8184,-1,-1,-1
491,3,1365.96,397.00,264.68,671.04,0.6752,-1,-1,-1
491,112,1206.86,418.65,187.35,592.66,0.8658,-1,-1,-1
491,74,836.13,442.47,104.62,287.29,0.5840,-1,-1,-1
491,117,1206.96,418.77,187.34,592.43,0.8658,-1,-1,-1
491,89,811.01,446.63,132.38,280.79,0.3496,-1,-1,-1
491,92,645.74,435.80,123.87,262.95,0.8539,-1,-1,-1
491,119,645.71,435.84,123.84,262.89,0.8539,-1,-1,-1
491,101,807.93,448.05,136.28,279.49,0.3496,-1,-1,-1
491,120,318.06,480.03,105.93,206.69,0.5207,-1,-1,-1
491,126,1361.32,420.71,113.18,469.56,0.5516,-1,-1,-1
491,127,943.15,436.63,74.63,242.82,0.6166,-1,-1,-1
491,128,-0.21,554.28,41.91,87.82,0.3153,-1,-1,-1
492,106,1632.71,408.83,125.17,437.87,0.7919,-1,-1,-1
492,3,1389.08,394.53,292.51,672.56,0.4680,-1,-1,-1
492,112,1206.65,418.23,192.88,593.14,0.8590,-1,-1,-1
492,117,1206.73,418.34,192.88,592.95,0.8590,-1,-1,-1
492,89,810.85,445.75,137.51,280.51,0.7649,-1,-1,-1
492,92,646.91,435.96,124.95,264.29,0.8329,-1,-1,-1
492,119,646.88,435.99,124.93,264.24,0.8329,-1,-1,-1
492,101,809.53,446.24,139.15,280.06,0.7649,-1,-1,-1
492,120,313.93,482.16,100.41,204.92,0.6389,-1,-1,-1
492,126,1366.17,413.89,122.50,465.83,0.3208,-1,-1,-1
492,127,951.40,436.42,73.95,242.88,0.7023,-1,-1,-1
492,128,0.17,561.55,32.88,83.16,0.3954,-1,-1,-1
493,106,1636.64,409.27,131.70,440.01,0.7193,-1,-1,-1
493,3,1403.39,391.58,277.33,670.93,0.3575,-1,-1,-1
493,112,1206.65,420.61,195.06,590.83,0.8654,-1,-1,-1
493,117,1206.73,420.71,195.06,590.65,0.8654,-1,-1,-1
493,89,810.96,445.48,140.77,279.66,0.7627,-1,-1,-1
493,92,652.48,438.93,119.61,261.87,0.7403,-1,-1,-1
493,119,651.01,439.56,121.11,260.76,0.3501,-1,-1,-1
493,101,810.39,445.62,141.47,279.54,0.7627,-1,-1,-1
493,120,306.02,486.96,102.82,199.19,0.5480,-1,-1,-1
493,126,1372.11,412.00,124.63,469.35,0.5053,-1,-1,-1
493,127,955.68,437.15,75.75,242.77,0.7789,-1,-1,-1
493,128,0.17,572.43,24.24,67.65,0.1569,-1,-1,-1
494,106,1637.53,409.91,132.61,412.09,0.7680,-1,-1,-1
494,3,1388.95,387.06,291.68,670.15,0.4978,-1,-1,-1
494,112,1207.62,421.66,202.34,588.94,0.8717,-1,-1,-1
494,117,1207.69,421.75,202.34,588.79,0.8717,-1,-1,-1
494,89,811.24,445.97,143.43,279.94,0.7882,-1,-1,-1
494,92,655.33,440.07,117.48,260.70,0.8471,-1,-1,-1
494,119,654.78,440.32,118.05,260.26,0.8471,-1,-1,-1
494,101,810.99,445.99,143.74,279.93,0.7882,-1,-1,-1
494,120,298.34,476.35,106.15,205.49,0.2687,-1,-1,-1
494,126,1377.02,411.55,124.93,475.27,0.6387,-1,-1,-1
494,127,956.09,439.22,78.19,241.35,0.7424,-1,-1,-1
495,106,1640.00,406.05,153.22,440.14,0.7893,-1,-1,-1
495,3,1388.30,383.32,289.04,674.16,0.4857,-1,-1,-1
495,112,1209.18,421.71,208.48,589.27,0.8521,-1,-1,-1
495,117,1209.25,421.79,208.48,589.14,0.8521,-1,-1,-1
495,89,817.49,444.22,138.52,281.56,0.7489,-1,-1,-1
495,92,654.84,439.25,119.12,261.52,0.8528,-1,-1,-1
495,119,654.63,439.35,119.31,261.34,0.8528,-1,-1,-1
495,101,817.37,444.20,138.68,281.59,0.7489,-1,-1,-1
495,120,297.78,466.46,99.40,216.26,0.2491,-1,-1,-1
495,126,1381.09,410.78,123.49,489.03,0.5459,-1,-1,-1
495,127,959.23,439.69,86.96,241.45,0.6743,-1,-1,-1
496,106,1641.52,403.89,171.72,454.39,0.3387,-1,-1,-1
496,3,1393.70,379.87,284.01,676.63,0.5518,-1,-1,-1
496,112,1209.98,420.12,214.36,591.19,0.8679,-1,-1,-1
496,117,1210.04,420.19,214.37,591.08,0.8679,-1,-1,-1
496,89,821.40,442.20,136.16,284.92,0.7660,-1,-1,-1
496,92,657.80,438.28,114.82,263.16,0.8576,-1,-1,-1
496,119,657.72,438.33,114.87,263.08,0.8576,-1,-1,-1
496,101,821.34,442.16,136.25,284.96,0.7660,-1,-1,-1
496,120,291.56,459.63,93.61,225.98,0.3317,-1,-1,-1
496,126,1383.43,413.63,123.08,528.55,0.6872,-1,-1,-1
496,127,961.87,439.52,99.29,242.26,0.7729,-1,-1,-1
497,106,1646.01,405.07,160.34,469.48,0.8696,-1,-1,-1
497,3,1398.44,377.61,290.64,690.00,0.7418,-1,-1,-1
497,112,1210.96,419.66,220.07,591.32,0.8983,-1,-1,-1
497,117,1211.02,419.72,220.07,591.22,0.8983,-1,-1,-1
497,89,827.24,443.36,130.37,285.24,0.8057,-1,-1,-1
497,92,664.59,435.14,107.07,267.36,0.8509,-1,-1,-1
497,119,664.57,435.16,107.07,267.32,0.8509,-1,-1,-1
497,101,827.20,443.32,130.44,285.28,0.8057,-1,-1,-1
497,120,263.17,466.67,109.88,225.95,0.5656,-1,-1,-1
497,126,1390.38,418.47,127.41,485.16,0.7463,-1,-1,-1
497,127,963.81,441.64,108.37,239.79,0.8026,-1,-1,-1
498,106,1651.13,408.69,158.71,470.45,0.8147,-1,-1,-1
498,3,1411.25,376.32,280.90,693.13,0.7064,-1,-1,-1
498,112,1214.38,417.39,221.02,593.61,0.8905,-1,-1,-1
498,117,1214.43,417.44,221.02,593.52,0.8905,-1,-1,-1
498,89,835.12,444.05,122.23,283.61,0.7657,-1,-1,-1
498,92,671.06,433.18,99.99,269.89,0.8484,-1,-1,-1
498,119,671.06,433.20,99.97,269.86,0.8484,-1,-1,-1
498,101,835.09,444.01,122.28,283.65,0.7657,-1,-1,-1
498,120,255.98,474.44,111.38,224.42,0.5937,-1,-1,-1
498,126,1393.14,414.79,132.87,514.50,0.6590,-1,-1,-1
498,127,967.51,440.68,112.43,240.97,0.8056,-1,-1,-1
499,106,1656.62,408.20,186.25,471.01,0.8933,-1,-1,-1
499,3,1423.43,376.93,272.97,694.08,0.7374,-1,-1,-1
499,112,1221.13,414.86,215.07,596.47,0.8877,-1,-1,-1
499,117,1221.18,414.91,215.07,596.40,0.8877,-1,-1,-1
499,89,850.60,443.53,108.38,284.38,0.7889,-1,-1,-1
499,92,674.81,435.62,96.66,266.69,0.8365,-1,-1,-1
499,119,674.81,435.63,96.64,266.67,0.8365,-1,-1,-1
499,101,850.57,443.50,108.43,284.42,0.7889,-1,-1,-1
499,120,243.50,480.34,111.24,221.97,0.6953,-1,-1,-1
499,126,1394.27,409.81,139.75,530.63,0.6363,-1,-1,-1
499,127,970.36,440.95,118.24,242.12,0.7792,-1,-1,-1
499,133,572.53,445.86,31.27,86.37,0.3440,-1,-1,-1
500,106,1663.22,412.79,198.66,472.18,0.8844,-1,-1,-1
500,3,1443.71,378.85,261.35,685.01,0.6696,-1,-1,-1
500,112,1228.63,415.77,209.54,596.04,0.8399,-1,-1,-1
500,117,1228.67,415.81,209.54,595.97,0.8399,-1,-1,-1
500,89,855.28,440.61,105.45,284.88,0.7231,-1,-1,-1
500,92,677.28,434.28,94.86,267.99,0.8296,-1,-1,-1
500,119,677.29,434.29,94.84,267.98,0.8296,-1,-1,-1
500,101,855.26,440.58,105.49,284.91,0.7231,-1,-1,-1
500,120,237.13,480.99,103.89,223.09,0.7499,-1,-1,-1
500,126,1395.92,410.27,148.56,538.20,0.7141,-1,-1,-1
500,127,971.09,443.34,119.85,240.18,0.7924,-1,-1,-1
500,133,574.81,445.73,28.98,86.84,0.2496,-1,-1,-1
501,106,1673.75,415.22,214.50,473.97,0.8907,-1,-1,-1
501,3,1475.17,376.60,235.45,608.15,0.5805,-1,-1,-1
501,112,1240.32,415.36,204.31,598.45,0.8266,-1,-1,-1
501,117,1240.35,415.40,204.31,598.39,0.8266,-1,-1,-1
501,89,857.82,438.67,105.65,286.12,0.7522,-1,-1,-1
501,92,682.37,433.76,91.31,267.94,0.7927,-1,-1,-1
501,119,682.38,433.77,91.29,267.93,0.7927,-1,-1,-1
501,101,857.81,438.65,105.68,286.15,0.7522,-1,-1,-1
501,120,225.84,481.10,106.55,223.24,0.6808,-1,-1,-1
501,126,1394.89,408.23,151.09,548.15,0.1928,-1,-1,-1
501,127,970.13,451.28,120.09,232.12,0.8151,-1,-1,-1
501,133,578.05,447.08,25.70,86.36,0.2094,-1,-1,-1
502,106,1684.29,413.83,217.05,476.86,0.9131,-1,-1,-1
502,3,1493.44,378.17,228.78,659.80,0.6486,-1,-1,-1
502,112,1252.25,417.13,197.85,596.32,0.8566,-1,-1,-1
502,117,1252.28,417.16,197.85,596.27,0.8566,-1,-1,-1
502,89,860.34,439.17,107.26,286.48,0.7111,-1,-1,-1
502,92,691.51,435.04,84.10,266.16,0.7638,-1,-1,-1
502,119,691.52,435.05,84.09,266.15,0.7638,-1,-1,-1
502,101,860.32,439.14,107.29,286.51,0.7111,-1,-1,-1
502,120,217.92,483.60,108.28,222.70,0.6973,-1,-1,-1
502,126,1392.42,408.48,158.45,554.54,0.7181,-1,-1,-1
502,127,972.02,451.48,117.01,231.70,0.8081,-1,-1,-1
502,133,572.74,449.86,27.07,83.17,0.3058,-1,-1,-1
503,106,1692.90,412.69,216.35,482.65,0.9027,-1,-1,-1
503,3,1507.87,375.42,218.58,679.67,0.7940,-1,-1,-1
503,112,1271.72,413.71,183.26,601.19,0.2126,-1,-1,-1
503,117,1272.32,416.82,182.30,601.00,0.8256,-1,-1,-1
503,89,864.94,439.34,107.73,287.14,0.7581,-1,-1,-1
503,92,691.89,434.17,86.95,267.11,0.7808,-1,-1,-1
503,119,691.90,434.18,86.94,267.10,0.7808,-1,-1,-1
503,101,864.93,439.31,107.75,287.16,0.7581,-1,-1,-1
503,120,208.20,484.46,111.17,231.38,0.6644,-1,-1,-1
503,126,1390.99,410.05,164.40,556.98,0.6125,-1,-1,-1
503,127,978.37,447.84,110.30,235.27,0.7643,-1,-1,-1
503,133,570.90,447.80,27.97,85.91,0.3580,-1,-1,-1
504,106,1701.29,412.04,215.19,492.82,0.8735,-1,-1,-1
504,3,1517.24,372.53,220.13,690.74,0.8048,-1,-1,-1
504,112,1290.80,412.10,170.30,605.87,0.4953,-1,-1,-1
504,117,1289.88,416.53,170.15,603.96,0.7687,-1,-1,-1
504,89,874.26,440.17,104.94,285.16,0.5818,-1,-1,-1
504,92,693.53,434.66,87.37,266.57,0.7798,-1,-1,-1
504,119,693.53,434.66,87.36,266.57,0.7798,-1,-1,-1
504,101,874.25,440.15,104.96,285.18,0.5818,-1,-1,-1
504,120,192.78,482.50,114.44,235.73,0.7344,-1,-1,-1
504,126,1395.24,410.78,164.64,555.50,0.6950,-1,-1,-1
504,127,987.64,445.87,98.18,237.93,0.6934,-1,-1,-1
504,133,570.13,447.44,28.52,86.99,0.4092,-1,-1,-1
505,106,1710.68,410.14,209.83,499.17,0.8550,-1,-1,-1
505,3,1523.47,372.08,224.14,698.21,0.8556,-1,-1,-1
505,112,1301.79,411.05,166.13,612.08,0.8157,-1,-1,-1
505,117,1301.48,412.73,166.08,611.34,0.8157,-1,-1,-1
505,89,883.36,442.00,112.60,280.46,0.6607,-1,-1,-1
505,92,694.35,435.92,90.03,265.59,0.8496,-1,-1,-1
505,119,694.35,435.92,90.02,265.58,0.8496,-1,-1,-1
505,101,883.35,441.99,112.61,280.48,0.6607,-1,-1,-1
505,120,180.65,482.14,114.14,239.46,0.7399,-1,-1,-1
505,126,1406.71,421.67,157.77,543.81,0.6530,-1,-1,-1
505,127,998.72,454.56,88.19,228.81,0.7615,-1,-1,-1
505,133,570.23,449.22,28.75,85.38,0.3914,-1,-1,-1
505,74,865.49,428.00,62.58,277.57,0.4603,-1,-1,-1
506,106,1721.45,405.47,202.23,506.11,0.9050,-1,-1,-1
506,3,1527.94,371.79,222.54,700.95,0.8208,-1,-1,-1
506,112,1309.30,412.38,164.33,621.38,0.7058,-1,-1,-1
506,117,1309.20,413.00,164.32,621.08,0.7058,-1,-1,-1
506,89,894.21,450.33,116.00,273.01,0.6869,-1,-1,-1
506,92,699.53,435.06,89.78,266.39,0.8061,-1,-1,-1
506,119,699.53,435.07,89.77,266.38,0.8061,-1,-1,-1
506,101,894.20,450.31,116.02,273.02,0.6869,-1,-1,-1
506,120,167.59,483.72,113.32,238.55,0.7445,-1,-1,-1
506,126,1430.97,423.01,136.71,536.79,0.7033,-1,-1,-1
506,127,1009.97,461.12,79.33,221.74,0.7537,-1,-1,-1
506,133,569.96,448.75,29.31,85.23,0.4331,-1,-1,-1
506,74,868.03,417.74,69.11,284.10,0.6647,-1,-1,-1
507,106,1733.48,402.27,190.65,509.65,0.9084,-1,-1,-1
507,3,1531.59,373.71,221.64,700.48,0.8069,-1,-1,-1
507,112,1313.86,416.08,165.78,628.05,0.6191,-1,-1,-1
507,117,1314.90,413.95,162.51,628.39,0.7856,-1,-1,-1
507,89,900.10,452.46,118.79,269.46,0.7746,-1,-1,-1
507,92,702.81,434.88,94.10,265.81,0.8100,-1,-1,-1
507,119,702.81,434.88,94.10,265.81,0.8100,-1,-1,-1
507,101,900.10,452.45,118.80,269.47,0.7746,-1,-1,-1
507,120,152.37,482.32,116.14,242.06,0.7785,-1,-1,-1
507,126,1444.78,419.74,125.32,541.15,0.6944,-1,-1,-1
507,127,1017.81,453.55,83.25,227.87,0.4006,-1,-1,-1
507,133,570.09,447.79,29.26,86.08,0.4340,-1,-1,-1
507,74,869.17,415.14,68.94,285.62,0.7105,-1,-1,-1
508,106,1742.26,399.47,180.28,512.92,0.8822,-1,-1,-1
508,3,1530.97,373.82,228.96,700.17,0.8077,-1,-1,-1
508,112,1319.81,415.33,179.10,636.54,0.2338,-1,-1,-1
508,117,1320.07,415.24,178.15,636.27,0.4116,-1,-1,-1
508,89,900.98,452.33,130.01,269.76,0.7822,-1,-1,-1
508,92,712.55,436.22,91.12,263.37,0.7984,-1,-1,-1
508,119,712.55,436.22,91.11,263.37,0.7984,-1,-1,-1
508,101,900.97,452.32,130.02,269.77,0.7822,-1,-1,-1
508,120,138.34,482.55,120.70,242.04,0.7613,-1,-1,-1
508,126,1453.21,415.36,121.18,538.61,0.7513,-1,-1,-1
508,127,1025.57,450.32,78.96,229.80,0.4443,-1,-1,-1
508,133,569.21,447.50,30.07,87.30,0.4508,-1,-1,-1
508,74,869.87,414.66,70.42,284.01,0.6835,-1,-1,-1
509,106,1752.80,397.58,169.33,513.00,0.8556,-1,-1,-1
509,3,1533.49,374.22,227.07,697.93,0.7535,-1,-1,-1
509,112,1325.12,415.10,198.51,642.69,0.4674,-1,-1,-1
509,117,1325.24,415.05,198.11,642.58,0.4674,-1,-1,-1
509,89,901.81,446.29,135.25,277.32,0.8070,-1,-1,-1
509,92,715.58,439.39,95.39,260.20,0.6544,-1,-1,-1
509,119,715.59,439.39,95.38,260.19,0.6544,-1,-1,-1
509,101,901.80,446.28,135.27,277.33,0.8070,-1,-1,-1
509,120,126.36,479.27,120.95,246.85,0.7504,-1,-1,-1
509,126,1461.29,409.44,119.80,560.05,0.7318,-1,-1,-1
509,127,1030.73,461.43,71.91,218.08,0.5586,-1,-1,-1
509,133,568.65,447.16,30.70,88.16,0.4584,-1,-1,-1
509,74,871.68,419.32,67.50,278.60,0.6155,-1,-1,-1
510,106,1768.44,394.42,153.30,505.01,0.8783,-1,-1,-1
510,3,1544.31,378.89,238.24,694.97,0.6078,-1,-1,-1
510,112,1327.28,414.27,216.99,644.17,0.8687,-1,-1,-1
510,117,1327.34,414.25,216.84,644.13,0.8687,-1,-1,-1
510,89,902.37,444.28,136.68,280.56,0.8001,-1,-1,-1
510,92,714.52,438.39,110.56,261.00,0.7708,-1,-1,-1
510,119,714.52,438.39,110.55,261.00,0.7708,-1,-1,-1
510,101,902.37,444.27,136.69,280.56,0.8001,-1,-1,-1
510,120,109.19,477.04,124.87,246.17,0.7156,-1,-1,-1
510,126,1469.77,406.82,122.37,572.97,0.6745,-1,-1,-1
510,127,1033.72,464.97,73.87,212.50,0.5746,-1,-1,-1
510,133,568.05,446.37,30.77,87.91,0.4278,-1,-1,-1
510,74,872.95,415.78,67.40,281.75,0.6368,-1,-1,-1
511,106,1779.24,392.35,142.29,499.40,0.3847,-1,-1,-1
511,3,1544.57,375.02,268.05,698.40,0.7472,-1,-1,-1
511,112,1327.05,414.69,232.16,645.87,0.8896,-1,-1,-1
511,117,1327.09,414.67,232.12,645.85,0.8896,-1,-1,-1
511,89,901.83,444.35,147.27,281.23,0.8009,-1,-1,-1
511,92,714.47,439.37,115.30,260.17,0.8067,-1,-1,-1
511,119,714.47,439.38,115.30,260.17,0.8067,-1,-1,-1
511,101,901.82,444.34,147.28,281.24,0.8009,-1,-1,-1
511,120,97.42,476.25,125.91,250.16,0.5872,-1,-1,-1
511,126,1474.08,407.46,120.79,568.97,0.6674,-1,-1,-1
511,127,1033.48,456.97,79.84,221.36,0.5767,-1,-1,-1
511,133,568.14,446.67,30.58,87.26,0.4621,-1,-1,-1
511,74,874.17,415.24,70.92,279.86,0.4442,-1,-1,-1
512,106,1785.17,393.75,135.86,504.21,0.8394,-1,-1,-1
512,3,1548.45,375.09,249.03,696.37,0.6673,-1,-1,-1
512,112,1325.09,417.77,240.93,644.60,0.8946,-1,-1,-1
512,117,1325.12,417.76,240.94,644.59,0.8946,-1,-1,-1
512,89,901.60,442.47,150.52,283.81,0.8075,-1,-1,-1
512,92,717.40,437.87,114.12,261.24,0.8259,-1,-1,-1
512,119,717.40,437.87,114.11,261.23,0.8259,-1,-1,-1
512,101,901.60,442.46,150.53,283.82,0.8075,-1,-1,-1
512,120,81.02,483.86,134.80,248.53,0.2458,-1,-1,-1
512,126,1475.42,410.75,121.71,553.35,0.7305,-1,-1,-1
512,127,1037.72,451.21,82.00,227.21,0.6645,-1,-1,-1
512,133,568.64,447.22,30.09,86.61,0.4596,-1,-1,-1
512,74,874.00,411.28,75.20,283.12,0.5763,-1,-1,-1
513,106,1800.67,389.60,120.25,511.59,0.7240,-1,-1,-1
513,3,1553.96,374.41,254.48,665.68,0.3836,-1,-1,-1
513,112,1323.79,420.99,248.23,645.18,0.8906,-1,-1,-1
513,117,1323.81,420.98,248.26,645.17,0.8906,-1,-1,-1
513,89,901.56,441.67,153.07,284.78,0.8078,-1,-1,-1
513,92,718.99,437.45,117.38,261.52,0.8219,-1,-1,-1
513,119,718.99,437.45,117.38,261.51,0.8219,-1,-1,-1
513,101,901.56,441.67,153.07,284.78,0.8078,-1,-1,-1
513,120,65.07,479.02,139.71,257.39,0.6760,-1,-1,-1
513,126,1480.05,413.46,119.84,552.04,0.7492,-1,-1,-1
513,127,1040.71,445.31,88.38,232.36,0.6977,-1,-1,-1
513,133,568.77,446.63,30.09,87.33,0.4891,-1,-1,-1
513,74,874.70,409.43,77.22,285.01,0.5053,-1,-1,-1
514,106,1807.79,387.75,112.89,516.06,0.8477,-1,-1,-1
514,3,1559.83,375.18,238.14,601.78,0.4745,-1,-1,-1
514,112,1323.20,421.20,252.44,646.70,0.8826,-1,-1,-1
514,117,1323.22,421.19,252.48,646.69,0.8826,-1,-1,-1
514,89,902.83,442.38,153.99,283.19,0.7453,-1,-1,-1
514,92,721.72,439.80,114.92,257.54,0.8368,-1,-1,-1
514,119,721.72,439.80,114.92,257.54,0.8368,-1,-1,-1
514,101,902.82,442.38,154.00,283.20,0.7453,-1,-1,-1
514,120,49.52,477.09,143.62,256.37,0.7069,-1,-1,-1
514,126,1485.46,416.19,117.96,538.32,0.6668,-1,-1,-1
514,127,1043.31,443.10,94.07,233.69,0.6858,-1,-1,-1
514,133,568.39,446.33,30.54,87.00,0.5464,-1,-1,-1
514,74,876.11,408.46,77.76,287.30,0.5502,-1,-1,-1
515,106,1819.87,385.10,100.61,519.71,0.7958,-1,-1,-1
515,3,1564.27,372.73,252.32,663.02,0.6115,-1,-1,-1
515,112,1323.58,419.76,254.67,648.70,0.8863,-1,-1,-1
515,117,1323.59,419.75,254.71,648.69,0.8863,-1,-1,-1
515,89,903.81,442.77,156.07,282.14,0.7832,-1,-1,-1
515,92,725.26,438.97,112.23,257.10,0.8303,-1,-1,-1
515,119,725.26,438.97,112.23,257.10,0.8303,-1,-1,-1
515,101,903.81,442.76,156.08,282.15,0.7832,-1,-1,-1
515,120,36.79,476.93,146.52,258.51,0.7638,-1,-1,-1
515,126,1489.35,416.48,122.82,528.40,0.5751,-1,-1,-1
515,127,1045.68,447.28,99.88,228.68,0.6652,-1,-1,-1
515,133,567.85,446.57,31.27,86.81,0.5193,-1,-1,-1
515,74,876.36,418.64,74.98,277.75,0.5872,-1,-1,-1
515,137,693.22,451.20,38.02,125.22,0.6219,-1,-1,-1
516,106,1825.92,384.68,94.28,527.22,0.7959,-1,-1,-1
516,3,1568.08,373.85,270.63,684.20,0.6408,-1,-1,-1
516,112,1323.81,420.50,257.57,647.66,0.8757,-1,-1,-1
516,117,1323.82,420.49,257.60,647.65,0.8757,-1,-1,-1
516,89,906.93,440.71,154.23,281.98,0.7722,-1,-1,-1
516,92,729.68,436.47,109.98,258.55,0.8281,-1,-1,-1
516,119,729.68,436.47,109.98,258.55,0.8281,-1,-1,-1
516,101,906.93,440.71,154.23,281.99,0.7722,-1,-1,-1
516,120,21.81,477.59,148.91,259.75,0.7620,-1,-1,-1
516,126,1493.63,416.86,127.48,522.51,0.4543,-1,-1,-1
516,127,1049.51,447.53,96.48,226.27,0.6284,-1,-1,-1
516,133,567.31,446.32,32.22,87.93,0.5422,-1,-1,-1
516,74,879.59,418.53,80.81,282.21,0.5847,-1,-1,-1
516,137,692.64,449.68,37.64,126.35,0.6568,-1,-1,-1
517,106,1836.08,385.02,83.87,516.63,0.7797,-1,-1,-1
517,3,1573.41,375.23,311.68,691.01,0.3283,-1,-1,-1
517,112,1324.45,421.87,261.88,645.96,0.8563,-1,-1,-1
517,117,1324.46,421.86,261.91,645.96,0.8563,-1,-1,-1
517,89,911.37,439.75,148.35,282.42,0.7654,-1,-1,-1
517,92,733.59,438.61,108.01,255.70,0.8164,-1,-1,-1
517,119,733.59,438.61,108.01,255.70,0.8164,-1,-1,-1
517,101,911.37,439.75,148.36,282.42,0.7654,-1,-1,-1
517,120,13.13,487.47,146.76,249.45,0.6824,-1,-1,-1
517,126,1500.69,414.07,129.42,505.16,0.2497,-1,-1,-1
517,127,1050.49,452.35,99.72,222.59,0.4683,-1,-1,-1
517,133,566.81,445.62,32.35,89.45,0.5108,-1,-1,-1
517,74,880.13,422.33,84.01,281.90,0.6623,-1,-1,-1
517,137,687.95,449.56,39.74,126.36,0.6095,-1,-1,-1
518,106,1842.75,386.02,77.01,512.22,0.7535,-1,-1,-1
518,3,1577.30,376.17,328.85,691.60,0.4364,-1,-1,-1
518,112,1327.24,420.49,265.42,647.40,0.8545,-1,-1,-1
518,117,1327.25,420.49,265.44,647.40,0.8545,-1,-1,-1
518,89,915.24,437.77,145.00,284.86,0.7304,-1,-1,-1
518,92,738.83,434.11,103.60,259.40,0.8586,-1,-1,-1
518,119,738.83,434.11,103.59,259.39,0.8586,-1,-1,-1
518,101,915.24,437.77,145.01,284.87,0.7304,-1,-1,-1
518,120,2.36,481.91,149.72,257.65,0.7422,-1,-1,-1
518,126,1507.17,415.38,129.86,444.54,0.1991,-1,-1,-1
518,127,1050.33,467.26,102.80,209.12,0.6248,-1,-1,-1
518,133,568.19,446.88,31.27,87.45,0.4626,-1,-1,-1
518,74,880.64,418.20,81.87,286.99,0.6359,-1,-1,-1
518,137,685.24,449.33,39.79,126.06,0.5381,-1,-1,-1
519,106,1853.85,386.43,65.72,499.77,0.5426,-1,-1,-1
519,3,1578.26,377.12,328.73,692.86,0.6622,-1,-1,-1
519,112,1330.41,420.31,265.45,647.64,0.7670,-1,-1,-1
519,117,1329.94,420.56,266.19,647.27,0.4168,-1,-1,-1
519,89,919.20,439.42,141.08,281.22,0.6317,-1,-1,-1
519,92,742.38,432.98,102.21,259.80,0.8533,-1,-1,-1
519,119,742.38,432.99,102.21,259.80,0.8533,-1,-1,-1
519,101,919.20,439.42,141.08,281.23,0.6317,-1,-1,-1
519,120,-3.51,487.23,148.73,253.21,0.6451,-1,-1,-1
519,126,1517.03,416.47,127.59,502.62,0.3031,-1,-1,-1
519,127,1051.50,465.62,102.35,211.46,0.5934,-1,-1,-1
519,133,569.14,449.63,30.58,84.77,0.4573,-1,-1,-1
519,74,880.92,428.04,79.25,273.99,0.7328,-1,-1,-1
519,137,680.88,448.54,42.73,125.99,0.6547,-1,-1,-1
520,106,1866.63,393.02,52.83,483.44,0.6021,-1,-1,-1
520,3,1580.95,378.24,317.82,693.22,0.5122,-1,-1,-1
520,112,1334.90,418.03,260.08,650.26,0.8180,-1,-1,-1
520,117,1334.72,418.12,260.39,650.12,0.8180,-1,-1,-1
520,89,929.44,442.37,134.71,277.69,0.3404,-1,-1,-1
520,92,747.57,431.28,97.33,259.75,0.8186,-1,-1,-1
520,119,747.57,431.28,97.33,259.75,0.8186,-1,-1,-1
520,101,929.44,442.37,134.72,277.69,0.3404,-1,-1,-1
520,120,-5.14,482.17,147.10,263.86,0.5842,-1,-1,-1
520,126,1528.50,425.25,125.95,509.75,0.2222,-1,-1,-1
520,127,1051.27,463.72,102.67,213.82,0.6903,-1,-1,-1
520,133,569.84,449.97,30.10,84.76,0.4399,-1,-1,-1
520,74,881.83,434.41,77.69,265.80,0.7764,-1,-1,-1
520,137,679.95,448.66,43.20,124.23,0.6819,-1,-1,-1
521,106,1867.01,388.33,52.40,459.76,0.3680,-1,-1,-1
521,3,1581.24,377.47,332.81,692.66,0.6760,-1,-1,-1
521,112,1338.31,417.62,254.74,650.09,0.8569,-1,-1,-1
521,117,1338.25,417.65,254.86,650.04,0.8569,-1,-1,-1
521,89,943.45,443.93,124.04,275.65,0.6064,-1,-1,-1
521,92,754.02,431.90,91.66,259.57,0.7850,-1,-1,-1
521,119,754.02,431.90,91.66,259.57,0.7850,-1,-1,-1
521,101,934.74,444.86,131.71,274.75,0.2715,-1,-1,-1
521,120,-5.19,480.77,134.23,266.58,0.5353,-1,-1,-1
521,126,1531.58,425.45,125.40,516.98,0.2780,-1,-1,-1
521,127,1053.35,447.29,100.43,230.21,0.6236,-1,-1,-1
521,133,570.32,452.64,29.74,81.29,0.4577,-1,-1,-1
521,74,882.09,433.68,79.73,266.59,0.7493,-1,-1,-1
521,137,679.34,450.21,42.02,123.30,0.6255,-1,-1,-1
522,3,1605.03,377.36,311.28,611.74,0.6192,-1,-1,-1
522,112,1343.81,414.70,254.73,653.47,0.8472,-1,-1,-1
522,117,1343.79,414.71,254.79,653.45,0.8472,-1,-1,-1
522,89,951.98,441.56,120.97,277.23,0.7249,-1,-1,-1
522,92,763.71,432.86,82.92,255.53,0.8126,-1,-1,-1
522,119,763.71,432.86,82.92,255.53,0.8126,-1,-1,-1
522,101,948.72,441.90,123.82,276.90,0.7249,-1,-1,-1
522,120,-4.12,478.41,115.25,273.17,0.5735,-1,-1,-1
522,126,1531.54,422.08,134.71,527.78,0.1774,-1,-1,-1
522,127,1055.05,444.58,98.24,232.88,0.7344,-1,-1,-1
522,133,571.20,454.10,29.07,79.53,0.4112,-1,-1,-1
522,74,880.50,433.66,83.59,266.74,0.7475,-1,-1,-1
522,137,677.93,449.09,42.87,124.90,0.6909,-1,-1,-1
523,3,1592.31,375.44,330.32,666.81,0.6805,-1,-1,-1
523,112,1352.47,412.52,248.09,655.30,0.8112,-1,-1,-1
523,117,1352.47,412.52,248.11,655.29,0.8112,-1,-1,-1
523,89,955.05,440.33,114.87,280.07,0.7615,-1,-1,-1
523,92,765.93,432.55,86.05,255.67,0.1659,-1,-1,-1
523,119,764.75,432.79,86.73,255.96,0.5170,-1,-1,-1
523,101,953.93,440.45,115.81,279.95,0.7615,-1,-1,-1
523,120,-3.26,502.93,108.11,255.01,0.4743,-1,-1,-1
523,126,1538.31,416.43,147.34,544.96,0.3252,-1,-1,-1
523,127,1056.38,451.23,97.93,226.25,0.7046,-1,-1,-1
523,133,571.53,454.07,28.97,80.03,0.3985,-1,-1,-1
523,74,881.77,424.04,87.33,276.82,0.7431,-1,-1,-1
523,137,676.22,448.71,43.78,125.81,0.6901,-1,-1,-1
524,3,1590.57,373.36,334.27,686.03,0.8367,-1,-1,-1
524,112,1364.63,411.48,239.25,654.65,0.7874,-1,-1,-1
524,117,1364.63,411.48,239.27,654.65,0.7874,-1,-1,-1
524,89,966.97,442.18,104.31,276.70,0.6790,-1,-1,-1
524,92,768.69,430.80,87.47,257.91,0.8384,-1,-1,-1
524,119,768.26,430.89,87.72,258.02,0.8384,-1,-1,-1
524,101,966.67,442.22,104.55,276.66,0.6790,-1,-1,-1
524,120,-2.75,518.80,80.06,243.25,0.2348,-1,-1,-1
524,126,1546.99,414.83,148.07,560.47,0.3674,-1,-1,-1
524,127,1060.47,453.57,94.73,223.90,0.7162,-1,-1,-1
524,133,572.32,454.11,29.56,81.29,0.4110,-1,-1,-1
524,74,882.28,420.48,91.46,281.77,0.7416,-1,-1,-1
524,137,674.87,449.21,44.10,124.06,0.7032,-1,-1,-1
525,3,1591.85,368.96,333.40,698.51,0.7452,-1,-1,-1
525,112,1382.10,411.66,225.06,655.39,0.7999,-1,-1,-1
525,117,1382.11,411.65,225.07,655.39,0.7999,-1,-1,-1
525,89,972.92,444.36,98.44,275.69,0.6726,-1,-1,-1
525,92,768.38,430.47,91.05,258.69,0.8543,-1,-1,-1
525,119,768.22,430.50,91.14,258.73,0.8543,-1,-1,-1
525,101,972.88,444.37,98.47,275.68,0.6726,-1,-1,-1
525,120,-1.07,514.93,79.16,238.48,0.4368,-1,-1,-1
525,126,1545.36,413.08,158.95,570.91,0.6319,-1,-1,-1
525,127,1061.69,459.27,96.40,219.21,0.7310,-1,-1,-1
525,133,572.59,452.60,30.08,81.91,0.4289,-1,-1,-1
525,74,887.17,414.25,91.79,289.47,0.7260,-1,-1,-1
525,137,673.77,451.56,43.69,120.75,0.6871,-1,-1,-1
526,3,1596.06,361.40,328.39,708.45,0.8457,-1,-1,-1
526,112,1400.58,411.40,212.89,655.64,0.7691,-1,-1,-1
526,117,1400.59,411.39,212.90,655.64,0.7691,-1,-1,-1
526,89,985.49,445.75,85.49,277.34,0.6761,-1,-1,-1
526,92,768.37,434.53,94.31,254.22,0.8362,-1,-1,-1
526,119,768.31,434.54,94.34,254.23,0.8362,-1,-1,-1
526,101,985.55,445.75,85.43,277.34,0.6761,-1,-1,-1
526,120,-1.28,520.97,71.67,208.55,0.2762,-1,-1,-1
526,126,1549.65,411.20,160.06,581.01,0.6130,-1,-1,-1
526,127,1064.55,462.83,97.17,214.94,0.6772,-1,-1,-1
526,133,572.41,451.59,30.85,82.21,0.3958,-1,-1,-1
526,74,894.38,410.93,86.90,295.33,0.7304,-1,-1,-1
526,137,672.84,452.44,44.06,118.28,0.6595,-1,-1,-1
526,140,716.39,448.97,33.96,91.12,0.4260,-1,-1,-1
527,3,1596.79,362.89,326.04,707.53,0.7225,-1,-1,-1
527,112,1422.19,412.13,198.59,655.37,0.8150,-1,-1,-1
527,117,1422.20,412.12,198.60,655.37,0.8150,-1,-1,-1
527,89,992.26,448.34,82.21,276.01,0.7433,-1,-1,-1
527,92,770.76,436.25,103.00,252.89,0.7898,-1,-1,-1
527,119,770.74,436.26,103.01,252.90,0.7898,-1,-1,-1
527,101,992.32,448.33,82.16,276.02,0.7433,-1,-1,-1
527,120,-1.08,538.58,63.57,154.80,0.1710,-1,-1,-1
527,126,1561.21,410.96,155.87,584.28,0.7537,-1,-1,-1
527,127,1069.16,459.22,97.78,217.67,0.7038,-1,-1,-1
527,133,572.46,450.94,30.65,82.19,0.3912,-1,-1,-1
527,74,899.58,408.03,83.76,298.63,0.7858,-1,-1,-1
527,137,669.19,453.47,47.14,117.52,0.5732,-1,-1,-1
527,140,716.13,448.81,34.00,90.91,0.4746,-1,-1,-1
528,3,1599.91,380.17,323.41,691.83,0.7460,-1,-1,-1
528,112,1437.06,412.72,188.25,655.39,0.7765,-1,-1,-1
528,117,1437.07,412.71,188.26,655.39,0.7765,-1,-1,-1
528,89,995.62,447.44,83.59,279.45,0.7211,-1,-1,-1
528,92,779.05,438.11,101.07,249.68,0.7182,-1,-1,-1
528,119,779.05,438.11,101.07,249.68,0.7182,-1,-1,-1
528,101,995.67,447.44,83.55,279.46,0.7211,-1,-1,-1
528,120,-0.99,547.49,53.06,107.55,0.2234,-1,-1,-1
528,126,1568.93,412.04,161.63,585.69,0.7388,-1,-1,-1
528,127,1075.35,453.72,92.01,222.34,0.7194,-1,-1,-1
528,133,572.79,450.94,31.06,82.93,0.3613,-1,-1,-1
528,74,904.46,410.55,80.75,296.55,0.7429,-1,-1,-1
528,137,668.57,454.73,47.54,115.31,0.6433,-1,-1,-1
528,140,714.94,450.31,30.77,88.56,0.4185,-1,-1,-1
529,3,1664.14,381.49,258.92,604.81,0.5677,-1,-1,-1
529,112,1445.44,412.54,182.61,655.63,0.8399,-1,-1,-1
529,117,1445.44,412.53,182.61,655.64,0.8399,-1,-1,-1
529,89,998.81,445.15,89.89,280.35,0.6612,-1,-1,-1
529,92,779.98,437.61,119.06,250.74,0.7405,-1,-1,-1
529,119,779.99,437.61,119.06,250.74,0.7405,-1,-1,-1
529,101,998.86,445.15,89.87,280.36,0.6612,-1,-1,-1
529,120,-0.62,548.83,40.52,99.78,0.2518,-1,-1,-1
529,126,1576.42,412.42,164.00,589.77,0.7790,-1,-1,-1
529,127,1083.33,450.52,80.60,224.12,0.5994,-1,-1,-1
529,133,572.72,450.39,31.53,83.66,0.4302,-1,-1,-1
529,74,912.49,408.01,74.50,298.15,0.8021,-1,-1,-1
529,137,667.77,454.29,48.38,116.45,0.4808,-1,-1,-1
529,140,717.79,450.65,29.89,88.80,0.3531,-1,-1,-1
530,3,1694.80,369.70,227.34,578.61,0.5786,-1,-1,-1
530,112,1451.19,411.78,179.24,656.64,0.8374,-1,-1,-1
530,117,1451.19,411.78,179.24,656.64,0.8374,-1,-1,-1
530,89,1002.49,440.74,93.50,280.97,0.7757,-1,-1,-1
530,92,785.51,436.69,117.81,250.89,0.8003,-1,-1,-1
530,119,785.52,436.69,117.81,250.88,0.8003,-1,-1,-1
530,101,1002.53,440.73,93.48,280.98,0.7757,-1,-1,-1
530,126,1578.10,412.19,166.58,595.00,0.7309,-1,-1,-1
530,127,1091.25,447.51,72.42,227.35,0.6539,-1,-1,-1
530,133,572.69,449.48,31.62,85.27,0.4323,-1,-1,-1
530,74,917.30,405.51,72.36,299.98,0.8276,-1,-1,-1
530,137,666.22,454.14,47.05,116.30,0.6667,-1,-1,-1
530,140,719.27,450.52,29.03,88.66,0.3015,-1,-1,-1
530,141,1575.77,411.24,173.33,609.29,0.6064,-1,-1,-1
531,3,1708.21,364.10,213.25,575.32,0.4614,-1,-1,-1
531,112,1453.47,411.39,186.35,655.76,0.8500,-1,-1,-1
531,117,1453.47,411.38,186.36,655.76,0.8500,-1,-1,-1
531,89,1006.44,444.98,99.26,275.11,0.7050,-1,-1,-1
531,92,785.49,435.69,117.79,251.86,0.8269,-1,-1,-1
531,119,785.50,435.69,117.78,251.86,0.8269,-1,-1,-1
531,101,1006.48,444.97,99.25,275.11,0.7050,-1,-1,-1
531,126,1583.42,414.25,165.12,597.73,0.6997,-1,-1,-1
531,127,1094.10,445.99,72.75,230.30,0.5918,-1,-1,-1
531,133,572.33,448.85,32.07,86.99,0.4654,-1,-1,-1
531,74,920.22,405.03,72.11,300.21,0.8197,-1,-1,-1
531,137,666.66,453.79,44.09,115.16,0.6753,-1,-1,-1
531,140,720.34,450.74,27.59,89.01,0.2238,-1,-1,-1
531,141,1581.83,414.47,165.47,599.63,0.6997,-1,-1,-1
532,3,1665.27,364.71,256.12,661.57,0.8224,-1,-1,-1
532,112,1456.21,410.82,199.90,656.16,0.8420,-1,-1,-1
532,117,1456.21,410.82,199.90,656.16,0.8420,-1,-1,-1
532,89,1009.30,444.71,104.74,275.40,0.8285,-1,-1,-1
532,92,787.99,435.94,118.36,251.84,0.8368,-1,-1,-1
532,119,788.00,435.94,118.35,251.84,0.8368,-1,-1,-1
532,101,1009.33,444.71,104.73,275.41,0.8285,-1,-1,-1
532,126,1588.91,413.17,162.78,605.20,0.6641,-1,-1,-1
532,127,1099.36,448.22,68.77,229.26,0.4875,-1,-1,-1
532,133,571.41,448.43,32.81,87.88,0.5179,-1,-1,-1
532,74,923.76,404.91,73.10,298.82,0.7670,-1,-1,-1
532,137,664.70,452.15,43.48,116.94,0.6996,-1,-1,-1
532,140,717.03,450.95,28.39,88.92,0.3592,-1,-1,-1
532,141,1588.08,413.31,160.75,604.23,0.6641,-1,-1,-1
533,3,1665.55,365.34,255.98,693.65,0.8514,-1,-1,-1
533,112,1456.48,411.53,208.26,655.84,0.8839,-1,-1,-1
533,117,1457.18,410.45,209.28,656.48,0.5123,-1,-1,-1
533,89,1006.50,445.31,112.14,274.05,0.7791,-1,-1,-1
533,92,792.27,436.68,115.62,250.78,0.8402,-1,-1,-1
533,119,792.27,436.68,115.61,250.78,0.8402,-1,-1,-1
533,101,1006.53,445.31,112.13,274.05,0.7791,-1,-1,-1
533,126,1594.52,409.48,168.63,617.60,0.5345,-1,-1,-1
533,127,1099.91,445.30,67.47,232.91,0.6655,-1,-1,-1
533,133,571.97,447.14,33.53,89.42,0.4063,-1,-1,-1
533,74,924.34,404.57,78.10,298.08,0.7959,-1,-1,-1
533,137,663.47,451.81,41.67,118.15,0.6844,-1,-1,-1
533,140,718.15,452.75,26.20,86.98,0.4028,-1,-1,-1
533,141,1594.01,409.13,167.52,617.01,0.5345,-1,-1,-1
534,3,1706.10,364.75,215.41,653.98,0.6855,-1,-1,-1
534,112,1456.99,410.88,212.02,656.66,0.9039,-1,-1,-1
534,117,1457.29,410.48,212.41,656.90,0.9039,-1,-1,-1
534,89,1007.73,448.89,118.31,271.94,0.7935,-1,-1,-1
534,92,798.36,437.11,116.96,249.19,0.8359,-1,-1,-1
534,119,798.36,437.11,116.96,249.19,0.8359,-1,-1,-1
534,101,1007.76,448.89,118.30,271.95,0.7935,-1,-1,-1
534,126,1597.51,410.32,177.71,617.35,0.3349,-1,-1,-1
534,127,1098.19,443.83,71.72,235.23,0.6315,-1,-1,-1
534,133,573.64,447.11,35.36,89.93,0.4253,-1,-1,-1
534,74,924.54,405.63,82.66,298.61,0.8009,-1,-1,-1
534,137,662.49,451.30,41.00,118.11,0.7365,-1,-1,-1
534,140,717.58,452.80,26.13,87.03,0.4345,-1,-1,-1
535,3,1714.12,366.96,207.01,688.79,0.6383,-1,-1,-1
535,112,1458.21,412.49,215.51,655.75,0.8323,-1,-1,-1
535,117,1458.32,412.34,215.66,655.84,0.8323,-1,-1,-1
535,89,1007.85,443.43,125.21,279.37,0.7814,-1,-1,-1
535,92,798.33,437.97,122.44,248.12,0.8327,-1,-1,-1
535,119,798.34,437.97,122.43,248.12,0.8327,-1,-1,-1
535,101,1007.87,443.43,125.21,279.37,0.7814,-1,-1,-1
535,126,1603.64,411.40,185.99,616.55,0.8498,-1,-1,-1
535,127,1099.81,440.88,73.81,237.39,0.4773,-1,-1,-1
535,133,574.22,445.67,36.08,91.42,0.4820,-1,-1,-1
535,74,923.54,422.85,89.36,281.95,0.7865,-1,-1,-1
535,137,660.96,450.79,41.85,118.72,0.7599,-1,-1,-1
535,140,716.43,452.29,26.58,87.44,0.4411,-1,-1,-1
536,3,1737.28,367.02,183.56,703.10,0.8684,-1,-1,-1
536,112,1458.11,413.43,218.18,654.31,0.8917,-1,-1,-1
536,117,1458.15,413.38,218.24,654.34,0.8917,-1,-1,-1
536,89,1007.41,447.42,132.17,276.07,0.7878,-1,-1,-1
536,92,800.64,437.19,121.14,248.10,0.8064,-1,-1,-1
536,119,800.64,437.19,121.14,248.10,0.8064,-1,-1,-1
536,101,1007.43,447.42,132.17,276.07,0.7878,-1,-1,-1
536,126,1606.54,410.88,191.03,622.18,0.4230,-1,-1,-1
536,127,1105.70,438.32,70.84,238.27,0.3851,-1,-1,-1
536,133,574.97,448.85,34.93,88.66,0.3807,-1,-1,-1
536,74,919.83,429.29,96.80,275.52,0.7719,-1,-1,-1
536,137,659.93,450.91,42.10,118.29,0.6794,-1,-1,-1
536,140,713.99,450.58,28.32,89.19,0.3984,-1,-1,-1
537,3,1757.24,368.71,163.33,708.04,0.8646,-1,-1,-1
537,112,1459.95,414.02,229.21,651.81,0.8584,-1,-1,-1
537,117,1459.97,414.01,229.23,651.81,0.8584,-1,-1,-1
537,89,1007.53,454.25,135.87,269.46,0.7516,-1,-1,-1
537,92,803.31,437.17,119.07,248.35,0.8257,-1,-1,-1
537,119,803.31,437.17,119.07,248.35,0.8257,-1,-1,-1
537,101,1007.55,454.24,135.86,269.46,0.7516,-1,-1,-1
537,126,1611.50,408.50,181.76,617.49,0.2110,-1,-1,-1
537,127,1108.54,446.07,66.72,229.95,0.4457,-1,-1,-1
537,133,576.60,453.93,32.74,83.30,0.3050,-1,-1,-1
537,74,918.91,435.90,100.54,268.54,0.7755,-1,-1,-1
537,137,658.67,451.12,42.90,117.74,0.7285,-1,-1,-1
537,140,711.29,449.94,30.45,89.94,0.4232,-1,-1,-1
538,3,1768.09,369.52,151.65,711.05,0.8557,-1,-1,-1
538,112,1461.13,413.65,231.24,651.86,0.8710,-1,-1,-1
538,117,1461.14,413.65,231.25,651.86,0.8710,-1,-1,-1
538,89,1011.13,449.28,132.06,273.57,0.7766,-1,-1,-1
538,92,803.96,436.09,118.65,247.97,0.8266,-1,-1,-1
538,119,803.97,436.09,118.65,247.97,0.8266,-1,-1,-1
538,101,1011.14,449.28,132.05,273.57,0.7766,-1,-1,-1
538,126,1615.01,411.47,178.61,610.89,0.2681,-1,-1,-1
538,127,1109.13,444.68,64.30,233.05,0.5651,-1,-1,-1
538,133,577.07,455.99,32.76,81.23,0.3484,-1,-1,-1
538,74,917.97,430.47,103.47,274.75,0.7787,-1,-1,-1
538,137,656.87,452.06,44.45,116.85,0.7013,-1,-1,-1
538,140,709.65,449.55,32.34,89.82,0.4736,-1,-1,-1
539,3,1775.48,382.15,143.80,697.22,0.8002,-1,-1,-1
539,112,1463.10,413.14,233.26,652.82,0.8760,-1,-1,-1
539,117,1463.10,413.15,233.26,652.82,0.8760,-1,-1,-1
539,89,1012.74,442.23,130.92,280.37,0.7675,-1,-1,-1
539,92,806.76,435.17,116.49,249.94,0.8180,-1,-1,-1
539,119,806.76,435.17,116.49,249.94,0.8180,-1,-1,-1
539,101,1012.75,442.23,130.92,280.37,0.7675,-1,-1,-1
539,126,1623.32,405.32,190.19,627.33,0.3534,-1,-1,-1
539,127,1113.09,438.97,67.48,238.75,0.2667,-1,-1,-1
539,133,576.93,456.50,33.20,80.68,0.3565,-1,-1,-1
539,74,918.59,425.37,104.55,280.25,0.7754,-1,-1,-1
539,137,654.98,453.18,44.54,115.83,0.6980,-1,-1,-1
539,140,710.55,449.67,30.78,90.01,0.3833,-1,-1,-1
540,3,1780.73,402.08,138.20,674.58,0.8279,-1,-1,-1
540,112,1466.64,413.95,232.39,653.40,0.8674,-1,-1,-1
540,117,1466.64,413.96,232.39,653.39,0.8674,-1,-1,-1
540,89,1018.93,440.67,127.05,283.34,0.6504,-1,-1,-1
540,92,812.28,434.45,111.65,249.50,0.7990,-1,-1,-1
540,119,812.28,434.45,111.64,249.50,0.7990,-1,-1,-1
540,101,1018.94,440.67,127.05,283.34,0.6504,-1,-1,-1
540,126,1631.78,405.85,193.87,622.64,0.5300,-1,-1,-1
540,127,1110.07,437.24,61.41,242.19,0.3033,-1,-1,-1
540,133,575.60,456.42,34.62,80.91,0.3881,-1,-1,-1
540,74,919.52,425.77,107.10,280.76,0.7607,-1,-1,-1
540,137,653.30,454.34,42.25,113.97,0.7372,-1,-1,-1
540,140,710.48,449.50,29.22,90.25,0.4879,-1,-1,-1
541,3,1786.72,394.10,132.46,682.64,0.8397,-1,-1,-1
541,112,1471.21,412.27,235.46,657.93,0.8499,-1,-1,-1
541,117,1471.21,412.27,235.46,657.93,0.8499,-1,-1,-1
541,89,1022.09,437.51,124.67,287.27,0.6395,-1,-1,-1
541,92,814.92,433.60,111.62,250.96,0.7769,-1,-1,-1
541,119,814.92,433.60,111.62,250.96,0.7769,-1,-1,-1
541,101,1022.10,437.51,124.67,287.27,0.6395,-1,-1,-1
541,126,1639.54,405.55,192.81,620.88,0.7676,-1,-1,-1
541,127,1108.64,436.57,58.99,245.18,0.1636,-1,-1,-1
541,133,575.47,456.72,34.22,80.94,0.3704,-1,-1,-1
541,74,920.76,421.41,116.21,285.49,0.7230,-1,-1,-1
541,137,652.76,455.37,41.49,113.32,0.6620,-1,-1,-1
541,140,710.92,449.71,28.90,91.69,0.5258,-1,-1,-1
542,3,1796.50,390.85,122.62,685.02,0.7717,-1,-1,-1
542,112,1476.48,410.80,254.60,659.28,0.8363,-1,-1,-1
542,117,1476.48,410.80,254.59,659.28,0.8363,-1,-1,-1
542,89,1026.67,435.48,121.23,288.06,0.5782,-1,-1,-1
542,92,819.67,435.54,109.43,249.26,0.7703,-1,-1,-1
542,119,819.67,435.54,109.42,249.26,0.7703,-1,-1,-1
542,101,1026.68,435.48,121.23,288.06,0.5782,-1,-1,-1
542,126,1642.94,404.02,194.47,617.85,0.5054,-1,-1,-1
542,127,1112.04,443.02,66.04,235.35,0.2069,-1,-1,-1
542,133,575.60,457.41,34.71,80.39,0.4039,-1,-1,-1
542,74,921.51,416.44,118.24,291.70,0.7553,-1,-1,-1
542,137,652.89,456.01,41.41,113.63,0.6839,-1,-1,-1
542,140,711.00,449.92,29.05,93.62,0.5219,-1,-1,-1
543,3,1805.93,387.60,113.20,687.51,0.6508,-1,-1,-1
543,112,1483.87,410.07,265.75,658.33,0.7297,-1,-1,-1
543,117,1483.87,410.08,265.74,658.32,0.7297,-1,-1,-1
543,89,1036.39,436.61,113.03,285.57,0.4311,-1,-1,-1
543,92,825.08,434.72,105.45,249.52,0.7432,-1,-1,-1
543,119,825.08,434.72,105.45,249.52,0.7432,-1,-1,-1
543,101,1057.50,433.27,97.56,280.04,0.4623,-1,-1,-1
543,126,1647.33,402.51,194.65,623.12,0.3116,-1,-1,-1
543,127,1115.24,440.28,67.75,237.22,0.1880,-1,-1,-1
543,133,575.91,456.81,34.14,80.89,0.4338,-1,-1,-1
543,74,920.57,422.68,119.45,283.77,0.7525,-1,-1,-1
543,137,653.30,456.48,41.39,113.72,0.7154,-1,-1,-1
543,140,710.47,449.89,29.82,94.08,0.5188,-1,-1,-1
544,3,1811.22,387.07,108.05,687.57,0.5762,-1,-1,-1
544,112,1495.89,409.39,286.51,658.48,0.2753,-1,-1,-1
544,117,1495.31,408.19,315.92,657.68,0.6115,-1,-1,-1
544,89,1050.29,432.57,104.50,284.57,0.3540,-1,-1,-1
544,92,833.83,435.73,97.76,247.83,0.7586,-1,-1,-1
544,119,833.83,435.73,97.76,247.83,0.7586,-1,-1,-1
544,101,1057.36,431.31,99.27,282.52,0.3540,-1,-1,-1
544,126,1654.11,405.09,184.97,607.33,0.2054,-1,-1,-1
544,127,1121.62,439.71,66.12,239.09,0.2955,-1,-1,-1
544,133,575.96,456.03,34.16,81.95,0.4979,-1,-1,-1
544,74,919.90,433.38,125.26,272.07,0.7410,-1,-1,-1
544,137,653.14,456.18,41.72,113.70,0.7368,-1,-1,-1
544,140,710.32,449.41,30.07,93.78,0.4982,-1,-1,-1
545,3,1814.46,442.47,104.84,632.88,0.4167,-1,-1,-1
545,112,1512.20,407.70,309.90,658.49,0.5362,-1,-1,-1
545,117,1511.94,408.73,296.42,658.25,0.4965,-1,-1,-1
545,89,1065.63,434.45,96.80,282.51,0.4766,-1,-1,-1
545,92,844.35,435.44,90.69,246.44,0.7432,-1,-1,-1
545,119,844.35,435.44,90.69,246.44,0.7432,-1,-1,-1
545,101,1067.81,433.98,95.16,281.77,0.4766,-1,-1,-1
545,126,1659.86,409.49,179.31,599.64,0.3847,-1,-1,-1
545,133,576.60,454.39,34.19,83.72,0.3924,-1,-1,-1
545,74,922.55,435.33,128.79,270.81,0.6683,-1,-1,-1
545,137,653.00,454.45,43.61,114.33,0.7514,-1,-1,-1
545,140,709.94,448.82,31.92,94.72,0.5850,-1,-1,-1
546,3,1818.49,473.30,100.81,602.25,0.4611,-1,-1,-1
546,112,1529.66,406.07,309.82,658.20,0.5192,-1,-1,-1
546,117,1530.06,407.82,259.79,657.91,0.4826,-1,-1,-1
546,89,1077.19,435.93,83.81,277.71,0.4717,-1,-1,-1
546,92,859.53,433.67,78.85,246.84,0.7986,-1,-1,-1
546,119,859.53,433.67,78.85,246.83,0.7986,-1,-1,-1
546,101,1077.69,435.77,83.52,277.47,0.4717,-1,-1,-1
546,126,1663.09,408.64,180.68,601.78,0.2528,-1,-1,-1
546,133,576.83,451.83,33.75,85.52,0.3881,-1,-1,-1
546,74,927.48,435.95,126.12,269.06,0.7074,-1,-1,-1
546,137,652.85,454.55,43.46,113.33,0.7413,-1,-1,-1
546,140,711.17,448.94,31.59,95.47,0.5947,-1,-1,-1
546,127,1124.70,440.84,66.81,241.36,0.3601,-1,-1,-1
547,3,1822.45,489.98,96.73,587.68,0.6514,-1,-1,-1
547,112,1541.37,406.25,241.18,657.76,0.6901,-1,-1,-1
547,117,1541.79,406.91,219.28,657.66,0.6901,-1,-1,-1
547,89,1089.02,434.72,87.43,275.59,0.5342,-1,-1,-1
547,92,867.69,435.76,72.52,244.04,0.7410,-1,-1,-1
547,119,867.69,435.75,72.52,244.04,0.7410,-1,-1,-1
547,101,1088.97,434.67,87.40,275.54,0.5342,-1,-1,-1
547,126,1664.79,405.64,186.20,610.00,0.6695,-1,-1,-1
547,133,576.70,451.55,33.91,85.68,0.4169,-1,-1,-1
547,74,932.56,433.63,123.67,271.85,0.6719,-1,-1,-1
547,137,652.56,454.57,42.26,112.27,0.7359,-1,-1,-1
547,140,711.53,449.14,30.70,95.13,0.5420,-1,-1,-1
547,144,583.80,458.66,31.37,78.18,0.4173,-1,-1,-1
548,3,1828.89,469.07,90.00,607.30,0.5438,-1,-1,-1
548,112,1547.56,407.18,205.82,661.66,0.7855,-1,-1,-1
548,117,1547.70,407.42,198.98,661.62,0.7855,-1,-1,-1
548,89,1090.75,433.05,93.64,279.06,0.5458,-1,-1,-1
548,92,871.09,435.88,71.30,241.88,0.6472,-1,-1,-1
548,119,871.09,435.88,71.30,241.88,0.6472,-1,-1,-1
548,101,1090.59,433.06,93.69,279.06,0.5458,-1,-1,-1
548,126,1666.07,406.72,193.29,611.13,0.7017,-1,-1,-1
548,133,577.09,452.54,34.17,84.16,0.4240,-1,-1,-1
548,74,934.67,432.15,121.29,273.51,0.3371,-1,-1,-1
548,137,652.08,454.75,39.22,110.15,0.7225,-1,-1,-1
548,140,712.58,449.06,29.42,95.19,0.5145,-1,-1,-1
548,144,583.39,459.16,32.20,77.80,0.5163,-1,-1,-1
549,3,1834.90,576.54,84.20,502.75,0.2263,-1,-1,-1
549,112,1550.48,407.22,197.09,659.85,0.8182,-1,-1,-1
549,117,1550.58,407.30,195.00,659.85,0.8182,-1,-1,-1
549,89,1077.44,435.80,110.54,279.83,0.4222,-1,-1,-1
549,92,876.43,434.34,71.16,244.45,0.4837,-1,-1,-1
549,119,876.44,434.34,71.16,244.45,0.4837,-1,-1,-1
549,101,1077.31,435.82,110.57,279.86,0.4222,-1,-1,-1
549,126,1674.79,406.47,193.80,613.33,0.7438,-1,-1,-1
549,133,577.51,451.19,33.93,85.56,0.3467,-1,-1,-1
549,74,942.96,426.96,114.06,277.02,0.6416,-1,-1,-1
549,137,650.75,454.97,39.09,108.88,0.7628,-1,-1,-1
549,140,713.10,448.78,29.76,95.41,0.5931,-1,-1,-1
549,144,583.91,458.55,31.96,78.88,0.4378,-1,-1,-1
549,146,545.49,448.07,31.92,86.78,0.4181,-1,-1,-1
550,112,1554.60,407.53,195.04,657.48,0.8300,-1,-1,-1
550,117,1554.64,407.56,194.44,657.49,0.8300,-1,-1,-1
550,89,1080.57,434.94,110.47,283.75,0.5130,-1,-1,-1
550,92,879.06,435.74,74.06,244.22,0.7723,-1,-1,-1
550,119,879.06,435.74,74.06,244.22,0.7723,-1,-1,-1
550,101,1080.41,434.96,110.54,283.78,0.5130,-1,-1,-1
550,126,1683.29,405.29,194.45,616.86,0.7999,-1,-1,-1
550,133,578.46,452.00,32.69,84.59,0.3212,-1,-1,-1
550,74,953.23,420.88,109.51,281.44,0.7320,-1,-1,-1
550,137,650.87,455.28,38.41,108.34,0.7682,-1,-1,-1
550,140,713.45,449.11,31.05,95.97,0.5631,-1,-1,-1
550,144,584.04,459.26,31.77,77.91,0.4226,-1,-1,-1
550,146,546.20,449.40,31.33,85.18,0.3703,-1,-1,-1
551,112,1557.85,408.17,198.90,660.42,0.8235,-1,-1,-1
551,117,1557.88,408.17,198.78,660.42,0.8235,-1,-1,-1
551,89,1073.54,437.13,121.40,282.43,0.4864,-1,-1,-1
551,92,879.97,434.64,75.17,246.88,0.7951,-1,-1,-1
551,119,879.97,434.64,75.17,246.88,0.7951,-1,-1,-1
551,101,1073.41,437.15,121.45,282.46,0.4864,-1,-1,-1
551,126,1691.32,404.14,192.88,615.06,0.7725,-1,-1,-1
551,133,578.84,452.64,32.63,84.08,0.4026,-1,-1,-1
551,74,961.60,414.19,101.86,286.71,0.7201,-1,-1,-1
551,137,650.27,455.92,38.45,107.46,0.7409,-1,-1,-1
551,140,713.54,448.92,31.14,96.81,0.6051,-1,-1,-1
551,144,583.07,458.54,32.61,78.84,0.4556,-1,-1,-1
551,146,547.12,450.24,30.71,84.40,0.3925,-1,-1,-1
552,112,1560.71,408.04,205.98,665.33,0.9048,-1,-1,-1
552,117,1560.73,408.04,206.02,665.33,0.9048,-1,-1,-1
552,89,1072.00,437.29,128.10,282.43,0.4814,-1,-1,-1
552,92,884.63,433.10,75.11,250.08,0.7963,-1,-1,-1
552,119,884.63,433.10,75.11,250.08,0.7963,-1,-1,-1
552,101,1071.88,437.30,128.15,282.46,0.4814,-1,-1,-1
552,126,1697.60,404.26,190.85,613.44,0.8147,-1,-1,-1
552,133,578.49,451.85,33.00,84.99,0.3879,-1,-1,-1
552,74,972.60,415.46,89.76,283.48,0.6579,-1,-1,-1
552,137,649.04,456.06,40.28,107.76,0.7004,-1,-1,-1
552,140,713.90,448.65,31.60,97.11,0.6715,-1,-1,-1
552,144,582.59,456.87,32.65,80.99,0.4996,-1,-1,-1
552,146,548.21,440.98,31.60,94.40,0.3743,-1,-1,-1
553,112,1562.65,409.34,212.44,665.06,0.8623,-1,-1,-1
553,117,1562.67,409.33,212.51,665.06,0.8623,-1,-1,-1
553,89,1073.93,436.66,126.52,283.80,0.4882,-1,-1,-1
553,92,886.60,433.11,81.03,249.72,0.8137,-1,-1,-1
553,119,886.60,433.11,81.03,249.72,0.8137,-1,-1,-1
553,101,1073.82,436.68,126.58,283.83,0.4882,-1,-1,-1
553,126,1703.32,403.96,207.28,612.47,0.2316,-1,-1,-1
553,133,577.94,451.95,33.66,85.20,0.4216,-1,-1,-1
553,74,983.87,417.84,81.18,277.73,0.7497,-1,-1,-1
553,137,647.85,455.23,41.59,108.67,0.7132,-1,-1,-1
553,140,714.82,448.34,32.44,97.02,0.6458,-1,-1,-1
553,144,582.29,456.01,32.99,81.60,0.4300,-1,-1,-1
553,146,548.95,438.89,31.86,97.32,0.3993,-1,-1,-1
554,112,1561.90,410.36,255.55,662.63,0.6941,-1,-1,-1
554,117,1561.93,410.35,255.50,662.63,0.6941,-1,-1,-1
554,89,1108.81,436.95,96.97,266.71,0.4020,-1,-1,-1
554,92,887.98,432.30,85.49,250.55,0.8101,-1,-1,-1
554,119,887.98,432.30,85.49,250.55,0.8101,-1,-1,-1
554,101,1071.32,436.04,132.07,285.28,0.4623,-1,-1,-1
554,126,1706.50,403.17,212.16,613.37,0.1786,-1,-1,-1
554,133,578.24,449.38,33.33,87.75,0.4281,-1,-1,-1
554,74,987.07,413.75,83.30,285.82,0.7166,-1,-1,-1
554,137,645.66,454.32,42.92,108.83,0.6634,-1,-1,-1
554,140,714.68,448.17,32.59,96.44,0.6978,-1,-1,-1
554,144,582.99,453.61,32.13,84.13,0.4806,-1,-1,-1
554,146,548.54,437.68,32.41,98.83,0.4439,-1,-1,-1
555,112,1562.04,409.71,256.66,663.03,0.7053,-1,-1,-1
555,117,1562.08,409.70,256.65,663.04,0.7053,-1,-1,-1
555,89,1083.68,436.62,123.32,279.06,0.5146,-1,-1,-1
555,92,888.41,432.31,86.96,250.56,0.7956,-1,-1,-1
555,119,888.41,432.31,86.96,250.56,0.7956,-1,-1,-1
555,101,1072.33,436.30,134.08,285.71,0.5146,-1,-1,-1
555,126,1710.82,402.34,210.99,616.93,0.2994,-1,-1,-1
555,133,578.24,447.20,33.10,89.92,0.4044,-1,-1,-1
555,74,992.68,411.17,81.99,288.32,0.6880,-1,-1,-1
555,137,644.59,455.47,42.48,107.72,0.6904,-1,-1,-1
555,140,714.32,447.80,32.79,96.45,0.7084,-1,-1,-1
555,144,583.38,451.52,31.89,86.74,0.6471,-1,-1,-1
555,146,548.19,436.68,33.06,100.05,0.4492,-1,-1,-1
556,112,1561.54,407.60,263.49,662.81,0.6758,-1,-1,-1
556,117,1561.58,407.59,263.48,662.82,0.6758,-1,-1,-1
556,89,1085.45,438.33,125.17,280.43,0.2581,-1,-1,-1
556,92,888.11,433.36,88.48,249.62,0.8414,-1,-1,-1
556,119,888.11,433.36,88.48,249.62,0.8414,-1,-1,-1
556,126,1716.27,400.76,206.34,621.75,0.1736,-1,-1,-1
556,133,578.46,445.85,32.33,90.99,0.3421,-1,-1,-1
556,74,998.01,411.17,85.09,288.37,0.7552,-1,-1,-1
556,137,643.43,456.13,42.46,107.98,0.7134,-1,-1,-1
556,140,714.22,448.20,33.30,96.91,0.7007,-1,-1,-1
556,144,584.12,450.71,31.18,87.85,0.6639,-1,-1,-1
556,146,548.35,436.26,33.44,100.52,0.4125,-1,-1,-1
557,112,1561.00,407.52,260.65,662.36,0.7832,-1,-1,-1
557,117,1561.04,407.51,260.66,662.36,0.7832,-1,-1,-1
557,89,1087.81,439.31,123.58,282.75,0.7395,-1,-1,-1
557,92,890.31,434.81,89.24,248.81,0.8324,-1,-1,-1
557,119,890.31,434.81,89.24,248.81,0.8324,-1,-1,-1
557,126,1726.68,399.98,196.21,624.15,0.3043,-1,-1,-1
557,133,578.18,446.00,33.24,91.40,0.3963,-1,-1,-1
557,74,993.80,419.93,92.09,277.34,0.6941,-1,-1,-1
557,137,643.01,456.76,41.93,108.06,0.7318,-1,-1,-1
557,140,713.49,448.33,34.66,98.27,0.7208,-1,-1,-1
557,144,583.78,450.89,31.86,87.67,0.6169,-1,-1,-1
557,146,547.58,435.44,34.44,102.74,0.4279,-1,-1,-1
558,112,1560.59,406.06,287.05,665.02,0.8711,-1,-1,-1
558,117,1560.63,406.05,287.03,665.03,0.8711,-1,-1,-1
558,89,1091.13,438.53,120.13,284.86,0.8114,-1,-1,-1
558,92,890.97,435.30,89.36,248.47,0.8196,-1,-1,-1
558,119,890.97,435.30,89.36,248.47,0.8196,-1,-1,-1
558,126,1737.53,404.20,184.16,431.26,0.3681,-1,-1,-1
558,133,578.91,446.61,32.72,90.86,0.3103,-1,-1,-1
558,74,987.01,430.54,102.82,266.38,0.7370,-1,-1,-1
558,137,643.13,459.22,40.90,105.07,0.6882,-1,-1,-1
558,140,712.37,447.59,36.46,99.61,0.7278,-1,-1,-1
558,144,583.99,452.20,31.93,86.44,0.6637,-1,-1,-1
558,146,546.31,440.68,35.12,96.44,0.5805,-1,-1,-1
559,112,1560.53,405.31,294.91,665.90,0.8670,-1,-1,-1
559,117,1560.57,405.31,294.90,665.91,0.8670,-1,-1,-1
559,89,1092.19,435.79,121.25,287.11,0.8048,-1,-1,-1
559,92,891.17,436.80,90.85,247.05,0.8173,-1,-1,-1
559,119,891.17,436.80,90.85,247.05,0.8173,-1,-1,-1
559,126,1743.88,405.74,177.93,351.89,0.2438,-1,-1,-1
559,133,579.04,447.70,32.17,89.54,0.3781,-1,-1,-1
559,74,988.75,431.22,105.68,266.03,0.6773,-1,-1,-1
559,137,643.68,460.91,39.90,102.75,0.6740,-1,-1,-1
559,140,712.10,447.16,37.18,99.60,0.7378,-1,-1,-1
559,144,584.31,453.34,31.84,85.10,0.6592,-1,-1,-1
559,146,545.65,443.05,34.90,93.76,0.6093,-1,-1,-1
560,112,1562.08,403.06,304.92,668.16,0.9023,-1,-1,-1
560,117,1562.12,403.06,304.91,668.16,0.9023,-1,-1,-1
560,89,1096.33,435.82,119.22,286.64,0.7471,-1,-1,-1
560,92,890.80,435.57,93.12,247.39,0.8198,-1,-1,-1
560,119,890.80,435.57,93.12,247.39,0.8198,-1,-1,-1
560,126,1751.59,405.38,170.20,332.37,0.3949,-1,-1,-1
560,133,579.21,447.80,32.01,89.42,0.2723,-1,-1,-1
560,74,996.98,424.38,109.33,271.05,0.7373,-1,-1,-1
560,137,643.83,460.11,37.86,102.48,0.7081,-1,-1,-1
560,140,713.00,447.57,36.31,98.95,0.7432,-1,-1,-1
560,144,584.72,454.09,31.58,84.18,0.6015,-1,-1,-1
560,146,546.61,445.47,33.73,91.32,0.5693,-1,-1,-1
561,112,1566.36,403.04,295.48,667.73,0.8067,-1,-1,-1
561,117,1566.39,403.03,295.48,667.73,0.8067,-1,-1,-1
561,89,1101.00,438.18,114.56,281.88,0.7427,-1,-1,-1
561,92,899.87,435.65,88.93,246.65,0.7513,-1,-1,-1
561,119,899.88,435.65,88.93,246.65,0.7513,-1,-1,-1
561,126,1746.83,399.09,174.72,483.27,0.3640,-1,-1,-1
561,133,578.20,446.48,31.67,90.45,0.2596,-1,-1,-1
561,74,1001.16,425.16,112.64,270.10,0.7542,-1,-1,-1
561,137,643.26,458.01,36.39,104.36,0.6822,-1,-1,-1
561,140,712.61,448.32,37.15,98.90,0.7260,-1,-1,-1
561,144,585.05,453.20,31.98,84.59,0.5384,-1,-1,-1
561,146,547.70,444.05,32.46,92.43,0.4986,-1,-1,-1
562,112,1570.88,401.91,302.75,668.71,0.8612,-1,-1,-1
562,117,1570.91,401.91,302.74,668.71,0.8612,-1,-1,-1
562,89,1105.79,438.31,112.90,280.21,0.7881,-1,-1,-1
562,92,908.51,435.40,84.58,245.64,0.7766,-1,-1,-1
562,119,908.51,435.40,84.58,245.64,0.7766,-1,-1,-1
562,126,1757.96,397.30,163.48,539.25,0.2579,-1,-1,-1
562,133,577.77,445.20,31.65,91.91,0.2271,-1,-1,-1
562,74,1003.08,420.00,113.47,275.19,0.7429,-1,-1,-1
562,137,643.26,457.88,35.83,104.17,0.6418,-1,-1,-1
562,140,713.24,448.77,36.76,98.20,0.6749,-1,-1,-1
562,144,584.95,452.53,32.39,85.85,0.5591,-1,-1,-1
562,146,548.16,439.57,33.50,98.56,0.4047,-1,-1,-1
563,112,1575.02,401.75,314.66,668.10,0.8631,-1,-1,-1
563,117,1575.04,401.74,314.65,668.10,0.8631,-1,-1,-1
563,89,1110.13,439.64,110.63,276.11,0.7567,-1,-1,-1
563,92,912.08,434.99,83.89,247.31,0.7855,-1,-1,-1
563,119,912.08,434.99,83.89,247.31,0.7855,-1,-1,-1
563,126,1767.97,397.51,152.95,513.37,0.2220,-1,-1,-1
563,133,577.78,445.18,33.12,91.71,0.1676,-1,-1,-1
563,74,1003.12,419.00,116.62,276.36,0.7413,-1,-1,-1
563,137,642.57,457.60,34.72,104.03,0.6616,-1,-1,-1
563,140,714.61,449.01,37.19,97.94,0.6275,-1,-1,-1
563,144,584.85,452.88,33.23,85.53,0.4948,-1,-1,-1
563,146,547.74,438.78,35.22,98.85,0.4103,-1,-1,-1
564,112,1581.02,400.07,326.11,669.87,0.1683,-1,-1,-1
564,117,1580.81,400.45,326.87,668.75,0.8579,-1,-1,-1
564,89,1112.89,435.80,111.82,277.41,0.7511,-1,-1,-1
564,92,914.97,432.99,83.79,248.14,0.6868,-1,-1,-1
564,119,914.97,432.99,83.79,248.14,0.6868,-1,-1,-1
564,126,1782.57,397.19,137.88,487.12,0.4496,-1,-1,-1
564,133,582.52,451.48,33.06,85.46,0.4275,-1,-1,-1
564,74,1005.66,425.09,115.78,268.93,0.7165,-1,-1,-1
564,137,642.42,456.59,34.93,105.31,0.6055,-1,-1,-1
564,140,715.39,448.72,36.64,98.20,0.6014,-1,-1,-1
564,144,585.02,454.17,33.13,83.32,0.4275,-1,-1,-1
564,146,547.82,439.11,36.00,98.49,0.3587,-1,-1,-1
565,112,1589.36,400.66,304.18,668.93,0.7493,-1,-1,-1
565,117,1589.28,400.80,304.50,668.51,0.7493,-1,-1,-1
565,89,1116.38,433.48,111.49,278.63,0.7035,-1,-1,-1
565,92,920.17,433.55,80.87,244.43,0.7261,-1,-1,-1
565,119,920.17,433.55,80.87,244.43,0.7261,-1,-1,-1
565,126,1783.75,395.08,136.34,605.43,0.7515,-1,-1,-1
565,133,584.46,455.00,33.04,82.04,0.4265,-1,-1,-1
565,74,1005.13,430.69,118.82,263.90,0.6833,-1,-1,-1
565,137,642.41,456.20,35.27,105.45,0.6585,-1,-1,-1
565,140,715.40,448.54,36.87,97.91,0.6241,-1,-1,-1
565,144,585.18,455.71,33.09,81.51,0.4265,-1,-1,-1
565,146,547.79,439.31,35.77,98.45,0.4027,-1,-1,-1
566,112,1602.45,399.81,302.73,671.02,0.8271,-1,-1,-1
566,117,1602.43,399.86,302.85,670.86,0.8271,-1,-1,-1
566,89,1120.70,437.57,110.18,277.15,0.5648,-1,-1,-1
566,92,926.77,433.29,84.85,240.58,0.6813,-1,-1,-1
566,119,926.77,433.29,84.85,240.58,0.6813,-1,-1,-1
566,126,1790.24,397.22,129.65,628.98,0.3394,-1,-1,-1
566,133,585.20,456.26,33.23,81.30,0.4522,-1,-1,-1
566,74,1005.97,432.30,119.72,263.49,0.7373,-1,-1,-1
566,137,641.90,454.58,35.42,107.39,0.6512,-1,-1,-1
566,140,716.59,448.84,36.46,97.44,0.6424,-1,-1,-1
566,144,585.25,456.30,33.27,81.30,0.4522,-1,-1,-1
566,146,547.75,439.19,35.66,98.39,0.3592,-1,-1,-1
567,112,1621.95,398.88,291.06,671.74,0.8927,-1,-1,-1
567,117,1621.96,398.89,291.10,671.69,0.8927,-1,-1,-1
567,89,1122.89,433.67,110.98,280.37,0.6836,-1,-1,-1
567,92,931.74,431.65,85.07,240.10,0.6639,-1,-1,-1
567,119,931.74,431.65,85.07,240.10,0.6639,-1,-1,-1
567,126,1793.10,401.93,126.62,621.50,0.5682,-1,-1,-1
567,133,585.53,456.76,33.43,80.50,0.4765,-1,-1,-1
567,74,1006.12,436.72,122.74,260.39,0.7712,-1,-1,-1
567,137,641.70,454.00,34.40,107.94,0.5998,-1,-1,-1
567,140,717.60,448.29,36.22,98.30,0.6160,-1,-1,-1
567,144,585.35,456.58,33.47,80.68,0.4765,-1,-1,-1
567,146,548.10,438.78,35.20,98.88,0.3952,-1,-1,-1
568,112,1642.68,399.69,271.61,671.44,0.8865,-1,-1,-1
568,117,1642.69,399.69,271.62,671.42,0.8865,-1,-1,-1
568,89,1127.38,432.71,108.83,279.90,0.7092,-1,-1,-1
568,92,941.25,431.55,78.70,240.94,0.6648,-1,-1,-1
568,119,941.25,431.55,78.70,240.94,0.6648,-1,-1,-1
568,126,1803.46,408.79,116.08,638.36,0.2783,-1,-1,-1
568,133,586.18,457.01,33.07,81.88,0.5125,-1,-1,-1
568,74,1005.16,430.92,134.46,268.44,0.7667,-1,-1,-1
568,137,641.49,455.25,32.72,106.12,0.6162,-1,-1,-1
568,140,718.31,447.68,36.71,99.43,0.6122,-1,-1,-1
568,144,585.94,456.77,33.10,82.09,0.5125,-1,-1,-1
568,146,547.51,437.17,36.25,101.34,0.4265,-1,-1,-1
569,112,1655.90,400.38,245.44,672.41,0.8851,-1,-1,-1
569,117,1655.91,400.38,245.44,672.41,0.8851,-1,-1,-1
569,89,1131.47,432.69,112.11,278.54,0.6221,-1,-1,-1
569,92,945.18,433.98,77.13,238.37,0.7558,-1,-1,-1
569,119,945.18,433.98,77.13,238.37,0.7558,-1,-1,-1
569,126,1809.64,412.11,109.88,632.25,0.1595,-1,-1,-1
569,133,586.48,456.70,32.93,83.23,0.5578,-1,-1,-1
569,74,1006.39,432.38,137.95,267.90,0.7925,-1,-1,-1
569,137,641.22,455.46,33.43,105.46,0.6943,-1,-1,-1
569,140,718.50,447.56,37.14,99.93,0.6149,-1,-1,-1
569,144,586.24,456.46,32.96,83.43,0.5578,-1,-1,-1
569,146,547.80,437.42,36.27,101.92,0.3962,-1,-1,-1
570,112,1662.56,401.78,238.53,670.43,0.8550,-1,-1,-1
570,117,1662.57,401.78,238.53,670.44,0.8550,-1,-1,-1
570,89,1136.20,432.91,118.34,280.87,0.7512,-1,-1,-1
570,92,946.45,434.61,79.33,238.57,0.7486,-1,-1,-1
570,119,946.45,434.61,79.33,238.57,0.7486,-1,-1,-1
570,126,1809.36,415.63,109.97,528.09,0.2681,-1,-1,-1
570,133,586.75,456.44,32.57,83.79,0.5582,-1,-1,-1
570,74,1006.63,434.18,138.31,267.25,0.7770,-1,-1,-1
570,137,639.70,455.23,32.78,105.28,0.6767,-1,-1,-1
570,140,717.71,446.29,38.27,101.91,0.6912,-1,-1,-1
570,144,586.53,456.22,32.60,83.98,0.5582,-1,-1,-1
570,146,548.04,437.71,36.34,102.53,0.3876,-1,-1,-1
571,112,1667.97,401.09,247.29,671.82,0.8908,-1,-1,-1
571,117,1667.97,401.09,247.29,671.83,0.8908,-1,-1,-1
571,89,1142.72,431.10,126.83,282.84,0.6785,-1,-1,-1
571,92,948.23,435.24,80.23,240.06,0.7321,-1,-1,-1
571,119,948.23,435.24,80.23,240.06,0.7321,-1,-1,-1
571,126,1816.63,413.74,102.61,486.32,0.2400,-1,-1,-1
571,133,587.03,456.19,32.33,84.66,0.5429,-1,-1,-1
571,74,1009.61,428.51,134.63,271.87,0.7620,-1,-1,-1
571,137,638.93,456.24,33.38,104.43,0.6357,-1,-1,-1
571,140,716.82,444.38,39.91,103.46,0.7461,-1,-1,-1
571,144,586.83,455.99,32.35,84.83,0.5429,-1,-1,-1
571,146,549.34,446.69,34.95,92.57,0.4352,-1,-1,-1
571,148,1111.58,431.98,49.71,144.49,0.4030,-1,-1,-1
572,112,1673.13,401.88,246.97,670.40,0.8933,-1,-1,-1
572,117,1673.14,401.88,246.97,670.40,0.8933,-1,-1,-1
572,89,1146.37,431.03,131.31,284.18,0.8261,-1,-1,-1
572,92,948.99,435.62,81.35,239.65,0.7270,-1,-1,-1
572,119,948.99,435.62,81.35,239.65,0.7270,-1,-1,-1
572,126,1822.52,421.50,96.79,453.11,0.2937,-1,-1,-1
572,133,587.17,452.61,32.56,88.25,0.5345,-1,-1,-1
572,74,1012.01,431.13,131.26,269.56,0.7564,-1,-1,-1
572,137,637.47,456.46,33.59,103.69,0.6904,-1,-1,-1
572,140,716.71,443.05,40.81,105.58,0.7915,-1,-1,-1
572,144,586.99,452.44,32.58,88.39,0.5345,-1,-1,-1
572,146,548.54,440.14,37.01,100.45,0.4274,-1,-1,-1
572,148,1111.45,433.91,46.53,143.24,0.5089,-1,-1,-1
573,112,1676.71,401.99,244.89,669.21,0.9136,-1,-1,-1
573,117,1676.72,401.98,244.89,669.22,0.9136,-1,-1,-1
573,89,1150.25,433.79,136.22,281.55,0.7875,-1,-1,-1
573,92,946.50,434.86,90.22,241.49,0.6914,-1,-1,-1
573,119,946.50,434.86,90.22,241.49,0.6914,-1,-1,-1
573,126,1829.61,424.78,89.84,321.19,0.3536,-1,-1,-1
573,133,586.40,453.19,32.15,87.69,0.5325,-1,-1,-1
573,74,1015.25,430.91,127.19,267.19,0.6738,-1,-1,-1
573,137,636.71,456.59,33.56,102.87,0.7465,-1,-1,-1
573,140,717.16,443.61,41.02,105.43,0.7207,-1,-1,-1
573,144,586.24,453.03,32.17,87.82,0.5325,-1,-1,-1
573,146,549.85,448.51,34.59,91.59,0.4016,-1,-1,-1
573,148,1111.43,430.88,44.19,145.85,0.5320,-1,-1,-1
574,112,1678.20,399.91,243.77,672.96,0.9129,-1,-1,-1
574,117,1678.21,399.91,243.77,672.97,0.9129,-1,-1,-1
574,89,1151.77,435.84,139.98,279.78,0.7973,-1,-1,-1
574,92,951.11,435.03,99.94,247.12,0.6975,-1,-1,-1
574,119,951.11,435.03,99.94,247.12,0.6975,-1,-1,-1
574,126,1838.48,427.89,80.95,266.18,0.2797,-1,-1,-1
574,133,585.81,454.10,32.64,87.22,0.3446,-1,-1,-1
574,74,1026.88,431.48,115.51,265.12,0.5976,-1,-1,-1
574,137,636.22,457.04,33.10,101.60,0.7269,-1,-1,-1
574,140,717.75,443.28,40.46,106.71,0.5501,-1,-1,-1
574,144,585.67,453.96,32.66,87.35,0.3446,-1,-1,-1
574,146,550.11,445.60,35.86,94.92,0.2687,-1,-1,-1
574,148,1112.00,430.45,44.39,145.69,0.4616,-1,-1,-1
574,149,670.86,454.37,31.83,104.07,0.3402,-1,-1,-1
575,112,1678.84,398.95,243.09,674.64,0.9113,-1,-1,-1
575,117,1678.84,398.95,243.09,674.65,0.9113,-1,-1,-1
575,89,1153.63,437.76,140.76,278.43,0.7665,-1,-1,-1
575,92,954.75,435.37,101.97,246.48,0.6491,-1,-1,-1
575,119,954.75,435.37,101.97,246.48,0.6491,-1,-1,-1
575,126,1847.70,429.95,71.73,245.89,0.3028,-1,-1,-1
575,133,585.58,453.74,32.82,87.56,0.4443,-1,-1,-1
575,74,1032.97,428.02,109.34,268.28,0.5902,-1,-1,-1
575,137,635.59,456.12,33.03,102.47,0.7541,-1,-1,-1
575,140,717.71,443.37,40.43,106.81,0.6618,-1,-1,-1
575,144,585.45,453.62,32.83,87.67,0.4443,-1,-1,-1
575,146,550.57,443.23,36.16,96.98,0.3101,-1,-1,-1
575,148,1113.29,427.97,43.73,148.00,0.3004,-1,-1,-1
575,149,670.69,454.67,32.04,104.00,0.3763,-1,-1,-1
576,112,1677.76,398.76,243.88,675.00,0.9056,-1,-1,-1
576,117,1677.76,398.75,243.88,675.00,0.9056,-1,-1,-1
576,89,1156.49,438.15,140.01,277.57,0.7620,-1,-1,-1
576,92,955.62,435.41,107.55,246.26,0.6552,-1,-1,-1
576,119,955.62,435.41,107.55,246.26,0.6552,-1,-1,-1
576,126,1856.75,430.30,62.58,227.12,0.2866,-1,-1,-1
576,133,586.11,454.08,32.25,87.22,0.4426,-1,-1,-1
576,74,1038.36,427.61,104.21,268.23,0.6696,-1,-1,-1
576,137,635.00,455.46,32.90,102.58,0.6944,-1,-1,-1
576,140,718.29,444.18,39.84,106.67,0.6813,-1,-1,-1
576,144,586.00,453.97,32.26,87.31,0.4426,-1,-1,-1
576,146,551.13,442.26,35.14,97.08,0.2598,-1,-1,-1
576,148,1114.51,425.55,41.96,150.52,0.1850,-1,-1,-1
576,149,669.87,455.51,32.62,102.95,0.3157,-1,-1,-1
577,112,1676.73,399.32,244.61,674.76,0.9100,-1,-1,-1
577,117,1676.73,399.32,244.61,674.76,0.9100,-1,-1,-1
577,89,1156.01,437.32,141.05,278.55,0.7774,-1,-1,-1
577,92,957.22,435.55,111.03,245.48,0.6946,-1,-1,-1
577,119,957.22,435.55,111.03,245.48,0.6946,-1,-1,-1
577,133,585.95,452.64,32.40,88.88,0.4158,-1,-1,-1
577,74,1045.64,427.67,96.30,266.97,0.7121,-1,-1,-1
577,137,633.82,453.13,34.83,105.46,0.7231,-1,-1,-1
577,140,718.64,445.23,39.20,106.20,0.6643,-1,-1,-1
577,144,585.86,452.54,32.41,88.96,0.4158,-1,-1,-1
577,146,550.60,440.68,36.52,98.91,0.2662,-1,-1,-1
577,149,669.23,453.55,32.66,104.07,0.2953,-1,-1,-1
578,112,1674.86,399.02,246.16,675.78,0.9055,-1,-1,-1
578,117,1674.86,399.02,246.16,675.79,0.9055,-1,-1,-1
578,89,1157.17,436.09,137.14,278.98,0.7535,-1,-1,-1
578,92,958.17,439.45,102.42,235.94,0.7286,-1,-1,-1
578,119,958.17,439.45,102.42,235.94,0.7286,-1,-1,-1
578,133,585.62,450.54,32.64,91.27,0.4212,-1,-1,-1
578,74,1049.30,429.49,92.64,263.42,0.6573,-1,-1,-1
578,137,633.61,450.63,33.99,107.51,0.8312,-1,-1,-1
578,140,718.30,445.30,40.05,106.35,0.7608,-1,-1,-1
578,144,585.53,450.45,32.65,91.35,0.4212,-1,-1,-1
578,146,550.31,441.48,37.09,97.95,0.2348,-1,-1,-1
578,149,669.51,452.09,32.27,104.89,0.3448,-1,-1,-1
579,112,1674.35,400.15,246.56,675.17,0.8987,-1,-1,-1
579,117,1674.35,400.14,246.56,675.17,0.8987,-1,-1,-1
579,89,1158.38,436.95,132.74,276.76,0.6390,-1,-1,-1
579,92,959.22,440.50,101.26,232.14,0.8165,-1,-1,-1
579,119,959.22,440.50,101.26,232.14,0.8165,-1,-1,-1
579,133,585.13,448.57,33.54,93.48,0.3574,-1,-1,-1
579,74,1055.05,430.47,87.48,264.88,0.7016,-1,-1,-1
579,137,633.22,449.00,33.62,108.99,0.7973,-1,-1,-1
579,140,718.74,445.64,39.79,105.92,0.7217,-1,-1,-1
579,144,585.05,448.49,33.55,93.55,0.3574,-1,-1,-1
579,146,548.49,438.26,39.41,100.79,0.2717,-1,-1,-1
579,149,669.44,451.20,31.79,105.45,0.3967,-1,-1,-1
580,112,1674.90,401.28,245.88,674.85,0.9072,-1,-1,-1
580,117,1674.90,401.27,245.88,674.86,0.9072,-1,-1,-1
580,89,1158.52,440.73,133.70,273.45,0.7344,-1,-1,-1
580,92,959.41,438.07,101.36,235.04,0.8327,-1,-1,-1
580,119,959.41,438.07,101.36,235.04,0.8327,-1,-1,-1
580,133,585.07,447.97,33.44,93.50,0.3902,-1,-1,-1
580,74,1055.42,435.07,88.55,261.64,0.7649,-1,-1,-1
580,137,631.87,449.37,36.60,108.53,0.7655,-1,-1,-1
580,140,719.29,445.49,39.28,106.53,0.6619,-1,-1,-1
580,144,585.00,447.90,33.45,93.56,0.3902,-1,-1,-1
580,146,548.07,438.42,39.86,100.49,0.3037,-1,-1,-1
580,149,669.44,451.29,31.84,104.51,0.3486,-1,-1,-1
581,112,1673.55,402.90,247.08,673.54,0.9074,-1,-1,-1
581,117,1673.55,402.89,247.08,673.54,0.9074,-1,-1,-1
581,89,1160.43,440.40,133.65,274.03,0.6798,-1,-1,-1
581,92,959.14,436.04,102.48,236.41,0.8372,-1,-1,-1
581,119,959.14,436.04,102.48,236.41,0.8372,-1,-1,-1
581,133,585.28,447.09,33.15,94.64,0.4627,-1,-1,-1
581,74,1057.46,438.46,91.77,259.87,0.8135,-1,-1,-1
581,137,631.57,452.88,37.48,104.93,0.7301,-1,-1,-1
581,140,719.89,445.74,38.15,105.88,0.5426,-1,-1,-1
581,144,585.22,447.03,33.16,94.69,0.4627,-1,-1,-1
581,146,547.25,435.70,41.22,103.49,0.3306,-1,-1,-1
581,149,669.56,452.17,31.54,103.58,0.2554,-1,-1,-1
582,112,1673.30,403.39,247.26,674.09,0.9087,-1,-1,-1
582,117,1673.31,403.39,247.26,674.09,0.9087,-1,-1,-1
582,89,1182.32,439.60,114.67,274.32,0.7761,-1,-1,-1
582,92,957.75,436.34,109.20,235.86,0.8105,-1,-1,-1
582,119,957.75,436.34,109.20,235.86,0.8105,-1,-1,-1
582,133,585.26,446.48,33.02,95.17,0.4930,-1,-1,-1
582,74,1064.24,436.65,88.70,261.85,0.7631,-1,-1,-1
582,137,632.16,453.80,35.91,103.53,0.6703,-1,-1,-1
582,140,720.36,446.02,37.32,105.34,0.4847,-1,-1,-1
582,144,585.21,446.43,33.02,95.22,0.4930,-1,-1,-1
582,146,546.72,435.41,41.00,103.41,0.3396,-1,-1,-1
582,149,668.74,452.23,29.91,104.45,0.3203,-1,-1,-1
583,112,1673.24,400.67,247.21,677.06,0.9073,-1,-1,-1
583,117,1673.24,400.67,247.21,677.06,0.9073,-1,-1,-1
583,89,1193.55,440.15,106.20,273.48,0.8051,-1,-1,-1
583,92,962.15,436.79,108.43,235.03,0.7781,-1,-1,-1
583,119,962.15,436.79,108.43,235.03,0.7781,-1,-1,-1
583,133,585.14,447.41,33.06,94.24,0.5316,-1,-1,-1
583,74,1074.74,433.18,80.58,263.57,0.7668,-1,-1,-1
583,137,631.98,454.49,35.64,102.64,0.6007,-1,-1,-1
583,140,720.71,445.73,37.36,105.98,0.4983,-1,-1,-1
583,144,585.10,447.36,33.06,94.28,0.5316,-1,-1,-1
583,146,548.11,437.49,38.93,101.04,0.3479,-1,-1,-1
583,149,669.07,452.33,30.30,105.50,0.3624,-1,-1,-1
583,151,722.70,446.94,37.73,104.03,0.4530,-1,-1,-1
584,112,1674.29,396.17,246.13,681.07,0.9063,-1,-1,-1
584,117,1674.29,396.17,246.13,681.07,0.9063,-1,-1,-1
584,89,1200.01,440.99,100.33,271.05,0.7811,-1,-1,-1
584,92,966.08,437.55,106.70,235.39,0.7844,-1,-1,-1
584,119,966.08,437.55,106.70,235.39,0.7844,-1,-1,-1
584,133,585.53,447.45,32.74,94.42,0.5483,-1,-1,-1
584,74,1081.96,433.65,75.39,262.26,0.7249,-1,-1,-1
584,137,631.52,455.11,35.51,102.09,0.5384,-1,-1,-1
584,140,720.87,445.49,37.15,105.94,0.5326,-1,-1,-1
584,144,585.49,447.41,32.75,94.45,0.5483,-1,-1,-1
584,146,549.97,439.48,36.61,99.05,0.3238,-1,-1,-1
584,149,668.55,451.70,30.11,106.12,0.3733,-1,-1,-1
584,151,722.92,446.07,37.11,105.37,0.3634,-1,-1,-1
585,112,1675.82,394.86,244.63,681.97,0.8926,-1,-1,-1
585,117,1675.82,394.86,244.63,681.97,0.8926,-1,-1,-1
585,89,1204.38,441.07,100.09,269.06,0.8010,-1,-1,-1
585,92,968.89,436.56,105.56,235.96,0.7977,-1,-1,-1
585,119,968.89,436.56,105.56,235.96,0.7977,-1,-1,-1
585,133,585.97,447.68,32.70,93.61,0.5307,-1,-1,-1
585,74,1086.22,436.80,72.65,258.37,0.7130,-1,-1,-1
585,137,631.92,456.29,34.25,100.96,0.4176,-1,-1,-1
585,140,723.62,445.28,35.76,105.90,0.6262,-1,-1,-1
585,144,585.93,447.65,32.70,93.64,0.5307,-1,-1,-1
585,146,550.18,439.65,36.94,98.70,0.3100,-1,-1,-1
585,149,668.36,451.88,31.05,105.25,0.3350,-1,-1,-1
585,151,724.45,445.31,35.50,105.84,0.6262,-1,-1,-1
586,112,1678.98,393.27,241.50,682.67,0.8943,-1,-1,-1
586,117,1678.98,393.27,241.50,682.68,0.8943,-1,-1,-1
586,89,1208.80,440.13,102.41,268.48,0.8177,-1,-1,-1
586,92,975.98,440.51,100.92,233.57,0.8172,-1,-1,-1
586,119,975.98,440.51,100.92,233.57,0.8172,-1,-1,-1
586,133,585.63,445.32,33.89,96.32,0.5153,-1,-1,-1
586,74,1087.83,435.64,72.65,260.82,0.7335,-1,-1,-1
586,137,631.34,457.29,34.54,100.05,0.3981,-1,-1,-1
586,140,725.41,444.72,35.38,106.08,0.6930,-1,-1,-1
586,144,585.60,445.28,33.89,96.35,0.5153,-1,-1,-1
586,146,549.61,442.45,36.09,95.37,0.4280,-1,-1,-1
586,149,668.80,452.11,31.01,104.57,0.3608,-1,-1,-1
586,151,725.75,444.56,35.19,106.17,0.6930,-1,-1,-1
587,112,1682.65,390.40,237.70,684.97,0.4475,-1,-1,-1
587,117,1682.65,390.40,237.70,684.97,0.4475,-1,-1,-1
587,89,1213.70,437.45,100.24,271.59,0.6167,-1,-1,-1
587,92,981.10,443.69,97.24,228.15,0.7903,-1,-1,-1
587,119,981.10,443.69,97.24,228.15,0.7903,-1,-1,-1
587,133,585.33,444.63,34.15,96.75,0.4492,-1,-1,-1
587,74,1087.82,429.89,75.18,267.23,0.7308,-1,-1,-1
587,137,626.51,453.52,36.82,103.59,0.4327,-1,-1,-1
587,140,725.86,444.20,35.64,106.72,0.6998,-1,-1,-1
587,144,585.31,444.60,34.16,96.77,0.4492,-1,-1,-1
587,146,550.00,442.82,35.13,95.20,0.5012,-1,-1,-1
587,149,667.63,451.22,31.18,104.87,0.3863,-1,-1,-1
587,151,725.91,444.00,35.55,106.88,0.6998,-1,-1,-1
588,112,1689.74,387.56,230.35,685.89,0.8864,-1,-1,-1
588,117,1689.75,387.56,230.35,685.89,0.8864,-1,-1,-1
588,89,1215.76,435.93,101.74,274.90,0.8384,-1,-1,-1
588,92,987.18,446.05,91.96,223.60,0.7761,-1,-1,-1
588,119,987.18,446.05,91.96,223.60,0.7761,-1,-1,-1
588,133,584.96,445.69,34.33,96.37,0.4751,-1,-1,-1
588,74,1088.81,422.55,81.35,274.22,0.7651,-1,-1,-1
588,137,625.04,453.28,36.38,103.63,0.5321,-1,-1,-1
588,140,725.94,444.25,35.60,106.95,0.7045,-1,-1,-1
588,144,584.94,445.66,34.33,96.39,0.4751,-1,-1,-1
588,146,551.08,445.76,34.08,92.79,0.4953,-1,-1,-1
588,149,666.13,451.19,31.63,106.22,0.3760,-1,-1,-1
588,151,725.89,444.08,35.54,107.10,0.7045,-1,-1,-1
589,112,1698.72,387.94,221.15,683.36,0.7699,-1,-1,-1
589,117,1698.72,387.94,221.15,683.36,0.7699,-1,-1,-1
589,89,1217.61,435.82,101.81,274.82,0.8433,-1,-1,-1
589,92,995.38,446.53,85.50,222.52,0.7921,-1,-1,-1
589,119,995.38,446.53,85.50,222.52,0.7921,-1,-1,-1
589,133,584.43,446.58,35.14,96.99,0.4433,-1,-1,-1
589,74,1090.81,421.00,86.95,275.36,0.7512,-1,-1,-1
589,137,624.32,452.22,36.26,105.01,0.6338,-1,-1,-1
589,140,725.64,443.62,35.87,107.93,0.6797,-1,-1,-1
589,144,584.40,446.56,35.14,97.01,0.4433,-1,-1,-1
589,146,551.22,446.21,34.31,93.26,0.5069,-1,-1,-1
589,149,664.07,450.72,32.77,108.04,0.5137,-1,-1,-1
589,151,725.56,443.45,35.84,108.10,0.6797,-1,-1,-1
590,112,1710.55,397.70,209.19,673.61,0.7245,-1,-1,-1
590,117,1710.55,397.70,209.19,673.61,0.7245,-1,-1,-1
590,89,1220.15,434.53,101.99,276.26,0.8470,-1,-1,-1
590,92,1005.04,446.75,79.26,221.38,0.8169,-1,-1,-1
590,119,1005.04,446.75,79.26,221.38,0.8169,-1,-1,-1
590,133,585.12,447.76,34.08,96.84,0.4160,-1,-1,-1
590,74,1091.27,428.45,90.90,267.44,0.7194,-1,-1,-1
590,137,623.89,450.83,35.83,106.40,0.6218,-1,-1,-1
590,140,726.16,444.18,35.25,107.44,0.6677,-1,-1,-1
590,144,585.10,447.74,34.08,96.86,0.4160,-1,-1,-1
590,146,551.23,446.59,35.05,93.20,0.4703,-1,-1,-1
590,149,662.84,451.52,33.85,107.98,0.4767,-1,-1,-1
590,151,726.09,444.07,35.21,107.56,0.6677,-1,-1,-1
591,112,1731.14,457.35,188.54,614.60,0.6016,-1,-1,-1
591,117,1731.14,457.35,188.54,614.60,0.6016,-1,-1,-1
591,89,1222.93,434.62,104.01,276.19,0.8360,-1,-1,-1
591,92,1011.00,444.24,78.09,222.80,0.7859,-1,-1,-1
591,119,1011.00,444.24,78.09,222.80,0.7859,-1,-1,-1
591,133,585.05,449.22,33.77,95.76,0.3818,-1,-1,-1
591,74,1091.02,420.02,97.09,276.14,0.7770,-1,-1,-1
591,137,623.81,449.82,34.99,107.13,0.6730,-1,-1,-1
591,140,726.97,444.57,34.37,107.17,0.6992,-1,-1,-1
591,144,585.04,449.20,33.78,95.78,0.3818,-1,-1,-1
591,146,551.07,447.49,34.80,91.62,0.3404,-1,-1,-1
591,149,662.18,451.87,35.19,108.15,0.5598,-1,-1,-1
591,151,726.92,444.48,34.32,107.26,0.6992,-1,-1,-1
592,112,1754.70,487.60,164.86,584.40,0.6490,-1,-1,-1
592,117,1754.70,487.60,164.86,584.40,0.6490,-1,-1,-1
592,89,1226.40,436.52,107.95,274.59,0.7314,-1,-1,-1
592,92,1013.33,443.50,77.32,221.62,0.8066,-1,-1,-1
592,119,1013.33,443.50,77.32,221.62,0.8066,-1,-1,-1
592,133,584.83,450.06,34.54,95.37,0.3544,-1,-1,-1
592,74,1090.89,416.47,103.23,278.98,0.7772,-1,-1,-1
592,137,623.97,449.08,35.25,108.03,0.6310,-1,-1,-1
592,140,727.35,445.55,34.12,106.28,0.6776,-1,-1,-1
592,144,584.82,450.04,34.54,95.38,0.3544,-1,-1,-1
592,146,550.80,451.33,34.66,87.08,0.1949,-1,-1,-1
592,149,661.75,451.93,36.24,108.57,0.6018,-1,-1,-1
592,151,727.31,445.49,34.08,106.33,0.6776,-1,-1,-1
593,112,1777.26,500.84,142.33,571.96,0.2917,-1,-1,-1
593,117,1777.42,501.49,142.10,571.89,0.2087,-1,-1,-1
593,89,1231.47,438.15,109.40,275.09,0.8362,-1,-1,-1
593,92,1016.01,440.06,78.22,225.11,0.7681,-1,-1,-1
593,119,1016.01,440.06,78.22,225.11,0.7681,-1,-1,-1
593,74,1092.15,414.64,103.61,281.23,0.7904,-1,-1,-1
593,137,623.60,448.92,35.83,108.02,0.6247,-1,-1,-1
593,140,727.17,446.18,34.96,105.68,0.6446,-1,-1,-1
593,146,550.08,453.50,34.71,84.45,0.2813,-1,-1,-1
593,149,660.73,452.02,37.23,108.54,0.5782,-1,-1,-1
593,151,727.12,446.14,34.95,105.72,0.6446,-1,-1,-1
594,117,1811.67,494.96,108.13,580.84,0.2275,-1,-1,-1
594,89,1235.25,439.79,111.36,273.89,0.8524,-1,-1,-1
594,92,1021.75,436.87,75.52,228.14,0.7868,-1,-1,-1
594,119,1021.75,436.87,75.52,228.14,0.7868,-1,-1,-1
594,74,1092.27,412.31,103.14,283.82,0.7620,-1,-1,-1
594,137,623.39,448.22,36.00,107.71,0.6239,-1,-1,-1
594,140,727.45,446.03,35.28,105.81,0.6076,-1,-1,-1
594,146,550.03,452.05,34.29,86.09,0.3960,-1,-1,-1
594,149,659.65,451.47,37.66,109.62,0.5595,-1,-1,-1
594,151,727.41,446.00,35.27,105.85,0.6076,-1,-1,-1
594,127,1189.61,434.83,72.04,242.56,0.5119,-1,-1,-1
595,89,1240.06,438.13,110.79,275.42,0.8684,-1,-1,-1
595,92,1023.88,436.37,74.79,227.90,0.8246,-1,-1,-1
595,119,1023.88,436.37,74.79,227.90,0.8246,-1,-1,-1
595,74,1094.28,412.65,101.56,283.56,0.4746,-1,-1,-1
595,137,623.40,448.96,36.53,106.39,0.6796,-1,-1,-1
595,140,727.61,446.48,34.97,105.06,0.6427,-1,-1,-1
595,146,550.17,455.05,34.38,83.47,0.3231,-1,-1,-1
595,149,659.79,451.86,37.74,109.47,0.4798,-1,-1,-1
595,151,727.57,446.45,34.96,105.09,0.6427,-1,-1,-1
595,127,1188.58,434.56,72.66,244.08,0.5419,-1,-1,-1
596,89,1243.25,436.29,110.98,277.44,0.8631,-1,-1,-1
596,92,1025.17,440.28,75.24,223.64,0.8413,-1,-1,-1
596,119,1025.17,440.28,75.24,223.64,0.8413,-1,-1,-1
596,74,1096.35,418.74,99.79,276.57,0.7770,-1,-1,-1
596,137,623.84,450.11,36.57,104.30,0.6813,-1,-1,-1
596,140,727.51,446.25,35.16,105.23,0.6782,-1,-1,-1
596,146,550.25,455.80,33.61,82.96,0.3292,-1,-1,-1
596,149,660.26,452.69,38.09,108.59,0.4685,-1,-1,-1
596,151,727.47,446.23,35.15,105.25,0.6782,-1,-1,-1
596,127,1188.75,433.78,75.37,246.15,0.5998,-1,-1,-1
597,89,1245.65,437.28,110.57,276.46,0.8669,-1,-1,-1
597,92,1026.49,442.03,75.02,222.70,0.8577,-1,-1,-1
597,119,1026.49,442.03,75.02,222.70,0.8577,-1,-1,-1
597,74,1098.34,421.02,96.43,273.53,0.3714,-1,-1,-1
597,137,624.62,451.11,35.17,103.54,0.5797,-1,-1,-1
597,140,727.05,445.70,35.91,106.69,0.7234,-1,-1,-1
597,146,550.49,455.88,33.52,83.11,0.3571,-1,-1,-1
597,149,659.66,453.40,38.36,108.18,0.4185,-1,-1,-1
597,151,727.01,445.67,35.91,106.72,0.7234,-1,-1,-1
597,127,1187.43,453.23,79.13,227.00,0.5050,-1,-1,-1
597,157,374.89,470.43,48.20,106.29,0.4356,-1,-1,-1
598,89,1249.04,437.39,109.03,276.21,0.8525,-1,-1,-1
598,92,1026.52,442.09,77.53,223.48,0.8580,-1,-1,-1
598,119,1026.52,442.09,77.53,223.48,0.8580,-1,-1,-1
598,74,1100.26,423.57,95.95,273.53,0.7785,-1,-1,-1
598,137,625.66,451.50,33.25,103.35,0.5291,-1,-1,-1
598,140,726.77,445.97,36.78,107.52,0.6904,-1,-1,-1
598,146,550.56,453.47,33.03,85.17,0.4093,-1,-1,-1
598,149,658.64,453.80,38.54,107.98,0.4307,-1,-1,-1
598,151,726.74,445.95,36.78,107.55,0.6904,-1,-1,-1
598,127,1188.25,445.15,79.89,236.83,0.5906,-1,-1,-1
598,157,375.81,469.70,47.62,106.92,0.4599,-1,-1,-1
598,133,583.44,450.16,35.18,93.11,0.3565,-1,-1,-1
599,89,1252.61,437.61,106.96,275.09,0.7217,-1,-1,-1
599,92,1026.28,442.21,82.97,223.85,0.8542,-1,-1,-1
599,119,1026.28,442.21,82.97,223.85,0.8542,-1,-1,-1
599,74,1103.42,425.97,93.57,270.61,0.7858,-1,-1,-1
599,137,625.99,452.16,32.92,102.79,0.5181,-1,-1,-1
599,140,727.36,446.43,35.99,106.53,0.6738,-1,-1,-1
599,146,550.53,454.50,33.47,84.01,0.3135,-1,-1,-1
599,149,657.75,454.37,39.31,107.42,0.3952,-1,-1,-1
599,151,727.33,446.41,35.99,106.55,0.6738,-1,-1,-1
599,127,1186.98,440.28,83.04,242.57,0.7028,-1,-1,-1
599,157,376.45,469.04,47.19,108.49,0.4968,-1,-1,-1
599,133,583.81,451.03,34.76,91.89,0.3480,-1,-1,-1
600,89,1255.37,437.62,105.79,275.13,0.8470,-1,-1,-1
600,92,1027.19,441.79,85.98,223.01,0.8523,-1,-1,-1
600,119,1027.19,441.79,85.98,223.01,0.8523,-1,-1,-1
600,74,1108.43,426.63,90.01,268.23,0.8070,-1,-1,-1
600,137,626.21,453.28,32.66,102.40,0.5765,-1,-1,-1
600,140,727.10,445.02,35.82,107.97,0.7003,-1,-1,-1
600,146,550.59,455.18,34.51,83.85,0.3633,-1,-1,-1
600,149,657.60,455.40,38.58,106.40,0.3225,-1,-1,-1
600,151,727.07,445.00,35.82,107.99,0.7003,-1,-1,-1
600,127,1193.03,442.14,77.89,238.56,0.7443,-1,-1,-1
600,157,377.84,467.40,45.06,110.56,0.4581,-1,-1,-1
600,133,583.44,454.03,34.58,89.30,0.3442,-1,-1,-1
